Date_time,Tank1_Depth,CSO8_Depth,C14_Flow
01-Jan-2000 00:00:00,0.0003331900692500188,0.0,0.0
01-Jan-2000 00:05:00,0.0014124855466466032,0.0,0.00017275621846166863
01-Jan-2000 00:10:00,0.0033982308262935634,0.0,0.00014259570481510336
01-Jan-2000 00:15:00,0.005832083140455572,0.0,0.0003362113899493855
01-Jan-2000 00:20:00,0.00882575368146373,0.0,0.0006386745112714515
01-Jan-2000 00:25:00,0.01218333035080053,0.0,0.0010648594426735734
01-Jan-2000 00:30:00,0.015799268984218746,0.0,0.0016181356399564174
01-Jan-2000 00:35:00,0.019561333594232504,0.0,0.0022896566268440287
01-Jan-2000 00:40:00,0.023362443013359248,0.0,0.0030586298403994044
01-Jan-2000 00:45:00,0.02717604501026438,0.0,0.003907294131987847
01-Jan-2000 00:50:00,0.03106991669940803,0.0,0.0048351778319267215
01-Jan-2000 00:55:00,0.03503271426111204,0.0,0.0058545582877910325
01-Jan-2000 01:00:00,0.03878401233528209,0.0,0.006913035552114704
01-Jan-2000 01:05:00,0.042041931872092986,0.021718068136589944,0.007899910148212718
01-Jan-2000 01:10:00,0.044904896251251936,0.03769453508278192,0.008792528527773404
01-Jan-2000 01:15:00,0.04775036516438663,0.04972647516690158,0.00965489411836543
01-Jan-2000 01:20:00,0.05124323257721793,0.060516351744248326,0.01068186388091453
01-Jan-2000 01:25:00,0.05633463916864341,0.06501142785660402,0.012194637939423674
01-Jan-2000 01:30:00,0.06466828677764595,0.06752235087217132,0.014790028665857869
01-Jan-2000 01:35:00,0.07712344202402475,0.06553416541426274,0.0191287759021483
01-Jan-2000 01:40:00,0.09104049001899699,0.06848322830751664,0.024614761925357286
01-Jan-2000 01:45:00,0.10395633206981109,0.06738511388096756,0.02863628443137657
01-Jan-2000 01:50:00,0.1162941801126214,0.06401965528989484,0.03170624898807836
01-Jan-2000 01:55:00,0.12852438423812765,0.061137932813945445,0.034454423191693256
01-Jan-2000 02:00:00,0.14018263164624364,0.07136288302849118,0.036928194467511784
01-Jan-2000 02:05:00,0.15036673936804648,0.07663747889691605,0.03899618053693422
01-Jan-2000 02:10:00,0.15938200341453138,0.07376782928150875,0.040709889389081086
01-Jan-2000 02:15:00,0.16821059221313667,0.06980508083799875,0.04228074788278937
01-Jan-2000 02:20:00,0.17780409231720729,0.06644497445517737,0.0438769055010086
01-Jan-2000 02:25:00,0.19032074461452164,0.06344065205750302,0.045793602592947624
01-Jan-2000 02:30:00,0.20530955153022526,0.06068734227633586,0.04810767356053914
01-Jan-2000 02:35:00,0.22061847765306403,0.05817939406150398,0.050404262579185885
01-Jan-2000 02:40:00,0.23509049130636914,0.0558459244060746,0.05253952318244273
01-Jan-2000 02:45:00,0.24714653728944128,0.058479485719111386,0.054322336459295704
01-Jan-2000 02:50:00,0.25645800807569286,0.0579694329698734,0.055658431820980625
01-Jan-2000 02:55:00,0.26334208548449217,0.05541084671819429,0.056622843752718
01-Jan-2000 03:00:00,0.26883359086646164,0.05319133695791199,0.05735548382890242
01-Jan-2000 03:05:00,0.2745309724445003,0.05118596588167032,0.05807146335094535
01-Jan-2000 03:10:00,0.2803727151692338,0.04935617267479928,0.05881379158378885
01-Jan-2000 03:15:00,0.28629046862849405,0.05252423812056152,0.059543658328005934
01-Jan-2000 03:20:00,0.29229949083925144,0.052571401857674636,0.0602898572830657
01-Jan-2000 03:25:00,0.29838107040203415,0.0552407057438085,0.061018863991755004
01-Jan-2000 03:30:00,0.3054692832306637,0.054927382539708657,0.06184154828507176
01-Jan-2000 03:35:00,0.3129515156020446,0.058994383318006306,0.06273570651759107
01-Jan-2000 03:40:00,0.3194191996990804,0.058920380422362015,0.06352415456633388
01-Jan-2000 03:45:00,0.3252194050893763,0.060960016477979606,0.06420045089886163
01-Jan-2000 03:50:00,0.3308028916827427,0.06007502453983626,0.06484929736455597
01-Jan-2000 03:55:00,0.33633159394912815,0.05731783796897496,0.06546996401730353
01-Jan-2000 04:00:00,0.3421987726870323,0.054953100744102014,0.06611706089580814
01-Jan-2000 04:05:00,0.348782600117749,0.05281948402127835,0.06683725709025862
01-Jan-2000 04:10:00,0.3551049267491171,0.06065938469067384,0.06754730767343954
01-Jan-2000 04:15:00,0.3605427233203529,0.07433656459340453,0.06816015141318855
01-Jan-2000 04:20:00,0.36593504257006565,0.083437004898596,0.06872354995429772
01-Jan-2000 04:25:00,0.3749495546125989,0.0979057128968987,0.06956418239153404
01-Jan-2000 04:30:00,0.3904704163926876,0.10033056204804676,0.07104779553970936
01-Jan-2000 04:35:00,0.4122188326003351,0.09904773527055832,0.07314903672087472
01-Jan-2000 04:40:00,0.43920693739982786,0.09388678829821559,0.07573313078047533
01-Jan-2000 04:45:00,0.4684033948248817,0.08809033245633606,0.07851917612042864
01-Jan-2000 04:50:00,0.49689933670178243,0.08304423288917882,0.08118281950830333
01-Jan-2000 04:55:00,0.5226565949905795,0.07857192507157096,0.08356297990036424
01-Jan-2000 05:00:00,0.5443894945245094,0.07454453042849428,0.08552902459031865
01-Jan-2000 05:05:00,0.5632883033585305,0.07091923924727843,0.08719566081543768
01-Jan-2000 05:10:00,0.5791548168350069,0.06763742986542357,0.088583717461429
01-Jan-2000 05:15:00,0.5920217977342133,0.0645911181794457,0.08969982312529762
01-Jan-2000 05:20:00,0.6022362013903844,0.0712674283241845,0.09057928008911725
01-Jan-2000 05:25:00,0.6102110010157628,0.08188494899024464,0.09126222681564575
01-Jan-2000 05:30:00,0.6164576423062889,0.08048778556175286,0.09178799503805779
01-Jan-2000 05:35:00,0.6234974561164939,0.08333994946961555,0.09231812975785172
01-Jan-2000 05:40:00,0.6326458909267249,0.08109434289914867,0.09301469360018669
01-Jan-2000 05:45:00,0.6471990229817483,0.08717809932366785,0.09403244390419
01-Jan-2000 05:50:00,0.6721335153383182,0.09904036603327522,0.09580218418759229
01-Jan-2000 05:55:00,0.7059378286787817,0.10071796382357874,0.09825492081308801
01-Jan-2000 06:00:00,0.7496165171033841,0.11585664121481727,0.10131807198855598
01-Jan-2000 06:05:00,0.8020707650927368,0.11444352296447947,0.10499481530893007
01-Jan-2000 06:10:00,0.8549606105624363,0.11772756420853527,0.10868767555497483
01-Jan-2000 06:15:00,0.9029850547382435,0.11782121528902427,0.11198390989195854
01-Jan-2000 06:20:00,0.9453298423824664,0.12613486025916007,0.11481323751457842
01-Jan-2000 06:25:00,0.9864402813601416,0.13064238735926104,0.11748755566028916
01-Jan-2000 06:30:00,1.0202453230308481,0.12978589754780884,0.11963397813353192
01-Jan-2000 06:35:00,1.0484461229522875,0.12360080381410583,0.12139495591478484
01-Jan-2000 06:40:00,1.0756453563928554,0.11683425677167583,0.12309171511470891
01-Jan-2000 06:45:00,1.0975183972386684,0.11109923777220033,0.12446280899145248
01-Jan-2000 06:50:00,1.1143227021472317,0.1061440717886551,0.12551380381820956
01-Jan-2000 06:55:00,1.1267956054220336,0.10180023440371917,0.12629369675880786
01-Jan-2000 07:00:00,1.1359527203374014,0.09800209130109751,0.12685904217897556
01-Jan-2000 07:05:00,1.1433668320401718,0.09460962305457397,0.12731183971396337
01-Jan-2000 07:10:00,1.149068317292708,0.09161830442157719,0.12766500072458864
01-Jan-2000 07:15:00,1.1530729946775502,0.08896641242761286,0.12791403101054236
01-Jan-2000 07:20:00,1.1555773957045967,0.08657409989169466,0.12807361947199788
01-Jan-2000 07:25:00,1.1568193768043595,0.0844244153490601,0.12815772548942816
01-Jan-2000 07:30:00,1.1570228564993563,0.08250026043204324,0.12817966033545292
01-Jan-2000 07:35:00,1.1563827751020601,0.08076519257257905,0.12815102535017178
01-Jan-2000 07:40:00,1.1550634243930564,0.07918897864681512,0.1280815791600838
01-Jan-2000 07:45:00,1.1532023337960933,0.07775134388067911,0.12797946512735164
01-Jan-2000 07:50:00,1.1509135596879305,0.07643688383537632,0.12785142995031715
01-Jan-2000 07:55:00,1.1482919338754063,0.07524317313364058,0.12770307042244736
01-Jan-2000 08:00:00,1.1454165074187017,0.07415647442439406,0.1275390515266845
01-Jan-2000 08:05:00,1.1423531820810429,0.07316493419931061,0.12736326625474495
01-Jan-2000 08:10:00,1.1391575441164747,0.07225730691819932,0.12718206535664547
01-Jan-2000 08:15:00,1.1358821765082565,0.07142074708750541,0.12699251749793417
01-Jan-2000 08:20:00,1.1325635092878434,0.07065233228628237,0.12679970786838468
01-Jan-2000 08:25:00,1.1292283681249842,0.06994546962987502,0.12660534084793046
01-Jan-2000 08:30:00,1.125900650585888,0.06929415749030957,0.12641083935004296
01-Jan-2000 08:35:00,1.1226009825919585,0.06868212207885135,0.1262174511252582
01-Jan-2000 08:40:00,1.1193466069725717,0.06810960297200304,0.12602623056922505
01-Jan-2000 08:45:00,1.1161517380342687,0.0675794866988811,0.1258380563480906
01-Jan-2000 08:50:00,1.113027913784127,0.06708783965176023,0.12565365071061402
01-Jan-2000 08:55:00,1.109984341226843,0.06663118113946391,0.12547359853421217
01-Jan-2000 09:00:00,1.1071316738946255,0.06621264143141727,0.12530112655928322
01-Jan-2000 09:05:00,1.1049054175741908,0.06582978304879109,0.1251621592658982
01-Jan-2000 09:10:00,1.1031335516847423,0.0654635031289174,0.12505338733914834
01-Jan-2000 09:15:00,1.1015978211362547,0.065117177791626,0.12496042785283258
01-Jan-2000 09:20:00,1.1002008000414067,0.06479169496889498,0.12487639713052533
01-Jan-2000 09:25:00,1.0989045169914284,0.06448630496914039,0.12479857382896106
01-Jan-2000 09:30:00,1.097694835632883,0.06419976028635087,0.1247259422711793
01-Jan-2000 09:35:00,1.0965664969801021,0.06393072056177465,0.12465813089550105
01-Jan-2000 09:40:00,1.0955173360978163,0.06367789160411061,0.12459499638842514
01-Jan-2000 09:45:00,1.0945460955142308,0.0634400681808803,0.12453646565842151
01-Jan-2000 09:50:00,1.0936516349300358,0.06321228050368728,0.12448247794527677
01-Jan-2000 09:55:00,1.0928326715754895,0.06299651312001328,0.12443296524898718
01-Jan-2000 10:00:00,1.0922956844820197,0.06279295342528532,0.12439343618667974
01-Jan-2000 10:05:00,1.092901970504125,0.06260072547542478,0.12441541700136338
01-Jan-2000 10:10:00,1.0942934019310069,0.0624190804189445,0.12449121419448647
01-Jan-2000 10:15:00,1.0960238388507368,0.06224728205434956,0.1245910546213719
01-Jan-2000 10:20:00,1.097894391888949,0.062084653004214736,0.12470073827949733
01-Jan-2000 10:25:00,1.0998266955389369,0.06193057490389485,0.12481461286088705
01-Jan-2000 10:30:00,1.10179042281454,0.06178448137868416,0.12493048263464956
01-Jan-2000 10:35:00,1.1037741722013035,0.061645851893846915,0.12504751796009894
01-Jan-2000 10:40:00,1.1057736232209752,0.06151420689863965,0.1251654053957066
01-Jan-2000 10:45:00,1.1077870014373763,0.06138910384634146,0.125284018463061
01-Jan-2000 10:50:00,1.1098134083067945,0.06127013378941476,0.12540329564076144
01-Jan-2000 10:55:00,1.1118522716944284,0.061156918387354216,0.12552319837476608
01-Jan-2000 11:00:00,1.1141309465304694,0.06104909202888138,0.1256497939920798
01-Jan-2000 11:05:00,1.117535268875162,0.060946331805159897,0.12583657958351505
01-Jan-2000 11:10:00,1.121644555486275,0.06084836303502448,0.12607185620422703
01-Jan-2000 11:15:00,1.1260201823176943,0.060754901912681875,0.1263260386550452
01-Jan-2000 11:20:00,1.1304730170529225,0.06066568297562121,0.1265857287388646
01-Jan-2000 11:25:00,1.1349298762375952,0.06058046118930186,0.12684568934857318
01-Jan-2000 11:30:00,1.139364056651427,0.060499009648167706,0.12710400106460004
01-Jan-2000 11:35:00,1.1437665836922806,0.06042111745305433,0.1273629021497464
01-Jan-2000 11:40:00,1.148135045292926,0.060346588098811924,0.12761786888177123
01-Jan-2000 11:45:00,1.1524690054172106,0.06027523819892561,0.1278688747376756
01-Jan-2000 11:50:00,1.156768817421635,0.06020689641233887,0.12811741408342717
01-Jan-2000 11:55:00,1.161035081507178,0.06014140250186346,0.12836353450411095
01-Jan-2000 12:00:00,1.1655101952833482,0.060078597669862274,0.1286140595628219
01-Jan-2000 12:05:00,1.171097435478486,0.060018342460332205,0.12892321792847405
01-Jan-2000 12:10:00,1.1773500319559984,0.05996052073400223,0.12927643772482958
01-Jan-2000 12:15:00,1.183826830881767,0.059905006821262735,0.12964476387599086
01-Jan-2000 12:20:00,1.190341071602804,0.059851681825093365,0.13001546794040206
01-Jan-2000 12:25:00,1.1968221654313067,0.05980043522184517,0.1303837085594698
01-Jan-2000 12:30:00,1.203245635142435,0.05975116388819715,0.1307478071277222
01-Jan-2000 12:35:00,1.209604806649883,0.059703771188414016,0.1311073062072373
01-Jan-2000 12:40:00,1.2158983159554888,0.05965816631978,0.13146213468887794
01-Jan-2000 12:45:00,1.2221268181939935,0.059614263822049436,0.13181235297092106
01-Jan-2000 12:50:00,1.2282916934763048,0.05957198317755528,0.13215807048857414
01-Jan-2000 12:55:00,1.2343949096641194,0.059531248464508635,0.1324994216229095
01-Jan-2000 13:00:00,1.2401888196518371,0.05949149048608902,0.1328299532538165
01-Jan-2000 13:05:00,1.2447520953004605,0.05945255628078422,0.13309599288827526
01-Jan-2000 13:10:00,1.248547373877146,0.05941500465526437,0.13331170305260098
01-Jan-2000 13:15:00,1.2520275081228598,0.059378771244700916,0.13350652622770115
01-Jan-2000 13:20:00,1.2553852471966869,0.05934379738847784,0.13369300953505345
01-Jan-2000 13:25:00,1.2586949276155706,0.05931002779929658,0.1338760955301148
01-Jan-2000 13:30:00,1.2619839817694778,0.05927741002147635,0.13405761778952902
01-Jan-2000 13:35:00,1.265262290640409,0.059245894278115024,0.1342382425779004
01-Jan-2000 13:40:00,1.2685328342834572,0.059215433348181676,0.1344181818581417
01-Jan-2000 13:45:00,1.2717961897130667,0.05918598243440029,0.13459748501238764
01-Jan-2000 13:50:00,1.2750521081199235,0.059157499027795823,0.1347761460456339
01-Jan-2000 13:55:00,1.278300070078695,0.05912994277545428,0.13495414064644873
01-Jan-2000 14:00:00,1.281066410280502,0.059103282425759,0.13511857963153603
01-Jan-2000 14:05:00,1.281539095404684,0.059077481424211785,0.13516704995765064
01-Jan-2000 14:10:00,1.2805206403922005,0.05905249216700044,0.13512154949050031
01-Jan-2000 14:15:00,1.2789301185731692,0.059028283051778055,0.13503802021756084
01-Jan-2000 14:20:00,1.2771791803931314,0.059004825119284066,0.13494290212775922
01-Jan-2000 14:25:00,1.2754286905754957,0.05898208991457888,0.13484670078728467
01-Jan-2000 14:30:00,1.2737370029759065,0.05896004968564137,0.13475329270166406
01-Jan-2000 14:35:00,1.2721227488224294,0.05893867766570125,0.13466396522556331
01-Jan-2000 14:40:00,1.2705896379498791,0.05891794819908535,0.13457902627420654
01-Jan-2000 14:45:00,1.2691359663026756,0.05889783676378239,0.1344984246945312
01-Jan-2000 14:50:00,1.26775818979773,0.058878319945598064,0.1344219845048062
01-Jan-2000 14:55:00,1.2664522449595337,0.05885937539317894,0.1343494918739413
01-Jan-2000 15:00:00,1.2650042425478625,0.05884098432750245,0.13427509697826348
01-Jan-2000 15:05:00,1.2625279469587216,0.05882312640027625,0.13414940825859942
01-Jan-2000 15:10:00,1.2593579867999436,0.05880577738719007,0.13397942064815366
01-Jan-2000 15:15:00,1.255948646651506,0.05878891910146068,0.13379256503342504
01-Jan-2000 15:20:00,1.252510862928839,0.058772534607584484,0.1336024372245928
01-Jan-2000 15:25:00,1.2491273968568726,0.05875660739645751,0.13341450832983592
01-Jan-2000 15:30:00,1.2458271810021984,0.058741121433036614,0.13323075670877374
01-Jan-2000 15:35:00,1.2426178996973358,0.05872606124833239,0.13305176794974335
01-Jan-2000 15:40:00,1.2394991725332882,0.05871141197800017,0.13287759292904877
01-Jan-2000 15:45:00,1.2364677135731441,0.058697159363754116,0.13270806954156225
01-Jan-2000 15:50:00,1.2335193076697668,0.05868328973702373,0.1325432010667666
01-Jan-2000 15:55:00,1.2306495528882604,0.058669789995670074,0.13238255073552727
01-Jan-2000 16:00:00,1.2277552186631793,0.05865664693665402,0.1322230082460977
01-Jan-2000 16:05:00,1.2244034011213372,0.05863988344400708,0.13204057121341245
01-Jan-2000 16:10:00,1.2207421494245165,0.058621499435477835,0.13183764370547024
01-Jan-2000 16:15:00,1.2169920719990075,0.058605586828941465,0.13162768173966122
01-Jan-2000 16:20:00,1.2132574952120032,0.05859189212927678,0.13141752505775545
01-Jan-2000 16:25:00,1.2095790956272314,0.058579597933675356,0.13120992691112202
01-Jan-2000 16:30:00,1.205970377922337,0.05856813225576487,0.1310058509858362
01-Jan-2000 16:35:00,1.2024340386320775,0.058557186021353035,0.1308055401756531
01-Jan-2000 16:40:00,1.1989686441063387,0.05854660955858901,0.13060895914997156
01-Jan-2000 16:45:00,1.195571038563848,0.058536333395541394,0.13041595770867784
01-Jan-2000 16:50:00,1.1922377797170476,0.05852632454111563,0.13022635613914665
01-Jan-2000 16:55:00,1.1889655111382589,0.05851656554608055,0.13003997722574212
01-Jan-2000 17:00:00,1.1857510170202294,0.05850704531080789,0.12985665055612483
01-Jan-2000 17:05:00,1.1825912325588877,0.05849775530043626,0.12967621280711622
01-Jan-2000 17:10:00,1.1794832587002648,0.05848868806659708,0.12949850893111248
01-Jan-2000 17:15:00,1.1764243617902546,0.0584798366955559,0.1293233923327693
01-Jan-2000 17:20:00,1.1734119674854542,0.058471194609039746,0.12915072464803745
01-Jan-2000 17:25:00,1.1704436526759485,0.058462755492421005,0.12898037537659066
01-Jan-2000 17:30:00,1.1675170432671886,0.05845451326640753,0.12881221817142774
01-Jan-2000 17:35:00,1.1646298448146184,0.05844646207270921,0.1286461268527686
01-Jan-2000 17:40:00,1.1617800570732695,0.058438596263925224,0.12848199245163636
01-Jan-2000 17:45:00,1.158965800649581,0.05843091039473811,0.12831971306861667
01-Jan-2000 17:50:00,1.1561853069413366,0.05842339921357687,0.1281591926598824
01-Jan-2000 17:55:00,1.1534369118256609,0.05841605765465631,0.12800034071949656
01-Jan-2000 18:00:00,1.1507190497249489,0.010818336679125264,0.12784307197954153
01-Jan-2000 18:05:00,1.1480302069390904,0.008399119486312183,0.12768730520186242
01-Jan-2000 18:10:00,1.1453677666072142,0.008003405561851909,0.12753291916842582
01-Jan-2000 18:15:00,1.142724493103292,0.007888278407797931,0.12737956135151365
01-Jan-2000 18:20:00,1.1400881350916097,0.00781677224673002,0.1272280472929501
01-Jan-2000 18:25:00,1.1374452367254346,0.007752247473269646,0.12707576712228244
01-Jan-2000 18:30:00,1.1347845956221398,0.007689299432714861,0.12692125705042834
01-Jan-2000 18:35:00,1.132098419563262,0.007631421230689634,0.12676514755810767
01-Jan-2000 18:40:00,1.129381877295809,0.007717211609443893,0.12660711933394345
01-Jan-2000 18:45:00,1.1266324380447683,0.007840210832699741,0.12644699299584655
01-Jan-2000 18:50:00,1.1238492524445214,0.007933099580115479,0.12628469364433065
01-Jan-2000 18:55:00,1.1210326076458195,0.00799138130724532,0.1261202183906992
01-Jan-2000 19:00:00,1.1182777967696766,0.008020602462524501,0.12595609540583122
01-Jan-2000 19:05:00,1.116002200432917,0.00802684920143297,0.12581654874014944
01-Jan-2000 19:10:00,1.1140641629795733,0.00801628177603133,0.1256999200417603
01-Jan-2000 19:15:00,1.112247657007659,0.007993599244480622,0.12559232078202245
01-Jan-2000 19:20:00,1.110449505850558,0.007962177515261341,0.12548656008774522
01-Jan-2000 19:25:00,1.1086285702669725,0.00792448103016228,0.12537969074887273
01-Jan-2000 19:30:00,1.1067702906577903,0.00788232698298999,0.12527063337981684
01-Jan-2000 19:35:00,1.1048708068120743,0.007837056769804047,0.1251590686152386
01-Jan-2000 19:40:00,1.1029303548205007,0.007789657780438011,0.12504497131104192
01-Jan-2000 19:45:00,1.100950692231315,0.007740854044644152,0.12492842663788929
01-Jan-2000 19:50:00,1.0989340994901333,0.007691174456677896,0.12480955898510289
01-Jan-2000 19:55:00,1.0968829840641376,0.007641003968876686,0.12468850380894582
01-Jan-2000 20:00:00,1.0946111987791927,0.007590683031016463,0.12456035440898727
01-Jan-2000 20:05:00,1.0913021524011097,0.007540573799190209,0.12437701661246452
01-Jan-2000 20:10:00,1.0872399116068556,0.0074906704378326,0.12414214810943705
01-Jan-2000 20:15:00,1.0828534004477872,0.007440958656277845,0.12388345260694764
01-Jan-2000 20:20:00,1.0783534417613405,0.007391482099509914,0.1236151403719277
01-Jan-2000 20:25:00,1.0738282383397628,0.007342299477184611,0.12334404201334909
01-Jan-2000 20:30:00,1.069314155114788,0.007293462354159511,0.12307306734030898
01-Jan-2000 20:35:00,1.0648324978320967,0.0072450096751044,0.12280336084965926
01-Jan-2000 20:40:00,1.060384107054562,0.007196968653970059,0.12253509610629729
01-Jan-2000 20:45:00,1.055967532480608,0.007149357217599822,0.12226817816291295
01-Jan-2000 20:50:00,1.0515818233739094,0.007102186379130045,0.12200255529707656
01-Jan-2000 20:55:00,1.047226196366402,0.007055462143298458,0.12173818820417609
01-Jan-2000 21:00:00,1.0426567209078401,0.007009267835271835,0.12146831768122567
01-Jan-2000 21:05:00,1.0367529817361905,0.00696384191363643,0.12112632178873652
01-Jan-2000 21:10:00,1.0297969958514337,0.006918996266991209,0.12071101980579217
01-Jan-2000 21:15:00,1.022367583701718,0.0068745456533247,0.12025934996016412
01-Jan-2000 21:20:00,1.0147852641849144,0.0068304257204625865,0.11979365672745595
01-Jan-2000 21:25:00,1.0071975967220839,0.006786633910807543,0.11932451882278916
01-Jan-2000 21:30:00,0.9996687659256451,0.006743186510377694,0.11885663387270212
01-Jan-2000 21:35:00,0.9922248574129894,0.006700100818709368,0.11839198156958612
01-Jan-2000 21:40:00,0.984874980727176,0.00665738989403584,0.11793132547764229
01-Jan-2000 21:45:00,0.9776206041184381,0.006615062015566395,0.11747486500431129
01-Jan-2000 21:50:00,0.9704608583884138,0.006573121517097653,0.11702261575638075
01-Jan-2000 21:55:00,0.9633936430290708,0.006531569805772484,0.11657450528106582
01-Jan-2000 22:00:00,0.9561340591292015,0.006490538599206534,0.11612232060099192
01-Jan-2000 22:05:00,0.947317705918177,0.006450470389132011,0.11558238665730809
01-Jan-2000 22:10:00,0.9371772018431552,0.006411076950231382,0.11494574505292064
01-Jan-2000 22:15:00,0.9264015749733542,0.006371982779642394,0.11425677917977754
01-Jan-2000 22:20:00,0.9154106253342092,0.006333035826911302,0.11354545360625402
01-Jan-2000 22:25:00,0.9044142018917354,0.0062942308422514765,0.11282726996701166
01-Jan-2000 22:30:00,0.893508225903966,0.006255614241448714,0.11210954997074887
01-Jan-2000 22:35:00,0.8827335951173862,0.006217236224961829,0.11139553283364355
01-Jan-2000 22:40:00,0.8721073541738037,0.00617913534054746,0.11068666120843532
01-Jan-2000 22:45:00,0.8616342414231842,0.0061413370017566835,0.10998348689646482
01-Jan-2000 22:50:00,0.8513128765840658,0.006103856231271531,0.1092860707906373
01-Jan-2000 22:55:00,0.8411399265434149,0.006066700845294896,0.10859432965084063
01-Jan-2000 23:00:00,0.8310544834198479,0.006029928460024661,0.10790634905695894
01-Jan-2000 23:05:00,0.8207520694053,0.0059937024755051214,0.1072026660708414
01-Jan-2000 23:10:00,0.8102387838817122,0.005957888262342817,0.10647801939080384
01-Jan-2000 23:15:00,0.7996548688048265,0.005922348882329868,0.10574162785298581
01-Jan-2000 23:20:00,0.7890996200804811,0.005887040557729478,0.10500095859468725
01-Jan-2000 23:25:00,0.7786264009495917,0.005851968971394023,0.10426027064720826
01-Jan-2000 23:30:00,0.7682596742865017,0.005817153057129654,0.10352163953087486
01-Jan-2000 23:35:00,0.7580097181278754,0.005782609703926983,0.10278598649162844
01-Jan-2000 23:40:00,0.7478796332414963,0.005748350005797253,0.10205369182990154
01-Jan-2000 23:45:00,0.7378675401509301,0.005714379802148932,0.10132475153559302
01-Jan-2000 23:50:00,0.7279701923547067,0.005680701193364172,0.10059900631313652
01-Jan-2000 23:55:00,0.7181835422167915,0.005647313899772355,0.09987623309535576
02-Jan-2000 00:00:00,0.7085029648148636,0.005614216224915346,0.09915616886600091
02-Jan-2000 00:05:00,0.6989243223761379,0.005581405670591748,0.09843854111364142
02-Jan-2000 00:10:00,0.6894439705967133,0.005548879307305362,0.09772312867355747
02-Jan-2000 00:15:00,0.680057463772436,0.005516633989264435,0.09700966232961411
02-Jan-2000 00:20:00,0.6707603994615103,0.0054846664759706665,0.09629783536028233
02-Jan-2000 00:25:00,0.6615486275834731,0.005452973499592675,0.09558735751970998
02-Jan-2000 00:30:00,0.6524183695427791,0.005421551801620836,0.09487797260986733
02-Jan-2000 00:35:00,0.6433656483090674,0.00539039815239467,0.09416937935018255
02-Jan-2000 00:40:00,0.6343875849218307,0.005359509361216063,0.09346135972861187
02-Jan-2000 00:45:00,0.6254812439293819,0.005328882281331816,0.09275370043145278
02-Jan-2000 00:50:00,0.6166429437979802,0.005298513812147247,0.09204611949925641
02-Jan-2000 00:55:00,0.60786929646182,0.0052684008999569175,0.09133834014015028
02-Jan-2000 01:00:00,0.5991577598218717,0.005238540537898009,0.09063013328720952
02-Jan-2000 01:05:00,0.5905053852809327,0.005208929765489183,0.08992126599190473
02-Jan-2000 01:10:00,0.58190965109776,0.005179565667967476,0.08921148949497869
02-Jan-2000 01:15:00,0.5733689468439536,0.005150445375519644,0.08850063469522552
02-Jan-2000 01:20:00,0.5648826616755134,0.0051215660624768546,0.08778862026644832
02-Jan-2000 01:25:00,0.5564481150284609,0.00509292494648917,0.08707523179460012
02-Jan-2000 01:30:00,0.5480621495774131,0.005064519287708453,0.08636015416220494
02-Jan-2000 01:35:00,0.5397228214133116,0.005036346387976491,0.08564315961958271
02-Jan-2000 01:40:00,0.5314279553787731,0.005008403590029201,0.08492402597250091
02-Jan-2000 01:45:00,0.5231757940868338,0.004980688276722146,0.08420251872534024
02-Jan-2000 01:50:00,0.5149681298683976,0.004953197870259073,0.08347861924203723
02-Jan-2000 01:55:00,0.506810316772065,0.004925929831454023,0.08275281170720084
02-Jan-2000 02:00:00,0.4986972595273017,0.004898881658998083,0.08202473790391211
02-Jan-2000 02:05:00,0.49062390248213744,0.004872050888745845,0.08129382138588039
02-Jan-2000 02:10:00,0.48258811545740843,0.004845435093024669,0.08055974894104602
02-Jan-2000 02:15:00,0.47458862831810067,0.0048190318799480976,0.0798223152568028
02-Jan-2000 02:20:00,0.4666240991153371,0.004792838892754033,0.07908128650385665
02-Jan-2000 02:25:00,0.45869456676395987,0.0047668538091533265,0.07833654610618557
02-Jan-2000 02:30:00,0.4508003302016596,0.004741074340694786,0.07758801273133324
02-Jan-2000 02:35:00,0.4429410610329412,0.004715498232143853,0.07683557471754751
02-Jan-2000 02:40:00,0.4351156337481749,0.004690123260874743,0.07607898817049308
02-Jan-2000 02:45:00,0.4273248436096269,0.004664947236276828,0.07531818052649485
02-Jan-2000 02:50:00,0.4195697910125909,0.004639967999172118,0.07455312853668963
02-Jan-2000 02:55:00,0.41185095350844375,0.004615183421250069,0.07378377055530172
02-Jan-2000 03:00:00,0.4042272337168129,0.004590546134058436,0.07301253102448943
02-Jan-2000 03:05:00,0.39702293478470685,0.004565951824518944,0.07226963073658667
02-Jan-2000 03:10:00,0.3902350828456301,0.0045415142312024365,0.07156485003113319
02-Jan-2000 03:15:00,0.3837079116417994,0.004517306372092317,0.07088329744312105
02-Jan-2000 03:20:00,0.3773519608578903,0.004493339578814753,0.07021474070889407
02-Jan-2000 03:25:00,0.3710990837034849,0.004469601950575367,0.06955204611172029
02-Jan-2000 03:30:00,0.3649105486161369,0.004446077666576431,0.06889052285170712
02-Jan-2000 03:35:00,0.35876901264052213,0.004422753323806443,0.06822795166965513
02-Jan-2000 03:40:00,0.3526675519748605,0.004399618975939821,0.06756336811395083
02-Jan-2000 03:45:00,0.3466054022133468,0.004376667538515558,0.06689650060777794
02-Jan-2000 03:50:00,0.3405850321832247,0.004353893937010717,0.0662275041827055
02-Jan-2000 03:55:00,0.33461028436903045,0.004331294406174935,0.0655567221298092
02-Jan-2000 04:00:00,0.32887315577383885,0.00430878750038723,0.06489352725942868
02-Jan-2000 04:05:00,0.3244095805568474,0.004286205661038408,0.06434738556224891
02-Jan-2000 04:10:00,0.3211546087345487,0.004263734215016371,0.06394780949382722
02-Jan-2000 04:15:00,0.3185911855236358,0.00424148570259374,0.06363783235157847
02-Jan-2000 04:20:00,0.3163694672853097,0.004219482501208911,0.06337314012396549
02-Jan-2000 04:25:00,0.31430258028280267,0.004197713147956245,0.06312900578369803
02-Jan-2000 04:30:00,0.31229984229337787,0.004176158708091194,0.06289314676223759
02-Jan-2000 04:35:00,0.3103197490286182,0.004154801779700497,0.06265981623731012
02-Jan-2000 04:40:00,0.30834563655812397,0.004133628589510434,0.06242659433476711
02-Jan-2000 04:45:00,0.3063728675736627,0.004112628797823173,0.06219270468396356
02-Jan-2000 04:50:00,0.30440246113702757,0.004091794747586923,0.06195815669185577
02-Jan-2000 04:55:00,0.3024373744448593,0.004071120726644115,0.06172327148342525
02-Jan-2000 05:00:00,0.3007107698000622,0.004050562413090674,0.061500100752519875
02-Jan-2000 05:05:00,0.3003679404143292,0.004030020383340745,0.061419061556375915
02-Jan-2000 05:10:00,0.30117870871637065,0.0040095850251822066,0.06149329201670964
02-Jan-2000 05:15:00,0.3025372915154185,0.003989321187133441,0.061646516078767435
02-Jan-2000 05:20:00,0.30409123959360557,0.003969245073341508,0.061829594436294946
02-Jan-2000 05:25:00,0.30567245886745703,0.003949352615831908,0.0620185034537995
02-Jan-2000 05:30:00,0.307208682970824,0.003929634326299145,0.06220276602142711
02-Jan-2000 05:35:00,0.30867321605153497,0.00391008072531287,0.06237840904375645
02-Jan-2000 05:40:00,0.3100599793287319,0.003890683824695375,0.06254441076348256
02-Jan-2000 05:45:00,0.31137205937512585,0.0038714372434260616,0.06270102341857792
02-Jan-2000 05:50:00,0.3126196305538737,0.003852335943894856,0.06284940147711975
02-Jan-2000 05:55:00,0.3138080424252789,0.0038333759205174244,0.06299038968404137
02-Jan-2000 06:00:00,0.31513017861213655,0.06476740725499162,0.06313421442323267
02-Jan-2000 06:05:00,0.3174168355214146,0.060593008171745524,0.0633753663097096
02-Jan-2000 06:10:00,0.3204065821710928,0.06006744305996311,0.06371046318440052
02-Jan-2000 06:15:00,0.3236588357855571,0.06162358275535842,0.064082717389356
02-Jan-2000 06:20:00,0.32697675943562177,0.06688793852179632,0.06446290595470512
02-Jan-2000 06:25:00,0.33050299488901674,0.06794573679841705,0.06485710297925072
02-Jan-2000 06:30:00,0.3347350084589258,0.07329395702429602,0.06531490420679517
02-Jan-2000 06:35:00,0.3402650141584088,0.08106330944791049,0.06590092271632558
02-Jan-2000 06:40:00,0.34781466203781486,0.08847936082715763,0.06668607139576004
02-Jan-2000 06:45:00,0.35845223653108227,0.09540187591940616,0.0677728677531221
02-Jan-2000 06:50:00,0.3730790501025284,0.10436009595679051,0.06925420913546694
02-Jan-2000 06:55:00,0.39208358280025424,0.11718160909790903,0.07115535355398939
02-Jan-2000 07:00:00,0.4184046265133271,0.14266431674120716,0.07370783911911408
02-Jan-2000 07:05:00,0.45162008478985116,0.16519449238815306,0.07679308886880794
02-Jan-2000 07:10:00,0.49396899606105354,0.16960712109598433,0.08054175210404708
02-Jan-2000 07:15:00,0.5521700042189426,0.1780141650431889,0.08544953876064745
02-Jan-2000 07:20:00,0.6270372366480124,0.1773599019782272,0.09141600771553059
02-Jan-2000 07:25:00,0.7235165765089155,0.178151728146673,0.09861318253166636
02-Jan-2000 07:30:00,0.8371684527394322,0.17513625524846388,0.10659330083700605
02-Jan-2000 07:35:00,0.9623075696931248,0.17763123161907998,0.114826502003202
02-Jan-2000 07:40:00,1.0953527888237067,0.17643086170960412,0.12296702808557405
02-Jan-2000 07:45:00,1.2383987216027936,0.17168383248200902,0.13136027870576417
02-Jan-2000 07:50:00,1.3842929874720746,0.16430000287254648,0.13932335972471133
02-Jan-2000 07:55:00,1.5294148815114939,0.16077408429140264,0.14687646702124224
02-Jan-2000 08:00:00,1.6615545660385806,0.15837484512293187,0.15348019520195913
02-Jan-2000 08:05:00,1.7855965521059989,0.15787279132375545,0.15938713554298767
02-Jan-2000 08:10:00,1.9050926979677159,0.15611506820792936,0.16486758673113727
02-Jan-2000 08:15:00,2.00951714772704,0.15047758566305366,0.1695359423746032
02-Jan-2000 08:20:00,2.1145901850622533,0.14034546068975337,0.1741534486829044
02-Jan-2000 08:25:00,2.202201205020406,0.13529778740661152,0.1779624448117509
02-Jan-2000 08:30:00,2.2713317370243056,0.1275765918366181,0.18092365671423188
02-Jan-2000 08:35:00,2.318074667093613,0.12101214458860869,0.18293809847405398
02-Jan-2000 08:40:00,2.3534912549199394,0.1186935334041153,0.18447225816382104
02-Jan-2000 08:45:00,2.3771562149604093,0.11777168160475186,0.18548214788068318
02-Jan-2000 08:50:00,2.3934936291521667,0.11295753159055683,0.1861770589953466
02-Jan-2000 08:55:00,2.4042213411028786,0.10766662433089925,0.1866367952473163
02-Jan-2000 09:00:00,2.4113207164503914,0.1031234159584727,0.1869368221853376
02-Jan-2000 09:05:00,2.4149844575285107,0.09917548251090808,0.18711203352766184
02-Jan-2000 09:10:00,2.413614512758391,0.0956517203815969,0.18709393682783315
02-Jan-2000 09:15:00,2.407258523136204,0.09253343078715386,0.1868757471525584
02-Jan-2000 09:20:00,2.396673286019752,0.08978426241400118,0.18648381861758823
02-Jan-2000 09:25:00,2.3827006919160922,0.0873193861068588,0.18595097477126973
02-Jan-2000 09:30:00,2.3660740654395083,0.0850939342759146,0.1853060391274938
02-Jan-2000 09:35:00,2.347409083463723,0.08310430382486592,0.18457330719890988
02-Jan-2000 09:40:00,2.327210377127573,0.08131848916950986,0.1837727508114636
02-Jan-2000 09:45:00,2.305887311261889,0.07969242017171321,0.1829206418573889
02-Jan-2000 09:50:00,2.2837701701079487,0.07821822577679144,0.1820301717131863
02-Jan-2000 09:55:00,2.261126154981333,0.07686380344851322,0.18111208141487137
02-Jan-2000 10:00:00,2.2384708129426723,0.07564562103414431,0.1801813906552501
02-Jan-2000 10:05:00,2.217066920025083,0.07455057716409931,0.17929279914021404
02-Jan-2000 10:10:00,2.1964760610399297,0.07354556341632515,0.17843826772898827
02-Jan-2000 10:15:00,2.1762840718551733,0.07262155208927214,0.17759808684033948
02-Jan-2000 10:20:00,2.1563750909181585,0.07176523322482203,0.17676608491416684
02-Jan-2000 10:25:00,2.1367508639006636,0.070972847859406,0.1759419232761608
02-Jan-2000 10:30:00,2.117447991240345,0.07024231070442181,0.17512712977693307
02-Jan-2000 10:35:00,2.0985074738066456,0.06956856322302442,0.1743235809448744
02-Jan-2000 10:40:00,2.0799659183963843,0.06893743326762783,0.1735330346835453
02-Jan-2000 10:45:00,2.0618534073356503,0.06834525894362918,0.17275700629799887
02-Jan-2000 10:50:00,2.044193490311485,0.06779687849343849,0.17199675150060903
02-Jan-2000 10:55:00,2.027003846852479,0.06728824047892978,0.17125328518532454
02-Jan-2000 11:00:00,2.0105863417338727,0.06681569947434739,0.17053372733175867
02-Jan-2000 11:05:00,1.9960265252679907,0.06637607396093871,0.1698880024210382
02-Jan-2000 11:10:00,1.9827736836802181,0.06596660048700101,0.1693028734224493
02-Jan-2000 11:15:00,1.970295457442666,0.06558469637382414,0.1687524956676259
02-Jan-2000 11:20:00,1.9583733961807035,0.06522803760933751,0.16822584327235804
02-Jan-2000 11:25:00,1.9469253895854335,0.06489453849019144,0.16771883042734548
02-Jan-2000 11:30:00,1.9359196150728466,0.06458232133881771,0.16722998406600667
02-Jan-2000 11:35:00,1.925341351772581,0.06428969101165014,0.16675873156400675
02-Jan-2000 11:40:00,1.9151810840382821,0.06401511345409738,0.16630477763492257
02-Jan-2000 11:45:00,1.9054304562050506,0.06375719765636652,0.1658678892680731
02-Jan-2000 11:50:00,1.8960809965725731,0.06351468013176664,0.16544782623407225
02-Jan-2000 11:55:00,1.8871237836992947,0.06328412850088602,0.1650443217378828
02-Jan-2000 12:00:00,1.878841225312105,0.06306420916089342,0.16466367034853524
02-Jan-2000 12:05:00,1.872301381487653,0.06285680420337295,0.164356616402802
02-Jan-2000 12:10:00,1.8669309491938806,0.06266105388033238,0.16410801497974498
02-Jan-2000 12:15:00,1.8621857909675585,0.06247612700659913,0.16389027381214297
02-Jan-2000 12:20:00,1.857838696320026,0.06230126383796623,0.16369141219506916
02-Jan-2000 12:25:00,1.8538008094284915,0.06213577273892372,0.16350675477829363
02-Jan-2000 12:30:00,1.8500353640762799,0.06197902135434905,0.16333442015514232
02-Jan-2000 12:35:00,1.8465242350940358,0.06183042941207965,0.16317353272512314
02-Jan-2000 12:40:00,1.843255805767314,0.061689463125559854,0.1630235673403238
02-Jan-2000 12:45:00,1.8402207239322572,0.06155563061695593,0.16288411859565585
02-Jan-2000 12:50:00,1.8374104581471344,0.06142847800264742,0.16275482198494637
02-Jan-2000 12:55:00,1.8348168225670363,0.061307585955434604,0.16263532788362733
02-Jan-2000 13:00:00,1.8321390623780096,0.06119258222446425,0.16251858293230312
02-Jan-2000 13:05:00,1.828300927291299,0.06108310571690648,0.16235291976219754
02-Jan-2000 13:10:00,1.823855665802574,0.060978796184218954,0.16215319989412666
02-Jan-2000 13:15:00,1.8193214496337817,0.06087934876541172,0.16194626506039012
02-Jan-2000 13:20:00,1.8149066530703915,0.060784481980247794,0.16174343746809547
02-Jan-2000 13:25:00,1.810683762115409,0.06069393213833461,0.16154877960127326
02-Jan-2000 13:30:00,1.8066731390190633,0.060607452558136224,0.1613635269681416
02-Jan-2000 13:35:00,1.8028761063205911,0.06052481289019759,0.16118787084315983
02-Jan-2000 13:40:00,1.7992873229369248,0.06044579817561323,0.16102163116979498
02-Jan-2000 13:45:00,1.7958992781303191,0.06037020779184212,0.16086450252728124
02-Jan-2000 13:50:00,1.792703902299003,0.060297854400916985,0.16071614269274423
02-Jan-2000 13:55:00,1.789693103535873,0.06022856295173534,0.16057620316440177
02-Jan-2000 14:00:00,1.786314160981233,0.060162188689112155,0.16043167181504822
02-Jan-2000 14:05:00,1.7805036078809584,0.06009857719836348,0.16018353634787325
02-Jan-2000 14:10:00,1.7732019203834777,0.0600375507707634,0.15985430985333596
02-Jan-2000 14:15:00,1.765448099546547,0.05997897891939507,0.15949725100051704
02-Jan-2000 14:20:00,1.7576952509608565,0.0599227419127145,0.15913696299478183
02-Jan-2000 14:25:00,1.7501134207092668,0.0598687249719474,0.15878292666398533
02-Jan-2000 14:30:00,1.742759346579872,0.059816818579944024,0.15843844705760532
02-Jan-2000 14:35:00,1.735646819706167,0.05976691896042448,0.15810446181675983
02-Jan-2000 14:40:00,1.728773906151487,0.05971892814311931,0.1577810303079595
02-Jan-2000 14:45:00,1.7221331713621602,0.05967275377466821,0.15746789706324804
02-Jan-2000 14:50:00,1.7157154473703253,0.05962830882381801,0.15716470083297943
02-Jan-2000 14:55:00,1.709511198041189,0.05958551125713778,0.15687105101810817
02-Jan-2000 15:00:00,1.7032698971879605,0.05954428993989518,0.15658093415459995
02-Jan-2000 15:05:00,1.6959727074915225,0.05950440969467535,0.1562454797148305
02-Jan-2000 15:10:00,1.6880070695936524,0.059465022194644473,0.15587186961736865
02-Jan-2000 15:15:00,1.6798904059364823,0.05942702596981573,0.15548691610506457
02-Jan-2000 15:20:00,1.6718575571589858,0.05939036998352162,0.15510366949079352
02-Jan-2000 15:25:00,1.6639969224616902,0.059354993347359074,0.15472722577044723
02-Jan-2000 15:30:00,1.6563364127597313,0.05932083913769534,0.15435931396215788
02-Jan-2000 15:35:00,1.6488805223099359,0.05928785367481513,0.15400034155009415
02-Jan-2000 15:40:00,1.6416250530727874,0.05925598618246862,0.15365021695359682
02-Jan-2000 15:45:00,1.6345627785717092,0.05922518856567629,0.1533086684273254
02-Jan-2000 15:50:00,1.6276855807117359,0.05919541523267678,0.1529753653133607
02-Jan-2000 15:55:00,1.6209852417162094,0.059166622938456384,0.15264996346514786
02-Jan-2000 16:00:00,1.6143391415892823,0.05913836290715357,0.15232939528273032
02-Jan-2000 16:05:00,1.6072439646722625,0.05910384545286203,0.15198907375518492
02-Jan-2000 16:10:00,1.5998721850224353,0.059070160678201,0.1516316768375471
02-Jan-2000 16:15:00,1.5924772415407187,0.05904053887547339,0.1512706300346059
02-Jan-2000 16:20:00,1.5851760632400258,0.05901409216524484,0.1509126268827112
02-Jan-2000 16:25:00,1.5780119807055293,0.05898969460727817,0.15056026683617255
02-Jan-2000 16:30:00,1.5709974074048683,0.058966632882090995,0.150214382170013
02-Jan-2000 16:35:00,1.5641326762514858,0.058944531641890695,0.14987510390214331
02-Jan-2000 16:40:00,1.5574136271209398,0.05892320602225469,0.1495422967953366
02-Jan-2000 16:45:00,1.5508345644719743,0.05890256363011676,0.1492157302612732
02-Jan-2000 16:50:00,1.5443893898926444,0.05888255339568376,0.1488951443094079
02-Jan-2000 16:55:00,1.5380720286392844,0.05886314188841134,0.14858027467398616
02-Jan-2000 17:00:00,1.5318765857513206,0.05884430316652331,0.1482708622335289
02-Jan-2000 17:05:00,1.525797399142163,0.05882601466836213,0.14796665641786722
02-Jan-2000 17:10:00,1.51982905357453,0.05880825561874639,0.14766741631698535
02-Jan-2000 17:15:00,1.5139663798651397,0.05879100642422847,0.14737291091074034
02-Jan-2000 17:20:00,1.5082044485995878,0.058774248437764486,0.14708291896207712
02-Jan-2000 17:25:00,1.5025385617735978,0.05875796385490965,0.14679722877767767
02-Jan-2000 17:30:00,1.4969643616904993,0.05874213565497864,0.14651564059632996
02-Jan-2000 17:35:00,1.4914781432555708,0.05872674755741697,0.1462379889247872
02-Jan-2000 17:40:00,1.4860757956669701,0.06706128770303309,0.1459640920198426
02-Jan-2000 17:45:00,1.4807623618065042,0.07802409293812883,0.1456939191492532
02-Jan-2000 17:50:00,1.4758944353307974,0.08733925875302244,0.1454372942203905
02-Jan-2000 17:55:00,1.475431951168829,0.09583695677417219,0.14534757687082223
02-Jan-2000 18:00:00,1.4846172149507117,0.0741185371454229,0.14571695543487428
02-Jan-2000 18:05:00,1.5045553811600445,0.07696097678465262,0.14662914638516603
02-Jan-2000 18:10:00,1.5323561673086832,0.07523685146419676,0.14797343286501738
02-Jan-2000 18:15:00,1.5615491254408342,0.0713131306503821,0.14943504342349434
02-Jan-2000 18:20:00,1.5875130548862562,0.06791378948063068,0.1507476118493306
02-Jan-2000 18:25:00,1.6104892900470595,0.07105374815815792,0.15188943923988713
02-Jan-2000 18:30:00,1.6308533728203136,0.06984151664128292,0.15290422117078212
02-Jan-2000 18:35:00,1.6476672382816484,0.06632997083805531,0.15374471031455877
02-Jan-2000 18:40:00,1.6622072004779183,0.06954932953070436,0.15445414459177081
02-Jan-2000 18:45:00,1.6751704630289417,0.06847510158731873,0.15508922219835689
02-Jan-2000 18:50:00,1.6865410205738276,0.065057097474596,0.15563991446747888
02-Jan-2000 18:55:00,1.6971979979259935,0.0683848512439524,0.1561500068642296
02-Jan-2000 19:00:00,1.7068023205955516,0.06742489675978126,0.15661488352683803
02-Jan-2000 19:05:00,1.7148920436006088,0.06876518633643564,0.15701080270025083
02-Jan-2000 19:10:00,1.720960367463569,0.06716674693458383,0.15731392732529934
02-Jan-2000 19:15:00,1.7249388065552234,0.0685769295509427,0.15751774123578072
02-Jan-2000 19:20:00,1.7270241125024965,0.06701412835510481,0.15763054763539053
02-Jan-2000 19:25:00,1.7274783912257237,0.06377985748429887,0.15766464242554723
02-Jan-2000 19:30:00,1.726556211909834,0.06094872640050267,0.1576321812544287
02-Jan-2000 19:35:00,1.7244827927112536,0.058408294054502825,0.15754397041195714
02-Jan-2000 19:40:00,1.72144703434167,0.05605955443644862,0.15740908925231978
02-Jan-2000 19:45:00,1.7176040636681027,0.05389131486343995,0.15723497082702276
02-Jan-2000 19:50:00,1.7130836599832044,0.051858990813183445,0.15702775119596785
02-Jan-2000 19:55:00,1.7080030977782632,0.049984490648730076,0.15679295815016026
02-Jan-2000 20:00:00,1.7021959773517412,0.0482522456812648,0.15652889891141858
02-Jan-2000 20:05:00,1.69470421238823,0.046605338708876086,0.15618905167087202
02-Jan-2000 20:10:00,1.6860276096525217,0.06538224017381779,0.15578570645805026
02-Jan-2000 20:15:00,1.6768181937639,0.08115527913325046,0.15535017366650866
02-Jan-2000 20:20:00,1.6687630545333965,0.0842856535705732,0.15494601086947501
02-Jan-2000 20:25:00,1.6656228419060424,0.08035399468773463,0.15474060615737897
02-Jan-2000 20:30:00,1.6695004642640046,0.09112840487613079,0.15486697293890972
02-Jan-2000 20:35:00,1.6796671431554544,0.09906345611474114,0.1552943905508386
02-Jan-2000 20:40:00,1.7013989101093212,0.1053170388629053,0.1561983995107175
02-Jan-2000 20:45:00,1.7365937524427857,0.1097305049956295,0.15776065528391572
02-Jan-2000 20:50:00,1.78048818387324,0.1131841230308809,0.15973807483866131
02-Jan-2000 20:55:00,1.8334350699571946,0.11181196449707778,0.16209439365728864
02-Jan-2000 21:00:00,1.8888856269138057,0.10506806217499808,0.16462786195536572
02-Jan-2000 21:05:00,1.9380009596125816,0.09800105399267521,0.166871060296867
02-Jan-2000 21:10:00,1.979993812804899,0.09185598420385009,0.16878026437202803
02-Jan-2000 21:15:00,2.013121585350179,0.08647287274526544,0.1702978577396491
02-Jan-2000 21:20:00,2.0368566623179936,0.08165448538551309,0.1713924983650444
02-Jan-2000 21:25:00,2.0536390166688863,0.07733980703362543,0.17215635533497503
02-Jan-2000 21:30:00,2.0664313287934917,0.08422599052903482,0.17272666581819854
02-Jan-2000 21:35:00,2.078898044080697,0.09356325841803849,0.17324895303865648
02-Jan-2000 21:40:00,2.092826429980067,0.09515678990649627,0.17383264244500884
02-Jan-2000 21:45:00,2.109277433571776,0.09475928914338688,0.1744982851435635
02-Jan-2000 21:50:00,2.134783847351511,0.1082119635905531,0.17548498198610624
02-Jan-2000 21:55:00,2.172630320254282,0.1114121614750902,0.1769849402683996
02-Jan-2000 22:00:00,2.2207608079579764,0.10922512089031979,0.17891743415789355
02-Jan-2000 22:05:00,2.278274382365747,0.11602637232251913,0.18120456267702725
02-Jan-2000 22:10:00,2.3416591921717633,0.11553148553697416,0.183759480962364
02-Jan-2000 22:15:00,2.40025580233332,0.1082058882999048,0.1861610911688851
02-Jan-2000 22:20:00,2.447585460323235,0.10072123206474967,0.18811491201295116
02-Jan-2000 22:25:00,2.4828570715764275,0.09428307529776613,0.1895758461669364
02-Jan-2000 22:30:00,2.50620589593915,0.10362698596291581,0.19056549289007765
02-Jan-2000 22:35:00,2.519104257093716,0.15795404824581072,0.19113178538762704
02-Jan-2000 22:40:00,2.529396118059223,0.17577638696763032,0.19149484006943104
02-Jan-2000 22:45:00,2.558658005275044,0.16611401535944206,0.1924320955472566
02-Jan-2000 22:50:00,2.635246038260069,0.15450609343206165,0.1950430343857785
02-Jan-2000 22:55:00,2.725728582999524,0.14625173542963454,0.19840767847576143
02-Jan-2000 23:00:00,2.8134425850099904,0.13406534097853462,0.20176520060477515
02-Jan-2000 23:05:00,2.87673906218683,0.12930004818495888,0.2042204332435125
02-Jan-2000 23:10:00,2.912756326879173,0.12107320920937042,0.20563086284712084
02-Jan-2000 23:15:00,2.9383281078783132,0.11779354875829828,0.2066232266082197
02-Jan-2000 23:20:00,2.954893105767926,0.12550530445887415,0.20725875984927464
02-Jan-2000 23:25:00,2.9686834819882097,0.13002928492276725,0.20775714975472354
02-Jan-2000 23:30:00,2.985105480560605,0.13387834251528866,0.20829965142940382
02-Jan-2000 23:35:00,3.0075688633114654,0.1404990097057471,0.20906174562266364
02-Jan-2000 23:40:00,3.035618592248505,0.13717843862477466,0.2100167559303225
02-Jan-2000 23:45:00,3.0715348468512613,0.12640419354527666,0.21122833751086306
02-Jan-2000 23:50:00,3.1118775594313,0.12173553207808063,0.21257590544140845
02-Jan-2000 23:55:00,3.163782360606283,0.113919906079682,0.21433797734319882
03-Jan-2000 00:00:00,3.215502647551419,0.10581845441472332,0.21613466925931551
03-Jan-2000 00:05:00,3.2609136807241237,0.09881276321748522,0.21772480291421228
03-Jan-2000 00:10:00,3.2946770248894164,0.09854813847491499,0.21895212642488657
03-Jan-2000 00:15:00,3.3135857099581565,0.09418131033652599,0.21967631622248127
03-Jan-2000 00:20:00,3.3193035645517286,0.09428816382091625,0.2199386904442687
03-Jan-2000 00:25:00,3.3167354188944493,0.10087172035204485,0.21988406233412439
03-Jan-2000 00:30:00,3.3142804997869133,0.10611620511137362,0.21977793929218548
03-Jan-2000 00:35:00,3.319923584417733,0.11157740123699302,0.2199065896552135
03-Jan-2000 00:40:00,3.3358067311915063,0.106469437191771,0.22038693571482523
03-Jan-2000 00:45:00,3.354172297277098,0.0990631305306668,0.2210159290823501
03-Jan-2000 00:50:00,3.365526761674501,0.09276856173434896,0.22144994209439708
03-Jan-2000 00:55:00,3.3668645191662288,0.08726134519234756,0.22155348583066226
03-Jan-2000 01:00:00,3.359016617618189,0.08234159023358262,0.22134188149695133
03-Jan-2000 01:05:00,3.3436850345457914,0.07793560266450861,0.22086934596586666
03-Jan-2000 01:10:00,3.322410389432043,0.07395021020960708,0.22018729741525858
03-Jan-2000 01:15:00,3.2964544892869574,0.07034829292551747,0.2193387817259017
03-Jan-2000 01:20:00,3.266850276940777,0.06709718840149403,0.21835756249781496
03-Jan-2000 01:25:00,3.2345089246356284,0.0640861584915834,0.21727525556933547
03-Jan-2000 01:30:00,3.200000581747702,0.061307361377101056,0.21611058451254297
03-Jan-2000 01:35:00,3.1637779372526746,0.05875567538142048,0.21487814157177354
03-Jan-2000 01:40:00,3.1262353668712444,0.05640699569915796,0.21359073041337331
03-Jan-2000 01:45:00,3.0877145641400254,0.05421018744078127,0.21225957894868477
03-Jan-2000 01:50:00,3.0484890205295923,0.05214981835742169,0.21089384812763332
03-Jan-2000 01:55:00,3.008779893980892,0.050247231913962916,0.20950092358374858
03-Jan-2000 02:00:00,2.968770369817838,0.04848965102309667,0.20808697268163714
03-Jan-2000 02:05:00,2.928613422157297,0.04684223978967953,0.20665720091238146
03-Jan-2000 02:10:00,2.8884368030270724,0.04527760110505056,0.20521602331470304
03-Jan-2000 02:15:00,2.8483469761192555,0.043793344732006474,0.20376717777310469
03-Jan-2000 02:20:00,2.8084328610818257,0.042412910653485104,0.20231385069673055
03-Jan-2000 02:25:00,2.7687684144562694,0.04113518057080273,0.2008587494972627
03-Jan-2000 02:30:00,2.729415555693781,0.039948093639466796,0.19940420316504387
03-Jan-2000 02:35:00,2.6904251692970105,0.03884217554363986,0.19795218823568486
03-Jan-2000 02:40:00,2.651866796373815,0.03779723914597123,0.19650475279281593
03-Jan-2000 02:45:00,2.61435451091258,0.03677599832792893,0.1950799426298138
03-Jan-2000 02:50:00,2.578380311242904,0.03580589802253146,0.19370385411993946
03-Jan-2000 02:55:00,2.5434115988979697,0.034862651712618466,0.19236061687316255
03-Jan-2000 03:00:00,2.509094542870804,0.03398265327115234,0.1910334755726515
03-Jan-2000 03:05:00,2.475701889059935,0.033176500087395304,0.1897315425110947
03-Jan-2000 03:10:00,2.4430660233626367,0.032409533725512744,0.18845240390266924
03-Jan-2000 03:15:00,2.4109325215539834,0.03167215472183507,0.1871856928573699
03-Jan-2000 03:20:00,2.3791846138823356,0.030967655869014402,0.18592617795945737
03-Jan-2000 03:25:00,2.3477873456018465,0.03728600604313718,0.18467220634806272
03-Jan-2000 03:30:00,2.316785919187203,0.04973663117087315,0.18342434108914418
03-Jan-2000 03:35:00,2.287243558302458,0.06121243958119774,0.18221396373896048
03-Jan-2000 03:40:00,2.261750848062291,0.08385979737245979,0.1811392483549561
03-Jan-2000 03:45:00,2.243506376665477,0.14995332067937175,0.18031846800463466
03-Jan-2000 03:50:00,2.2436504479124753,0.1780191622216201,0.18016339177353624
03-Jan-2000 03:55:00,2.2775246040013544,0.16459263419321232,0.18126354060219785
03-Jan-2000 04:00:00,2.3533620354962506,0.15199868408267503,0.1841082212147321
03-Jan-2000 04:05:00,2.43655907441138,0.1396931998667511,0.18736864339294151
03-Jan-2000 04:10:00,2.5219352327619005,0.13543221499033192,0.19078305319818045
03-Jan-2000 04:15:00,2.5912626164999186,0.12552692768155424,0.19353353283516553
03-Jan-2000 04:20:00,2.64693029999403,0.11674905163132793,0.19567350113980692
03-Jan-2000 04:25:00,2.7001992990125188,0.10836614395266499,0.19775060941339853
03-Jan-2000 04:30:00,2.739842840747901,0.10108015781791871,0.19931717799663895
03-Jan-2000 04:35:00,2.7663144500108716,0.09466563809575566,0.20037549755237855
03-Jan-2000 04:40:00,2.7818168942436503,0.0889659770382307,0.20101052414462756
03-Jan-2000 04:45:00,2.7885621504537084,0.08389335134967561,0.2013090274029249
03-Jan-2000 04:50:00,2.7883883802248017,0.0793513548023707,0.20134288933479974
03-Jan-2000 04:55:00,2.782696140064758,0.07525586342863581,0.2011661386043477
03-Jan-2000 05:00:00,2.773068683389927,0.07156352958568525,0.20082949992879842
03-Jan-2000 05:05:00,2.7620705654616082,0.10162116490806851,0.2004324876820997
03-Jan-2000 05:10:00,2.7505512892815935,0.1719070384812706,0.1999830278850005
03-Jan-2000 05:15:00,2.767204305867371,0.16648511494669924,0.20032639677886788
03-Jan-2000 05:20:00,2.827177631865671,0.15030572559389677,0.20228997548540853
03-Jan-2000 05:25:00,2.8986975774888264,0.13730835122533114,0.20489203235000134
03-Jan-2000 05:30:00,2.9632954167683425,0.12556714136595257,0.20730665009818533
03-Jan-2000 05:35:00,3.0046834731099645,0.11695758678727743,0.20886669354629947
03-Jan-2000 05:40:00,3.0363738711260484,0.10858947652885947,0.21006765668928495
03-Jan-2000 05:45:00,3.056139872876864,0.1012925776340181,0.21082745445631507
03-Jan-2000 05:50:00,3.066491883684912,0.09486705932734027,0.21124156559416185
03-Jan-2000 05:55:00,3.069448344939801,0.08915565312709782,0.21138542138492733
03-Jan-2000 06:00:00,3.066919254948496,0.10263653483909368,0.2113233685123679
03-Jan-2000 06:05:00,3.0612198278341567,0.09802920055395137,0.21114177439452872
03-Jan-2000 06:10:00,3.052549370437706,0.09444629848591818,0.21085612212706067
03-Jan-2000 06:15:00,3.041118339508304,0.09142426173691684,0.21047112893941416
03-Jan-2000 06:20:00,3.0273452304489683,0.08877657238931569,0.21000037252299608
03-Jan-2000 06:25:00,3.011657564908717,0.08639818348127143,0.20945854827610388
03-Jan-2000 06:30:00,2.99442908321787,0.0842604816881776,0.2088586988242613
03-Jan-2000 06:35:00,2.975972038135121,0.08234666687947416,0.2082117674245588
03-Jan-2000 06:40:00,2.9565685685176435,0.0806185255301617,0.20752740579942594
03-Jan-2000 06:45:00,2.936435427574174,0.07904983000345431,0.2068136790889119
03-Jan-2000 06:50:00,2.9157247251615384,0.07762047569441868,0.20607585426505026
03-Jan-2000 06:55:00,2.8945841227827356,0.076311640418143,0.20531899971256595
03-Jan-2000 07:00:00,2.8734081089225536,0.0751342803003326,0.20455254276586343
03-Jan-2000 07:05:00,2.8533806126563714,0.07407719629757409,0.2038207428319318
03-Jan-2000 07:10:00,2.834063278832926,0.07310511594029716,0.20311661696472272
03-Jan-2000 07:15:00,2.814983723714951,0.07220841597141939,0.20242067449970225
03-Jan-2000 07:20:00,2.795989723546079,0.07137864694333057,0.2017259231117578
03-Jan-2000 07:25:00,2.7770592585697047,0.07061460673322653,0.20103111695524914
03-Jan-2000 07:30:00,2.7582045187516724,0.06991101970907723,0.20033656690606075
03-Jan-2000 07:35:00,2.7394504110205626,0.06926243363591811,0.1996431489052513
03-Jan-2000 07:40:00,2.720824331408508,0.0686523639939546,0.19895189283628897
03-Jan-2000 07:45:00,2.7023515125595297,0.06808203255023355,0.19826378076045145
03-Jan-2000 07:50:00,2.684053876461194,0.06755389981736505,0.19757968711930918
03-Jan-2000 07:55:00,2.665950002295119,0.06706405954164898,0.19690037208660363
03-Jan-2000 08:00:00,2.648055371046914,0.06660905110750699,0.19622648746894997
03-Jan-2000 08:05:00,2.6303827108957076,0.06618579240504117,0.19555858713389904
03-Jan-2000 08:10:00,2.6129424445159386,0.06579152752674136,0.194897142024625
03-Jan-2000 08:15:00,2.5957427626842504,0.06542378502167664,0.19424254432551696
03-Jan-2000 08:20:00,2.5787898930897932,0.06508034366247799,0.19359511285660738
03-Jan-2000 08:25:00,2.5620884904729926,0.06475920260565089,0.19295510775175065
03-Jan-2000 08:30:00,2.5456418557517253,0.06445855598091449,0.19232273853344573
03-Jan-2000 08:35:00,2.529452102464355,0.06417677154171829,0.1916981697907586
03-Jan-2000 08:40:00,2.513520304777007,0.0639123714189586,0.1910815261913039
03-Jan-2000 08:45:00,2.4978466311237866,0.0636640005845695,0.19047289705329987
03-Jan-2000 08:50:00,2.482430469320677,0.06342909672495854,0.18987234050584598
03-Jan-2000 08:55:00,2.4672709710149565,0.06320252577854774,0.18927989925860156
03-Jan-2000 09:00:00,2.452491220593957,0.06298761020213463,0.18869804212510102
03-Jan-2000 09:05:00,2.438610562398411,0.062784667638775,0.18814763487682232
03-Jan-2000 09:10:00,2.4254130714188906,0.06259297979873976,0.18762502723577626
03-Jan-2000 09:15:00,2.4126256384331595,0.06241179732640406,0.18711853304025028
03-Jan-2000 09:20:00,2.400125326026749,0.062240407739579465,0.18662260001233671
03-Jan-2000 09:25:00,2.3878628268927913,0.06207814996921731,0.18613501177698033
03-Jan-2000 09:30:00,2.3758178682818203,0.0619244143386636,0.18565489661527487
03-Jan-2000 09:35:00,2.3639809236294416,0.06177863916683188,0.1851818850600131
03-Jan-2000 09:40:00,2.352346287334208,0.06164030678162055,0.18471578689709608
03-Jan-2000 09:45:00,2.3409096502553797,0.061508939660787014,0.1842564750439443
03-Jan-2000 09:50:00,2.3296670964042323,0.061384096875914396,0.18380384315324252
03-Jan-2000 09:55:00,2.3186145892041266,0.06126537086513613,0.18335777836447412
03-Jan-2000 10:00:00,2.3080010630746597,0.061152368223355784,0.18292326834814562
03-Jan-2000 10:05:00,2.2988730517188216,0.061044741478783277,0.18254363994617012
03-Jan-2000 10:10:00,2.2907848402537354,0.06094219572381496,0.18221063950532826
03-Jan-2000 10:15:00,2.2831919337661635,0.060844426543750246,0.18189996914731021
03-Jan-2000 10:20:00,2.2758541499473064,0.06075114925950498,0.18160028411561002
03-Jan-2000 10:25:00,2.2686781124767923,0.060662101296222556,0.18130712906735832
03-Jan-2000 10:30:00,2.2616282199174433,0.060577039728154605,0.18101881443707002
03-Jan-2000 10:35:00,2.254690365904202,0.060495738968785,0.180734688356387
03-Jan-2000 10:40:00,2.247858219317405,0.06041798900678123,0.18045447613216176
03-Jan-2000 10:45:00,2.2411282082569692,0.060343594010054506,0.18017803713166952
03-Jan-2000 10:50:00,2.234497727173094,0.060272371152541596,0.17990527741935083
03-Jan-2000 10:55:00,2.227964508016523,0.06020414958624048,0.17963611896580028
03-Jan-2000 11:00:00,2.2217996056213227,0.06013876012708902,0.1793761129303337
03-Jan-2000 11:05:00,2.2170776562982937,0.06007605415155985,0.17917130852568253
03-Jan-2000 11:10:00,2.2132774447310304,0.06001590825152514,0.1790099344084166
03-Jan-2000 11:15:00,2.2098619983936105,0.05995818891017043,0.17886705122065225
03-Jan-2000 11:20:00,2.20660656164043,0.05990276978038685,0.1787317377501503
03-Jan-2000 11:25:00,2.2034263145962116,0.05984953347875762,0.1785998270275463
03-Jan-2000 11:30:00,2.200290466417481,0.05979837056456693,0.17846979821686956
03-Jan-2000 11:35:00,2.1971881113252376,0.059749178557373425,0.17834111166658353
03-Jan-2000 11:40:00,2.1941154468173045,0.059701861227825136,0.17821358017337466
03-Jan-2000 11:45:00,2.1910711440309902,0.059656328065962556,0.17808713992219685
03-Jan-2000 11:50:00,2.1880547091666522,0.05961249384843318,0.17796176904629019
03-Jan-2000 11:55:00,2.1850659143848703,0.05957027826383782,0.17783745922448366
03-Jan-2000 12:00:00,2.182394668620487,0.05952959981282402,0.1777203070231294
03-Jan-2000 12:05:00,2.181118926919566,0.05948983766813898,0.17765747023912845
03-Jan-2000 12:10:00,2.1806850216584985,0.059450946286932316,0.17763534025403158
03-Jan-2000 12:15:00,2.1805623125205233,0.0594134427788361,0.17762885413601978
03-Jan-2000 12:20:00,2.1805333959540105,0.059377259973738515,0.1776273009634793
03-Jan-2000 12:25:00,2.1805183279564457,0.05934233671648966,0.17762669164328693
03-Jan-2000 12:30:00,2.1804896013430626,0.059308616478077,0.17762563584789798
03-Jan-2000 12:35:00,2.1804387496435456,0.059276046310596485,0.17762369356119598
03-Jan-2000 12:40:00,2.180363988906645,0.0592445762926119,0.1776207602062551
03-Jan-2000 12:45:00,2.1802657967241106,0.059214159204233376,0.1776168455672669
03-Jan-2000 12:50:00,2.1801453679686964,0.05918475030596913,0.17761199627421376
03-Jan-2000 12:55:00,2.1800040861116927,0.05915630716621099,0.17760626917322284
03-Jan-2000 13:00:00,2.1795504982044305,0.059128793049115426,0.17759353813982784
03-Jan-2000 13:05:00,2.177712606665838,0.05910216951170085,0.17752676350496116
03-Jan-2000 13:10:00,2.175046796160619,0.05907639382895562,0.1774198003969401
03-Jan-2000 13:15:00,2.1720815519944496,0.05905143220505074,0.1772975956124963
03-Jan-2000 13:20:00,2.169034391277559,0.05902725296577823,0.17717085093320037
03-Jan-2000 13:25:00,2.1659863005635147,0.05900382551480685,0.17704359882585075
03-Jan-2000 13:30:00,2.1629659374383943,0.058981120408064046,0.1769172827225982
03-Jan-2000 13:35:00,2.159982746519571,0.05895910945018053,0.1767923890614516
03-Jan-2000 13:40:00,2.1570393070253178,0.058937765711983635,0.17666906044824884
03-Jan-2000 13:45:00,2.1541358029298663,0.05891706350006857,0.1765473188035274
03-Jan-2000 13:50:00,2.151271608102648,0.05889697830582849,0.17642714481931643
03-Jan-2000 13:55:00,2.1484458393190233,0.058877486747914924,0.1763085057809773
03-Jan-2000 14:00:00,2.145114567773671,0.058858571541602255,0.1761798044031993
03-Jan-2000 14:05:00,2.1392050350358285,0.058840211341094815,0.17595066941983725
03-Jan-2000 14:10:00,2.131655520458276,0.05882237654570301,0.1756415468169571
03-Jan-2000 14:15:00,2.1235170486693487,0.05880504862218828,0.17530140789713572
03-Jan-2000 14:20:00,2.1152493596704467,0.05878821066847827,0.1749528894974523
03-Jan-2000 14:25:00,2.1070278151156194,0.05877184589520175,0.17460479137900997
03-Jan-2000 14:30:00,2.098914804453409,0.05875593777670068,0.17426031223588836
03-Jan-2000 14:35:00,2.0909300771811608,0.05874047026666856,0.1739205180649213
03-Jan-2000 14:40:00,2.083077711029551,0.058725427903200685,0.1735856847952729
03-Jan-2000 14:45:00,2.07535617583062,0.05871079583959505,0.1732558023620658
03-Jan-2000 14:50:00,2.0677620266892456,0.05869655983955185,0.17293076064904567
03-Jan-2000 14:55:00,2.0602912409578056,0.05868270625770098,0.1726104171700413
03-Jan-2000 15:00:00,2.052697564243221,0.05866922389377378,0.17228945445971
03-Jan-2000 15:05:00,2.043960032354459,0.05865610024797068,0.171923337592412
03-Jan-2000 15:10:00,2.0344700356835896,0.058643319799743174,0.17151880799721775
03-Jan-2000 15:15:00,2.024750893934419,0.058630871311087615,0.1711004569380731
03-Jan-2000 15:20:00,2.015041436411229,0.058618744336390194,0.17068027900263544
03-Jan-2000 15:25:00,2.0054338000634035,0.05860692862087876,0.17026303112282046
03-Jan-2000 15:30:00,1.9959599263611019,0.058595414141191196,0.1698504300656587
03-Jan-2000 15:35:00,1.9866285113127036,0.058584191179821526,0.16944300546816266
03-Jan-2000 15:40:00,1.9774395512381993,0.05857325036047008,0.16904083773088743
03-Jan-2000 15:45:00,1.9683899030758216,0.05856258265576314,0.16864384200959823
03-Jan-2000 15:50:00,1.9594753762000656,0.058552179381446134,0.16825187568210026
03-Jan-2000 15:55:00,1.950691509397331,0.05854203218506011,0.1678647785388089
03-Jan-2000 16:00:00,1.9419184224625985,0.05853213374058981,0.16747987029790215
03-Jan-2000 16:05:00,1.9326516894993504,0.058519390020478124,0.1670747147207269
03-Jan-2000 16:10:00,1.9230668631711065,0.05850455054939311,0.16665188538825154
03-Jan-2000 16:15:00,1.913421551701258,0.05849177020669152,0.16622375947357673
03-Jan-2000 16:20:00,1.9038357164485875,0.058480973295004735,0.1657965429534584
03-Jan-2000 16:25:00,1.8943553848462036,0.058471430313098524,0.16537270580962546
03-Jan-2000 16:30:00,1.884995669692614,0.05846260886936304,0.16495311437364768
03-Jan-2000 16:35:00,1.875759603191472,0.05845421738264127,0.1645380001749759
03-Jan-2000 16:40:00,1.866645665859434,0.05844611447922549,0.16412735215467747
03-Jan-2000 16:45:00,1.8576507048381514,0.05843823539963247,0.16372106976977385
03-Jan-2000 16:50:00,1.8487710485447044,0.058430550514670825,0.1633190218247938
03-Jan-2000 16:55:00,1.840002927402721,0.058423045215387416,0.1629210688554994
03-Jan-2000 17:00:00,1.8313426307259688,0.05841571100851998,0.1625270715712529
03-Jan-2000 17:05:00,1.8227865638515335,0.0584085418257373,0.16213689403040007
03-Jan-2000 17:10:00,1.814331266215558,0.05840153257522005,0.16175040474440164
03-Jan-2000 17:15:00,1.805973415047696,0.05839467860028784,0.16136747700663392
03-Jan-2000 17:20:00,1.7977098237477638,0.0583879754855301,0.1609879889318927
03-Jan-2000 17:25:00,1.789537438312751,0.05838141898920205,0.16061182338621954
03-Jan-2000 17:30:00,1.7814533334873632,0.05837500501890756,0.1602388678863459
03-Jan-2000 17:35:00,1.7734547097761617,0.058368729621201085,0.15986901453758792
03-Jan-2000 17:40:00,1.7655388892334383,0.05836258897528112,0.159502159921972
03-Jan-2000 17:45:00,1.7577033133816848,0.05835657938782302,0.15913820504422097
03-Jan-2000 17:50:00,1.749945542802379,0.05835069728812216,0.15877705538320974
03-Jan-2000 17:55:00,1.7422632550756245,0.05834493922342168,0.15841862088243933
03-Jan-2000 18:00:00,1.7346542408074557,0.010495143877643952,0.15806281584455947
03-Jan-2000 18:05:00,1.7271163509221945,0.007850806608166033,0.157709557864348
03-Jan-2000 18:10:00,1.7196461977207906,0.007367667391930043,0.1573587269410891
03-Jan-2000 18:15:00,1.7122353202072722,0.007236955918434093,0.1570099942515126
03-Jan-2000 18:20:00,1.7048699086963246,0.007168738324041917,0.15666275572451316
03-Jan-2000 18:25:00,1.697535267023707,0.0071112773257604525,0.15631631876666252
03-Jan-2000 18:30:00,1.690219085850583,0.007055790677506466,0.15597007958728176
03-Jan-2000 18:35:00,1.6829127623566422,0.0070012676037200725,0.15562359801389825
03-Jan-2000 18:40:00,1.6756112309111701,0.007037404628694142,0.1552766042596316
03-Jan-2000 18:45:00,1.6683120427274816,0.007160418712112249,0.15492895895559183
03-Jan-2000 18:50:00,1.661014493406086,0.007264844111620862,0.15458061176156268
03-Jan-2000 18:55:00,1.653718961661694,0.007336409776414982,0.15423156845318037
03-Jan-2000 19:00:00,1.6465393427137274,0.0073784234659482716,0.1538845214215153
03-Jan-2000 19:05:00,1.6399742407584765,0.007396437505794829,0.15356352115431185
03-Jan-2000 19:10:00,1.6338503932232553,0.007396593925765747,0.15326596540087364
03-Jan-2000 19:15:00,1.6279083570628001,0.007383708995637252,0.152978314265141
03-Jan-2000 19:20:00,1.6220253842885437,0.007361294095410963,0.15269370088653764
03-Jan-2000 19:25:00,1.6161529113889195,0.007331941754460759,0.15240933630619025
03-Jan-2000 19:30:00,1.6102738671864738,0.007297582765854012,0.15212420959732906
03-Jan-2000 19:35:00,1.6043835608053794,0.007259655325688761,0.15183801749434273
03-Jan-2000 19:40:00,1.5984819826511514,0.007219226897044155,0.15155072713933065
03-Jan-2000 19:45:00,1.5925708137345798,0.007177086317463751,0.15126240516485723
03-Jan-2000 19:50:00,1.5866522759004367,0.0071338141267849415,0.1509731517847143
03-Jan-2000 19:55:00,1.580728694162893,0.007089836000262374,0.1506830754686168
03-Jan-2000 20:00:00,1.5745759527628207,0.007045518935058302,0.15038682911033374
03-Jan-2000 20:05:00,1.5672149225233991,0.007001236476344003,0.15003594090199085
03-Jan-2000 20:10:00,1.5589926548159536,0.006957014801426844,0.14963595968226012
03-Jan-2000 20:15:00,1.5504253283987888,0.006912863928762943,0.14921430150320567
03-Jan-2000 20:20:00,1.541763245993048,0.006868841785997076,0.1487852058618221
03-Jan-2000 20:25:00,1.5331098306886566,0.006825016195428908,0.14835468320977677
03-Jan-2000 20:30:00,1.5245055123571125,0.006781445224585254,0.14792512161709268
03-Jan-2000 20:35:00,1.515965399832391,0.006738172822738035,0.1474974378255361
03-Jan-2000 20:40:00,1.5074946674883583,0.006695230229045329,0.14707196735522257
03-Jan-2000 20:45:00,1.4990946616124479,0.006652638699729005,0.1466488195641614
03-Jan-2000 20:50:00,1.4907662961643695,0.006610412061176784,0.1462280549674824
03-Jan-2000 20:55:00,1.4825091440934015,0.006568558740374189,0.14580969755137377
03-Jan-2000 21:00:00,1.4740069526345216,0.006527154333056489,0.14538589309377084
03-Jan-2000 21:05:00,1.4638483124150194,0.006486412594713111,0.14488504798347154
03-Jan-2000 21:10:00,1.4524589683518914,0.006446171177328211,0.14431130254300306
03-Jan-2000 21:15:00,1.4405805871962711,0.0064062661746860676,0.1437046743188734
03-Jan-2000 21:20:00,1.4286628369313072,0.006366640001720292,0.14308975122815504
03-Jan-2000 21:25:00,1.4169403810565917,0.006327290434546676,0.1424812078643991
03-Jan-2000 21:30:00,1.4054613299316219,0.006288232423864946,0.14188254011198034
03-Jan-2000 21:35:00,1.3942175942634103,0.006249481997222584,0.14129377511956354
03-Jan-2000 21:40:00,1.3832012670231486,0.006211051435246556,0.1407145448186228
03-Jan-2000 21:45:00,1.3723998147714642,0.006172948732356701,0.1401444252266378
03-Jan-2000 21:50:00,1.3617926664696125,0.006135178322308846,0.1395824104304316
03-Jan-2000 21:55:00,1.351369661330811,0.006097741985949109,0.13902799472782065
03-Jan-2000 22:00:00,1.340781007847068,0.0060607568461661316,0.13847196082601912
03-Jan-2000 22:05:00,1.3284403325485323,0.006024619364569312,0.13783078815036154
03-Jan-2000 22:10:00,1.3147153996330527,0.005989076964098964,0.13710313271977623
03-Jan-2000 22:15:00,1.3004230010223183,0.005953792443925907,0.1363342145046987
03-Jan-2000 22:20:00,1.286023673072373,0.005918627571611166,0.13555178602776818
03-Jan-2000 22:25:00,1.2717217095608737,0.005883577166273152,0.13476877829536424
03-Jan-2000 22:30:00,1.2576025015869974,0.005848683359132323,0.13399068569890332
03-Jan-2000 22:35:00,1.243697215899219,0.00581399191852379,0.1332196503902042
03-Jan-2000 22:40:00,1.2300293665361275,0.005779538072539613,0.13245744844146387
03-Jan-2000 22:45:00,1.2165816867518477,0.0057453451191044995,0.13170407801448383
03-Jan-2000 22:50:00,1.2033384260971018,0.0057114269211361035,0.13095743116551997
03-Jan-2000 22:55:00,1.1902885409776203,0.005677790809330341,0.13021732524685967
03-Jan-2000 23:00:00,1.1773626134271413,0.005644488761696606,0.12948189000770985
03-Jan-2000 23:05:00,1.1642451180328899,0.005611668325342395,0.12873411354789271
03-Jan-2000 23:10:00,1.1509386775248787,0.005579208943581588,0.12796972267972911
03-Jan-2000 23:15:00,1.137588755132531,0.005546986987525178,0.12720396285331861
03-Jan-2000 23:20:00,1.124294669616243,0.0055149630745748475,0.1264347075633715
03-Jan-2000 23:25:00,1.1111102649586322,0.005483142777318767,0.125660618794507
03-Jan-2000 23:30:00,1.0980599308966168,0.005451543667272871,0.12488947853027604
03-Jan-2000 23:35:00,1.0851526202835193,0.005420181374293412,0.12412098531032376
03-Jan-2000 23:40:00,1.0723899424602916,0.005389066199670139,0.12335635877805581
03-Jan-2000 23:45:00,1.0597669460285641,0.0053582036429970946,0.12259562506852059
03-Jan-2000 23:50:00,1.047280433957083,0.005327595804551479,0.12183936281463513
03-Jan-2000 23:55:00,1.0349247394041607,0.0052972426314864,0.1210864357935842
04-Jan-2000 00:00:00,1.0226951654127332,0.0052671427951811395,0.12033658711021078
04-Jan-2000 00:05:00,1.010585959087463,0.005237294247789188,0.11958955884458533
04-Jan-2000 00:10:00,0.9985909610542977,0.005207694555227123,0.1188449896961987
04-Jan-2000 00:15:00,0.9867066461307803,0.005178341089132165,0.11810269326764532
04-Jan-2000 00:20:00,0.9749282149631628,0.005149231134684524,0.11736243225002191
04-Jan-2000 00:25:00,0.9632514490722307,0.005120361949952347,0.11662396045228703
04-Jan-2000 00:30:00,0.9516713270191665,0.005091730797979584,0.11588701653549505
04-Jan-2000 00:35:00,0.9401827955978842,0.005063334963789034,0.11515128107142814
04-Jan-2000 00:40:00,0.9287829614539048,0.005035171763160214,0.11441657697122753
04-Jan-2000 00:45:00,0.9174677211946343,0.005007238546956266,0.11368268470326154
04-Jan-2000 00:50:00,0.9062336059800807,0.004979532703074284,0.11294936441517416
04-Jan-2000 00:55:00,0.8950772064535095,0.0049520516571206095,0.11221642100525794
04-Jan-2000 01:00:00,0.8839944024340722,0.0049247928724364225,0.11148358249098793
04-Jan-2000 01:05:00,0.8729828668241975,0.004897753849767163,0.1107506743201293
04-Jan-2000 01:10:00,0.8620401602310678,0.004870932126759554,0.11001754735292217
04-Jan-2000 01:15:00,0.8511631095105298,0.004844325277383508,0.10928397393662681
04-Jan-2000 01:20:00,0.8403493042539942,0.004817930911303017,0.10854978591770031
04-Jan-2000 01:25:00,0.8295955764004506,0.004791746673247736,0.10781476166600588
04-Jan-2000 01:30:00,0.8188994654634417,0.004765770242375024,0.10707868928496594
04-Jan-2000 01:35:00,0.8082596939559222,0.0047399993316459615,0.10634145417550435
04-Jan-2000 01:40:00,0.7976747507434238,0.004714431687208442,0.10560292735838046
04-Jan-2000 01:45:00,0.7871437518421944,0.004689065087790975,0.1048630187717848
04-Jan-2000 01:50:00,0.776664162229914,0.004663897344111132,0.10412153991243102
04-Jan-2000 01:55:00,0.7662329838911268,0.004638926298297426,0.10337824400822872
04-Jan-2000 02:00:00,0.7558486874361585,0.004614149823319181,0.10263295390620196
04-Jan-2000 02:05:00,0.7455102875015013,0.004589565822434277,0.10188555989664122
04-Jan-2000 02:10:00,0.7352158369648437,0.004565172228643887,0.10113587939997896
04-Jan-2000 02:15:00,0.7249639773440479,0.0045409670041637335,0.10038375791454258
04-Jan-2000 02:20:00,0.7147535627980911,0.004516948139901763,0.09962904868185117
04-Jan-2000 02:25:00,0.7045833812729938,0.00449311365495149,0.09887159580820326
04-Jan-2000 02:30:00,0.6944534765497165,0.004469461596095923,0.0981113288204189
04-Jan-2000 02:35:00,0.6843633964042505,0.004445990037315457,0.09734816226622875
04-Jan-2000 02:40:00,0.6743117711634679,0.004422697079317667,0.0965819254965076
04-Jan-2000 02:45:00,0.6642977310638862,0.004399580849065832,0.09581247133183686
04-Jan-2000 02:50:00,0.6543211279679324,0.0043766394993261905,0.09503970388956408
04-Jan-2000 02:55:00,0.6443812474276628,0.004353871208218278,0.09426348488932121
04-Jan-2000 03:00:00,0.6345315824235895,0.004331233068386999,0.09348556446301835
04-Jan-2000 03:05:00,0.6250742227453006,0.0043086307951045654,0.09272788923467913
04-Jan-2000 03:10:00,0.6160138089339112,0.00428616781492398,0.0919977583401688
04-Jan-2000 03:15:00,0.6072056121983846,0.004263910238405637,0.09128448297956251
04-Jan-2000 03:20:00,0.5985453496881717,0.004241868270177276,0.09057904854163397
04-Jan-2000 03:25:00,0.5899799447299033,0.004220031136915147,0.08987648242052707
04-Jan-2000 03:30:00,0.5814851870081832,0.004198384566336502,0.08917459237831706
04-Jan-2000 03:35:00,0.5730447894971753,0.004176916504756775,0.08847188993665994
04-Jan-2000 03:40:00,0.5646568659858344,0.011422012869363356,0.08776772830612067
04-Jan-2000 03:45:00,0.5564569501932282,0.030309967001796695,0.08706965878215335
04-Jan-2000 03:50:00,0.5488399041748234,0.0455781708892845,0.08640737876443098
04-Jan-2000 03:55:00,0.5423321492230209,0.05858891092228985,0.08582593719296747
04-Jan-2000 04:00:00,0.5377111101735623,0.0751307643370074,0.08538149617881849
04-Jan-2000 04:05:00,0.5372847822334179,0.08426974592900066,0.0852555099023365
04-Jan-2000 04:10:00,0.5421358555766949,0.09202606293943402,0.0855797766803981
04-Jan-2000 04:15:00,0.5520836498282363,0.10105159500578538,0.08634848137283842
04-Jan-2000 04:20:00,0.56591251677469,0.1092962602286406,0.08746813906145309
04-Jan-2000 04:25:00,0.582146208708298,0.12087954685135631,0.0887912560469849
04-Jan-2000 04:30:00,0.6017145598819418,0.1289044912838443,0.09033135136843495
04-Jan-2000 04:35:00,0.6299816493704887,0.14324649133752085,0.09248165862705107
04-Jan-2000 04:40:00,0.6637229688721673,0.15534562313457154,0.09500556859842413
04-Jan-2000 04:45:00,0.7126469778798855,0.16631735758532226,0.09856115471330361
04-Jan-2000 04:50:00,0.7690232212729861,0.17467157681568632,0.10256211204508957
04-Jan-2000 04:55:00,0.8344603502522584,0.1800904012961612,0.10706832201885433
04-Jan-2000 05:00:00,0.916432052448113,0.1879184366802924,0.11244410593441387
04-Jan-2000 05:05:00,1.0012204396272273,0.18937470557162694,0.11780061563505494
04-Jan-2000 05:10:00,1.0916952380458005,0.19008032418756668,0.1232902244782134
04-Jan-2000 05:15:00,1.185615339458218,0.1987637109312492,0.12883822550284574
04-Jan-2000 05:20:00,1.285587993464785,0.20648635879697952,0.1343756041218866
04-Jan-2000 05:25:00,1.3964613177515746,0.20647784163555127,0.1402509846982775
04-Jan-2000 05:30:00,1.5172334295072205,0.2070642284055832,0.14645126852908358
04-Jan-2000 05:35:00,1.6357129559834784,0.20784193190230957,0.15233755641248758
04-Jan-2000 05:40:00,1.7562337207261725,0.20537452131661924,0.15805216698479166
04-Jan-2000 05:45:00,1.878417555534179,0.20754768053630282,0.16367114324916393
04-Jan-2000 05:50:00,1.997264490822648,0.20386916171131053,0.16898196585015346
04-Jan-2000 05:55:00,2.1127046493634825,0.20298807347421302,0.1739883612218387
04-Jan-2000 06:00:00,2.231303265086705,0.20767224862483544,0.17896266713277162
04-Jan-2000 06:05:00,2.3356489307359007,0.20789288301940426,0.18322463219492416
04-Jan-2000 06:10:00,2.453717512129305,0.21038788819910298,0.18794481845608663
04-Jan-2000 06:15:00,2.5614299903198314,0.21566737629052396,0.19213341486310714
04-Jan-2000 06:20:00,2.6725718114407497,0.22172478735937506,0.19632494948050228
04-Jan-2000 06:25:00,2.79147744958396,0.2234718730772837,0.20069536722582845
04-Jan-2000 06:30:00,2.922399742314765,0.23103247141981972,0.20538638778766327
04-Jan-2000 06:35:00,3.05928653224675,0.23291481963062294,0.21023241805051723
04-Jan-2000 06:40:00,3.2004872751105307,0.2321825097236414,0.21512236598005963
04-Jan-2000 06:45:00,3.3418371551189656,0.22656978470055467,0.2199397613299197
04-Jan-2000 06:50:00,3.4780867589787547,0.2151229798196328,0.22451637992865395
04-Jan-2000 06:55:00,3.6029985615843105,0.20864202924000125,0.22865351048204122
04-Jan-2000 07:00:00,3.7084738056207307,0.19837433073640467,0.23207593134559545
04-Jan-2000 07:05:00,3.8146108181934775,0.18405915501602724,0.2355216996975387
04-Jan-2000 07:10:00,3.8996307292947665,0.17870621360781958,0.2382339851563012
04-Jan-2000 07:15:00,3.9776032127879355,0.17198574146060833,0.24069695295120402
04-Jan-2000 07:20:00,4.045397193156183,0.1732002517792851,0.24280776670817192
04-Jan-2000 07:25:00,4.105799301848782,0.17108215683440067,0.24466319609925713
04-Jan-2000 07:30:00,4.163159427337812,0.17293563346134042,0.24640039365688665
04-Jan-2000 07:35:00,4.21866241932076,0.16935382003607632,0.24806526418359554
04-Jan-2000 07:40:00,4.273516750050425,0.1608688789850218,0.2496985014952764
04-Jan-2000 07:45:00,4.329399002560553,0.15773701464128467,0.2513365082646286
04-Jan-2000 07:50:00,4.384910611239339,0.15128377114246516,0.25296545940177534
04-Jan-2000 07:55:00,4.43578902727644,0.14580747854632992,0.2544475870123245
04-Jan-2000 08:00:00,4.488335565655267,0.14650076043659163,0.2559914076590258
04-Jan-2000 08:05:00,4.534264223758056,0.14677041996902548,0.2573393795988145
04-Jan-2000 08:10:00,4.580040967368616,0.14238095756764993,0.25863883005432076
04-Jan-2000 08:15:00,4.629137887944105,0.1378070473246998,0.26003111951838753
04-Jan-2000 08:20:00,4.6733878151163575,0.12961935376618058,0.2613230714855991
04-Jan-2000 08:25:00,4.703723408440547,0.1227175620895646,0.2622263983110609
04-Jan-2000 08:30:00,4.724347083882477,0.11625140875382717,0.2628691223521953
04-Jan-2000 08:35:00,4.731696451544321,0.11064171672123477,0.26313166176619973
04-Jan-2000 08:40:00,4.727773233242044,0.10576283176271671,0.2630678870181329
04-Jan-2000 08:45:00,4.714806704505777,0.10147992345173054,0.2627401510641285
04-Jan-2000 08:50:00,4.694778315227628,0.09771613830522151,0.2622049745696825
04-Jan-2000 08:55:00,4.669278873512082,0.09434604674179478,0.26150769417198594
04-Jan-2000 09:00:00,4.6397519792604704,0.09138639896932606,0.26068709551187685
04-Jan-2000 09:05:00,4.607726396771783,0.08876961137350967,0.259788286372718
04-Jan-2000 09:10:00,4.573571976492698,0.0864045206193742,0.25882454029819074
04-Jan-2000 09:15:00,4.537614870050048,0.08427869965112937,0.2578038337072812
04-Jan-2000 09:20:00,4.500243284335971,0.08237436050410556,0.25673659683619443
04-Jan-2000 09:25:00,4.461816519805185,0.0806548300621577,0.2556328706165878
04-Jan-2000 09:30:00,4.422639816773441,0.07909350259490357,0.25450128398157457
04-Jan-2000 09:35:00,4.382966274042373,0.0776665776485932,0.25334907045616384
04-Jan-2000 09:40:00,4.3430049169697815,0.07636366201770282,0.2521822597389051
04-Jan-2000 09:45:00,4.302928288595003,0.07518015465290155,0.2510061455558596
04-Jan-2000 09:50:00,4.2628789600621895,0.07410247271588716,0.24982536163924002
04-Jan-2000 09:55:00,4.222975294198532,0.07311825049626473,0.24864279340554227
04-Jan-2000 10:00:00,4.183627344167225,0.07222797293698505,0.24746720821071122
04-Jan-2000 10:05:00,4.146053711831355,0.07142417507363218,0.24633430401058512
04-Jan-2000 10:10:00,4.109689639067853,0.0706712396040357,0.2452369085840771
04-Jan-2000 10:15:00,4.074035333097135,0.06996873575566516,0.24415759155538486
04-Jan-2000 10:20:00,4.038929781530871,0.069317568282898,0.24309056744106736
04-Jan-2000 10:25:00,4.00434119818973,0.06869931374302198,0.24203464850759399
04-Jan-2000 10:30:00,3.9702774299285655,0.06812505166767935,0.2409901157385373
04-Jan-2000 10:35:00,3.9367554191886245,0.06759279370709012,0.23995762329349535
04-Jan-2000 10:40:00,3.9037917496255554,0.06709877014201265,0.23893785025407596
04-Jan-2000 10:45:00,3.8714001063935832,0.06663958629616894,0.23793140155705308
04-Jan-2000 10:50:00,3.839590878624638,0.06621219514880769,0.23693878752608458
04-Jan-2000 10:55:00,3.808371698935004,0.06581386194596833,0.23596043166355765
04-Jan-2000 11:00:00,3.778056697259592,0.06544208236580254,0.23500178772128022
04-Jan-2000 11:05:00,3.7497782616632156,0.06509465617994842,0.23410635086141837
04-Jan-2000 11:10:00,3.722919734586673,0.06476966864684039,0.23325572351194893
04-Jan-2000 11:15:00,3.696924925368571,0.06446530524336214,0.23242690610334957
04-Jan-2000 11:20:00,3.6715815620157164,0.06417992173106218,0.23161663609260807
04-Jan-2000 11:25:00,3.6468150231824037,0.06391203461470407,0.2308222433716455
04-Jan-2000 11:30:00,3.6225975541329056,0.06366030138939006,0.23004284378324233
04-Jan-2000 11:35:00,3.5989161876109317,0.06342350294354905,0.22927812468128145
04-Jan-2000 11:40:00,3.5757621569776696,0.06319632017409908,0.2285279377323741
04-Jan-2000 11:45:00,3.553127892044579,0.06298146150823858,0.22779217527321213
04-Jan-2000 11:50:00,3.5310061210160537,0.06277877329925842,0.22707074553595047
04-Jan-2000 11:55:00,3.5093880984146626,0.06258738138369824,0.22636350690149443
04-Jan-2000 12:00:00,3.4885763392217655,0.062406468677869344,0.2256754208551747
04-Jan-2000 12:05:00,3.4696929388937368,0.06223531499127348,0.22504583755747423
04-Jan-2000 12:10:00,3.4521029556445364,0.062073298129429466,0.22446201682731953
04-Jan-2000 12:15:00,3.4352440199083305,0.06191980188800101,0.22390298037150547
04-Jan-2000 12:20:00,3.4188984779604086,0.06177425737782383,0.22336032419144186
04-Jan-2000 12:25:00,3.402986834678199,0.061636143778097556,0.2228310296166817
04-Jan-2000 12:30:00,3.3874773374020575,0.06150498279435258,0.22231396819220497
04-Jan-2000 12:35:00,3.372353896704969,0.06138033376047954,0.2218086351130946
04-Jan-2000 12:40:00,3.357605409190394,0.06126178975978645,0.22131472292391716
04-Jan-2000 12:45:00,3.3432223367787635,0.06114897443507002,0.2208319838075763
04-Jan-2000 12:50:00,3.329195646129722,0.06104153925035442,0.22035977322585487
04-Jan-2000 12:55:00,3.315536392374656,0.06093916107697779,0.2198985832968281
04-Jan-2000 13:00:00,3.3022805700595574,0.06084155332117659,0.21945192413180048
04-Jan-2000 13:05:00,3.2888256762546475,0.0637309982362859,0.21899819262466264
04-Jan-2000 13:10:00,3.275625499826547,0.06452384384373319,0.21855042875157868
04-Jan-2000 13:15:00,3.2626605451595614,0.06408680783623566,0.2181105983217718
04-Jan-2000 13:20:00,3.2498703030772376,0.06376865781091806,0.21767602935946093
04-Jan-2000 13:25:00,3.2372383340537327,0.06350424830705774,0.21724600597453086
04-Jan-2000 13:30:00,3.2247664037967336,0.06326584669863095,0.21682055160630517
04-Jan-2000 13:35:00,3.212460272790972,0.0630438462935366,0.21639988854393763
04-Jan-2000 13:40:00,3.200324479468276,0.06283643886662138,0.21598420773880173
04-Jan-2000 13:45:00,3.1883624385798464,0.0626413908348996,0.21557366133807795
04-Jan-2000 13:50:00,3.176576549854379,0.0624573793913255,0.21516836690053331
04-Jan-2000 13:55:00,3.1649683155892117,0.062283467630170376,0.21476841084153825
04-Jan-2000 14:00:00,3.152937659320465,0.062118945576501806,0.21436314716084537
04-Jan-2000 14:05:00,3.1383137382503867,0.061963155044554845,0.21387330152240258
04-Jan-2000 14:10:00,3.1222136962974205,0.06181543178980327,0.2133218571121331
04-Jan-2000 14:15:00,3.1057161955759662,0.06167525357537469,0.21275070176438754
04-Jan-2000 14:20:00,3.089256299114012,0.061542146362465674,0.21217765834309305
04-Jan-2000 14:25:00,3.0729877107429755,0.0614156677169378,0.21160917329480555
04-Jan-2000 14:30:00,3.056960734476066,0.06129540524034104,0.2110474364515956
04-Jan-2000 14:35:00,3.0411893209895298,0.06118097570726419,0.21049312834412143
04-Jan-2000 14:40:00,3.0256748410352223,0.06107202350239038,0.20994640342016518
04-Jan-2000 14:45:00,3.010414326888041,0.06096821869029655,0.2094072328311507
04-Jan-2000 14:50:00,2.995403300613334,0.06086925502392264,0.20887552253319555
04-Jan-2000 14:55:00,2.9806367445615094,0.06077484803740373,0.20835115389133854
04-Jan-2000 15:00:00,2.9658486502846264,0.06068474649174231,0.2078293076659021
04-Jan-2000 15:05:00,2.9499688290117754,0.06059870354024767,0.20727089950368163
04-Jan-2000 15:10:00,2.9334499193651906,0.06051646602318962,0.20668353828684
04-Jan-2000 15:15:00,2.91683524830257,0.06043782304330845,0.20608865270813986
04-Jan-2000 15:20:00,2.9003551130318335,0.0603625798213739,0.20549596023773414
04-Jan-2000 15:25:00,2.8840978762199803,0.060290552855681606,0.20490920907106522
04-Jan-2000 15:30:00,2.8680914632754653,0.060221569482280156,0.20432978396790014
04-Jan-2000 15:35:00,2.8523367972219504,0.06015546763925155,0.20375784690453427
04-Jan-2000 15:40:00,2.83683029823051,0.060092095395785645,0.20319335066794528
04-Jan-2000 15:45:00,2.8215664746976223,0.060031310347749486,0.2026361653203167
04-Jan-2000 15:50:00,2.806539119282954,0.059972978979443606,0.2020861272075778
04-Jan-2000 15:55:00,2.7917419048683505,0.05991697604167364,0.2015430609795191
04-Jan-2000 16:00:00,2.7770535740706213,0.05986181304570902,0.20100470625858108
04-Jan-2000 16:05:00,2.761958041882131,0.059799614393591695,0.2004519401618767
04-Jan-2000 16:10:00,2.7466357090552513,0.059740896068361624,0.19988710018373315
04-Jan-2000 16:15:00,2.7313473708165765,0.05968818673925466,0.19932066586946504
04-Jan-2000 16:20:00,2.7162114109877566,0.062268511912126054,0.19875777885270024
04-Jan-2000 16:25:00,2.701271020776718,0.06304923260150394,0.1982004134359324
04-Jan-2000 16:30:00,2.6865389470744994,0.06270386407803162,0.19764921910539934
04-Jan-2000 16:35:00,2.672017621410583,0.06246363717456431,0.19710437663367575
04-Jan-2000 16:40:00,2.657706626844192,0.062269050149225603,0.19656593469220765
04-Jan-2000 16:45:00,2.643603596332798,0.06209666290588738,0.19603387128564265
04-Jan-2000 16:50:00,2.629704309605187,0.06193747971885655,0.1955080889306657
04-Jan-2000 16:55:00,2.61600343434398,0.061787991447427366,0.19498844243015315
04-Jan-2000 17:00:00,2.6024949839478375,0.06164668554863014,0.19447475690255744
04-Jan-2000 17:05:00,2.5891726718410117,0.06151275502458453,0.19396684152996402
04-Jan-2000 17:10:00,2.5760301623745834,0.061385644089172894,0.19346449970886592
04-Jan-2000 17:15:00,2.563061221082533,0.06126489585224741,0.1929675353922616
04-Jan-2000 17:20:00,2.550259792423446,0.06115010330263848,0.19247575653660293
04-Jan-2000 17:25:00,2.5376200338539765,0.06104089358766931,0.19198897674531207
04-Jan-2000 17:30:00,2.525136326500828,0.060936922308215034,0.19150701591970679
04-Jan-2000 17:35:00,2.512821183225993,0.060837870601861944,0.19102994454955075
04-Jan-2000 17:40:00,2.501011017827439,0.06074344296918611,0.19056779324980638
04-Jan-2000 17:45:00,2.4899138444594247,0.06065336534222316,0.19013306025590576
04-Jan-2000 17:50:00,2.4792128625813783,0.06056738330452576,0.1897149612176929
04-Jan-2000 17:55:00,2.4686839729462005,0.06048526045580652,0.18930374715789464
04-Jan-2000 18:00:00,2.4582301486159834,0.01839616043878411,0.1888950113952896
04-Jan-2000 18:05:00,2.4478147386573,0.01782736933209637,0.18848705253173467
04-Jan-2000 18:10:00,2.4374244369206695,0.017558441901886004,0.18807925915512788
04-Jan-2000 18:15:00,2.4270506656788076,0.017300275499007898,0.1876712922971879
04-Jan-2000 18:20:00,2.4166836083346372,0.0170495726594674,0.18726277185576518
04-Jan-2000 18:25:00,2.406313729348641,0.016906625146551474,0.1868533078990068
04-Jan-2000 18:30:00,2.3959339392907757,0.01692583583882501,0.18644259268706437
04-Jan-2000 18:35:00,2.385540230364608,0.016886433769720575,0.18603043791137178
04-Jan-2000 18:40:00,2.3751311864939995,0.016794313736773092,0.1856167617223961
04-Jan-2000 18:45:00,2.364707191790863,0.016666494041925384,0.18520155879139855
04-Jan-2000 18:50:00,2.3542697445433833,0.016515663735805524,0.18478487250170345
04-Jan-2000 18:55:00,2.343820970020437,0.01635069442815434,0.18436677459374215
04-Jan-2000 19:00:00,2.3334801220035204,0.016177508624566826,0.1839496826513593
04-Jan-2000 19:05:00,2.3237591676697313,0.015999986084104093,0.1835543515278555
04-Jan-2000 19:10:00,2.3144745854229765,0.015821244300724086,0.18317817997338928
04-Jan-2000 19:15:00,2.3053622360483437,0.015643202266259693,0.18280959454955123
04-Jan-2000 19:20:00,2.2963012264892475,0.01546700861923491,0.18244291174987404
04-Jan-2000 19:25:00,2.287246295388096,0.015293364478061003,0.18207593870134
04-Jan-2000 19:30:00,2.2781816294209545,0.015122693384196731,0.1817078982348697
04-Jan-2000 19:35:00,2.2691025769383124,0.014955239858963094,0.18133853981318962
04-Jan-2000 19:40:00,2.260009069471448,0.014791131105247234,0.1809678309872735
04-Jan-2000 19:45:00,2.250902739754294,0.014630417158379972,0.18059582266169402
04-Jan-2000 19:50:00,2.241785765667089,0.014473097477457718,0.18022259389149886
04-Jan-2000 19:55:00,2.232660439632303,0.014319139061969898,0.17984823104014014
04-Jan-2000 20:00:00,2.22329604766824,0.014168665743659695,0.17946804814653325
04-Jan-2000 20:05:00,2.2126907875183,0.014021957848844776,0.17904033028850752
04-Jan-2000 20:10:00,2.2012085060698117,0.013878501616393788,0.1785704342342294
04-Jan-2000 20:15:00,2.189374648137116,0.013737991263569397,0.17808180872002768
04-Jan-2000 20:20:00,2.1774567136458756,0.027863056450197852,0.1775866030395155
04-Jan-2000 20:25:00,2.165938317371821,0.05544609534115156,0.17710148752966676
04-Jan-2000 20:30:00,2.155717489758619,0.07661371122918516,0.17666120030126897
04-Jan-2000 20:35:00,2.149044606335521,0.08847979628146083,0.17634498059809522
04-Jan-2000 20:40:00,2.1491313901193236,0.10080526812836423,0.17629144877366862
04-Jan-2000 20:45:00,2.157576095524004,0.10804889928468735,0.17658285968706386
04-Jan-2000 20:50:00,2.1729206662377143,0.11031335625806046,0.177178947716231
04-Jan-2000 20:55:00,2.1963233593200333,0.11468791917315938,0.1780793582514977
04-Jan-2000 21:00:00,2.22982523365367,0.11352477349804878,0.17939771046338057
04-Jan-2000 21:05:00,2.271536156573713,0.10653819764447992,0.1810480157294125
04-Jan-2000 21:10:00,2.3205573663319354,0.10959112233112621,0.18299127006880817
04-Jan-2000 21:15:00,2.3762273185405243,0.10940763327299141,0.18517742162934453
04-Jan-2000 21:20:00,2.437893448226824,0.11323989638188824,0.1875860092356175
04-Jan-2000 21:25:00,2.5038390830814805,0.12267892643726039,0.19013860578935143
04-Jan-2000 21:30:00,2.5747685978462282,0.12290753281384384,0.19283667314877906
04-Jan-2000 21:35:00,2.6517947832000877,0.11924501161837472,0.19572482563572136
04-Jan-2000 21:40:00,2.7353551385017374,0.11589468330020346,0.19881333989582542
04-Jan-2000 21:45:00,2.822705624626945,0.10876231417091539,0.2020229861595985
04-Jan-2000 21:50:00,2.9088516587725257,0.10127386384521339,0.20517255113037752
04-Jan-2000 21:55:00,2.9858191495166846,0.0948031949506325,0.20800655832645132
04-Jan-2000 22:00:00,3.045457279991109,0.08906128595550805,0.21023820486225475
04-Jan-2000 22:05:00,3.0841839204174715,0.08393375626334199,0.21171358078168603
04-Jan-2000 22:10:00,3.106242598931346,0.07935730546619207,0.2125711297569974
04-Jan-2000 22:15:00,3.115680031766806,0.07524097649313237,0.21296666483856894
04-Jan-2000 22:20:00,3.115432586670981,0.07151589326406224,0.21301027482878573
04-Jan-2000 22:25:00,3.107679564750842,0.06815457370237547,0.21278204340666768
04-Jan-2000 22:30:00,3.0940100210041726,0.06507356966169588,0.21233933958750434
04-Jan-2000 22:35:00,3.0756468474390712,0.06222994654854822,0.21172535100189258
04-Jan-2000 22:40:00,3.0535711470064055,0.05960211045518627,0.2109739689040502
04-Jan-2000 22:45:00,3.028646989858313,0.057202826467408124,0.21011527871522764
04-Jan-2000 22:50:00,3.00141839072196,0.054948987433898255,0.20916885432685914
04-Jan-2000 22:55:00,2.9723195358082823,0.052849171578859,0.20814923736392502
04-Jan-2000 23:00:00,2.941611944127313,0.05089029794475877,0.20706711544416
04-Jan-2000 23:05:00,2.909116879628394,0.04907357114410668,0.20591518552706392
04-Jan-2000 23:10:00,2.8752980261564276,0.04739053972048453,0.20470531055399163
04-Jan-2000 23:15:00,2.8406403688344364,0.045784444368848286,0.20345528293616627
04-Jan-2000 23:20:00,2.80544589864449,0.04427383256083579,0.20217634506927618
04-Jan-2000 23:25:00,2.769913485772556,0.04285553290409387,0.20087574475263528
04-Jan-2000 23:30:00,2.734188318015503,0.04154455579749091,0.1995586992747381
04-Jan-2000 23:35:00,2.6983858027995598,0.04032825406147034,0.19822932956112901
04-Jan-2000 23:40:00,2.662600709248651,0.03919620051508535,0.1968910760828243
04-Jan-2000 23:45:00,2.626909683095579,0.03813973452865964,0.19554674981569087
04-Jan-2000 23:50:00,2.5913769528313657,0.03710367794834255,0.19419874314772625
04-Jan-2000 23:55:00,2.556056497243648,0.03612370748904709,0.19284910771039007
05-Jan-2000 00:00:00,2.5209937325120246,0.03516513093538081,0.1914996157507688
05-Jan-2000 00:05:00,2.4862265837225883,0.03425938742307948,0.19015178941409414
05-Jan-2000 00:10:00,2.4517871278589163,0.03340720774141764,0.1888069559759796
05-Jan-2000 00:15:00,2.4177016531533533,0.03260460602270826,0.18746625574952067
05-Jan-2000 00:20:00,2.3839915150065196,0.03184800254650717,0.1861306549709279
05-Jan-2000 00:25:00,2.3506742160401792,0.03113417937945794,0.18480098897536912
05-Jan-2000 00:30:00,2.3177638699140366,0.030460240374762363,0.18347797747633443
05-Jan-2000 00:35:00,2.285271605195203,0.02982354455048349,0.1821622366227878
05-Jan-2000 00:40:00,2.2532059408506666,0.029208885561749044,0.18085429055339344
05-Jan-2000 00:45:00,2.221573128916618,0.02859022401650318,0.17955458199870802
05-Jan-2000 00:50:00,2.1903775977611115,0.0279960625568444,0.17826348626029473
05-Jan-2000 00:55:00,2.159622217035476,0.02742755191768999,0.17698132370370362
05-Jan-2000 01:00:00,2.129308014892214,0.026874072467426936,0.17570834668622573
05-Jan-2000 01:05:00,2.099434489612721,0.02632416708354554,0.17444474480111324
05-Jan-2000 01:10:00,2.0700000355899792,0.025797994410937997,0.17319066227058982
05-Jan-2000 01:15:00,2.041002140545802,0.02529505017861877,0.17194620596232185
05-Jan-2000 01:20:00,2.0124374953671684,0.024814056186288798,0.17071144899818969
05-Jan-2000 01:25:00,1.984302097319985,0.024353790322402084,0.16948643400821897
05-Jan-2000 01:30:00,1.956591337123591,0.02391310381500769,0.1682711759120119
05-Jan-2000 01:35:00,1.9293005828973775,0.02349092136422472,0.16706567816095466
05-Jan-2000 01:40:00,1.9024253535812565,0.023086238458379437,0.16586996155095607
05-Jan-2000 01:45:00,1.8759594257363645,0.02269812029644018,0.1646839719886048
05-Jan-2000 01:50:00,1.8498958792332356,0.022325694833820117,0.16350761132756175
05-Jan-2000 01:55:00,1.8242277617691984,0.0219681430683104,0.16234077070373376
05-Jan-2000 02:00:00,1.798949821169211,0.0216247002247171,0.16118339129865453
05-Jan-2000 02:05:00,1.7740590310892117,0.02129465177225512,0.16003553696422318
05-Jan-2000 02:10:00,1.7495511469761766,0.020977329430996613,0.1588972239039824
05-Jan-2000 02:15:00,1.7254217665485094,0.020671375005561276,0.1577684535744554
05-Jan-2000 02:20:00,1.7016661462426483,0.02036199376766115,0.15664921250867306
05-Jan-2000 02:25:00,1.6782790754395145,0.02006028679494907,0.15553946241159652
05-Jan-2000 02:30:00,1.6552552807335943,0.019768271722344914,0.15443915421233168
05-Jan-2000 02:35:00,1.632589704449221,0.019485554428410896,0.15334824656748375
05-Jan-2000 02:40:00,1.610277162863209,0.01921171361742762,0.15226669245529248
05-Jan-2000 02:45:00,1.5883121079088995,0.018946358813903923,0.15119442516108492
05-Jan-2000 02:50:00,1.5666885844596379,0.01868912625454435,0.15013135429110097
05-Jan-2000 02:55:00,1.5454002796667252,0.018439674928892816,0.14907736680202874
05-Jan-2000 03:00:00,1.5245121776877675,0.018197413741136665,0.14803402622036924
05-Jan-2000 03:05:00,1.5044114280917433,0.01795756202144969,0.14701986537115047
05-Jan-2000 03:10:00,1.4850707490873976,0.01771802059168319,0.14603882072711233
05-Jan-2000 03:15:00,1.4662816669143282,0.017484662109707345,0.14508099204930391
05-Jan-2000 03:20:00,1.4479013079933654,0.017257638191480396,0.14413876356616745
05-Jan-2000 03:25:00,1.429907851180977,0.017036674932238864,0.14320933762814017
05-Jan-2000 03:30:00,1.41249031419075,0.01682149271515375,0.14230271747452294
05-Jan-2000 03:35:00,1.3955962547022154,0.01661183718031561,0.14141855878551854
05-Jan-2000 03:40:00,1.3791463323014432,0.016407479746823245,0.14055267151618284
05-Jan-2000 03:45:00,1.363087606112663,0.016208213476761105,0.13970269638996083
05-Jan-2000 03:50:00,1.3473781735490937,0.016013848727439432,0.13886635775895892
05-Jan-2000 03:55:00,1.3319832101219125,0.015824209648713724,0.13804215659558236
05-Jan-2000 04:00:00,1.3170948336578465,0.015638531570645313,0.13723428534382626
05-Jan-2000 04:05:00,1.3038395564862002,0.015455672009616473,0.13650112513247062
05-Jan-2000 04:10:00,1.2920312323523262,0.015276955593105601,0.13584916709509873
05-Jan-2000 04:15:00,1.281018745004468,0.015102846334542333,0.13524314403344473
05-Jan-2000 04:20:00,1.2704116651415245,0.014933250899471283,0.13465948418066448
05-Jan-2000 04:25:00,1.2600288050530497,0.01476793459277814,0.13408691362207273
05-Jan-2000 04:30:00,1.2497881363240397,0.014606656658512542,0.13352035865208564
05-Jan-2000 04:35:00,1.239652709518818,0.014449204765346394,0.13295748062228196
05-Jan-2000 04:40:00,1.2296078724831956,0.014295401042285523,0.13239762472504707
05-Jan-2000 04:45:00,1.2196449392587432,0.014145093126792727,0.13184041901903598
05-Jan-2000 04:50:00,1.2097590705101815,0.013998144363201069,0.13128465700552375
05-Jan-2000 04:55:00,1.1999487180287862,0.013854433014256368,0.13073073428582416
05-Jan-2000 05:00:00,1.1904576352761602,0.013713483580644234,0.13018519829219874
05-Jan-2000 05:05:00,1.182484540071577,0.013574539089404284,0.1297146087170314
05-Jan-2000 05:10:00,1.1757284262454333,0.013438409134526453,0.12931968467442537
05-Jan-2000 05:15:00,1.1695428020829015,0.013305413814081433,0.12896174091125873
05-Jan-2000 05:20:00,1.1635873596565645,0.013175508885546411,0.12861857177562067
05-Jan-2000 05:25:00,1.1577156361216794,0.013048552847260177,0.12828035320845255
05-Jan-2000 05:30:00,1.1518697109824259,0.012924397104893915,0.12794313313117683
05-Jan-2000 05:35:00,1.146028441404091,0.01280290898809807,0.12760543020324783
05-Jan-2000 05:40:00,1.1401854710468409,0.012683974158153824,0.12726930026969444
05-Jan-2000 05:45:00,1.1343396633140934,0.012567493734588176,0.12693283903407554
05-Jan-2000 05:50:00,1.1284918810006124,0.012453380799123687,0.1265920801664239
05-Jan-2000 05:55:00,1.1226444157873945,0.012341557483597785,0.1262503903593976
05-Jan-2000 06:00:00,1.1169812098175185,0.06491029939647484,0.12591267733802955
05-Jan-2000 06:05:00,1.1123156210139706,0.06112967684955105,0.12562602113205182
05-Jan-2000 06:10:00,1.1083990041131702,0.059700439987666234,0.12538896577840145
05-Jan-2000 06:15:00,1.1048056549274157,0.05912910403569097,0.12517452140958704
05-Jan-2000 06:20:00,1.101331254033924,0.058900775558623115,0.12496840259713647
05-Jan-2000 06:25:00,1.097900202410257,0.05880693334274845,0.12476506167558975
05-Jan-2000 06:30:00,1.0944919883975541,0.05876398164322043,0.12456285409410134
05-Jan-2000 06:35:00,1.0911058237202804,0.05873957725946845,0.12436159634497015
05-Jan-2000 06:40:00,1.0877460044820644,0.05872174527582653,0.12416152299862142
05-Jan-2000 06:45:00,1.0844167756058256,0.05870626871843279,0.12396290368358719
05-Jan-2000 06:50:00,1.0811210695559916,0.05869174559496815,0.12376593717678756
05-Jan-2000 06:55:00,1.0778605095944294,0.058677740316577603,0.1235703665385064
05-Jan-2000 07:00:00,1.0748240710309098,0.05867129465835789,0.12338178900925013
05-Jan-2000 07:05:00,1.0728418576694558,0.05866455916445462,0.12324989019450992
05-Jan-2000 07:10:00,1.0716233636325487,0.05865410577748983,0.12317020744494382
05-Jan-2000 07:15:00,1.0707356117408109,0.058642385105816645,0.1231143012059178
05-Jan-2000 07:20:00,1.0699716445741474,0.05863035974597317,0.12306751712932597
05-Jan-2000 07:25:00,1.0692469337145782,0.058618403910901784,0.12302375099029955
05-Jan-2000 07:30:00,1.0685291037030795,0.058606659476223524,0.12298063558461945
05-Jan-2000 07:35:00,1.067806599159148,0.05859517662535656,0.12293731011698743
05-Jan-2000 07:40:00,1.0670759078406853,0.058583969479830855,0.12289349947386496
05-Jan-2000 07:45:00,1.06633653644012,0.058573038107531866,0.12284914989544411
05-Jan-2000 07:50:00,1.065589078249783,0.05856237722569508,0.12280428825168503
05-Jan-2000 07:55:00,1.0648344826604137,0.05855197963733583,0.12275896862383535
05-Jan-2000 08:00:00,1.0640737858271971,0.05854183758294974,0.12271325248163308
05-Jan-2000 08:05:00,1.063308014332402,0.05853194326711964,0.12266720154182521
05-Jan-2000 08:10:00,1.062538152361538,0.05852228905879227,0.122620875299579
05-Jan-2000 08:15:00,1.061765131079973,0.058512867562702235,0.1225743302196335
05-Jan-2000 08:20:00,1.0609898260052455,0.05850367164016699,0.12252761950480887
05-Jan-2000 08:25:00,1.060213058288869,0.0584946944101936,0.12248079313182829
05-Jan-2000 08:30:00,1.0594355977048506,0.05848592924312924,0.12243389801690377
05-Jan-2000 08:35:00,1.0586581661709245,0.05847736975172144,0.12238697816486971
05-Jan-2000 08:40:00,1.0578815166551392,0.05846900978143492,0.12234007809840675
05-Jan-2000 08:45:00,1.0571063212758538,0.0584608434008069,0.12229324096968584
05-Jan-2000 08:50:00,1.0563330935622732,0.058452864892078384,0.12224649874026347
05-Jan-2000 08:55:00,1.0555623372546745,0.05844506874221517,0.12219988196290406
05-Jan-2000 09:00:00,1.0548925653460492,0.05843744909806565,0.12215613119660633
05-Jan-2000 09:05:00,1.054742853997329,0.058430000827331394,0.1221406010876906
05-Jan-2000 09:10:00,1.054955593643583,0.05842271997045411,0.12215036957887077
05-Jan-2000 09:15:00,1.0553144120253724,0.058415601661523264,0.12217095049790483
05-Jan-2000 09:20:00,1.0557184557711878,0.05840864111469404,0.12219509801679238
05-Jan-2000 09:25:00,1.056127419478254,0.058401833776516705,0.12221985988510033
05-Jan-2000 09:30:00,1.0565264403800874,0.05839517530013316,0.12224412937285856
05-Jan-2000 09:35:00,1.056910714623805,0.05838866151232384,0.1222675356757488
05-Jan-2000 09:40:00,1.0572792646485702,0.05838228839257651,0.12228999008534669
05-Jan-2000 09:45:00,1.057632502505238,0.05837605206048794,0.12231150735307683
05-Jan-2000 09:50:00,1.0579713088902207,0.058369948767412215,0.12233213776835129
05-Jan-2000 09:55:00,1.058296693546387,0.05836397489011399,0.12235194200869354
05-Jan-2000 10:00:00,1.05881173891618,0.05835812611675335,0.12237656842566111
05-Jan-2000 10:05:00,1.0603666468053738,0.05835239906569627,0.12245759032957275
05-Jan-2000 10:10:00,1.0626242094913925,0.05834679194027646,0.12258784809193296
05-Jan-2000 10:15:00,1.0651481593738528,0.0583413014260971,0.12273792633983688
05-Jan-2000 10:20:00,1.0677397899576186,0.058335924191335396,0.12289351404558409
05-Jan-2000 10:25:00,1.0703210366976295,0.058330657114695594,0.1230488950593406
05-Jan-2000 10:30:00,1.0728636869236556,0.05832549725015767,0.1232019767123467
05-Jan-2000 10:35:00,1.0753589236787113,0.0583204417830614,0.12335208622370147
05-Jan-2000 10:40:00,1.07780522035572,0.05831548800439109,0.12349876709293078
05-Jan-2000 10:45:00,1.0802037022005124,0.058310633297199245,0.12364248438526261
05-Jan-2000 10:50:00,1.0825564127550202,0.05830587512908184,0.1237835193889376
05-Jan-2000 10:55:00,1.0848656029467032,0.058301211047346736,0.12392177106589118
05-Jan-2000 11:00:00,1.0873499667004378,0.05829663806030354,0.12406319949579962
05-Jan-2000 11:05:00,1.0908914622340962,0.05829215387785885,0.12426112418297389
05-Jan-2000 11:10:00,1.095095022899103,0.058287757385020275,0.1245054661526585
05-Jan-2000 11:15:00,1.0995232210969768,0.05828344630138814,0.124766453197723
05-Jan-2000 11:20:00,1.1039872975217677,0.058279218327786424,0.12503053535147146
05-Jan-2000 11:25:00,1.1084157216981698,0.05827507131419307,0.12529251374835057
05-Jan-2000 11:30:00,1.112783496797184,0.05827100323186717,0.12555055717664684
05-Jan-2000 11:35:00,1.117083844625395,0.0582670121406062,0.12580414965251696
05-Jan-2000 11:40:00,1.1213164398478583,0.05826309617001294,0.12605324916400054
05-Jan-2000 11:45:00,1.1254833529450297,0.05825925350989908,0.12629798527387381
05-Jan-2000 11:50:00,1.129587443367627,0.05825548240512404,0.12653854481978397
05-Jan-2000 11:55:00,1.1336317621556742,0.058251781152429016,0.1267751285389957
05-Jan-2000 12:00:00,1.1378576106295724,0.05824814762215981,0.12701430782057163
05-Jan-2000 12:05:00,1.143160705080459,0.058244580225055714,0.12731270343606899
05-Jan-2000 12:10:00,1.1491048298894313,0.05824107826035461,0.1276555330447566
05-Jan-2000 12:15:00,1.1552550514319624,0.05823764011934082,0.12800985413324092
05-Jan-2000 12:20:00,1.161427882208463,0.05823426417621615,0.12836577812953784
05-Jan-2000 12:25:00,1.1675551798683816,0.05823094891391534,0.12871855633443757
05-Jan-2000 12:30:00,1.1736147057236868,0.05822769290173422,0.12906661997103808
05-Jan-2000 12:35:00,1.1796019227016727,0.05822449477039035,0.1294096326533328
05-Jan-2000 12:40:00,1.185517579586319,0.0582213531980777,0.1297476450098651
05-Jan-2000 12:45:00,1.1913640518892714,0.05821826690347555,0.13008082263781282
05-Jan-2000 12:50:00,1.1971439614507258,0.05821523464210621,0.13040935018116903
05-Jan-2000 12:55:00,1.2028598167028164,0.05821225520417165,0.13073340499055644
05-Jan-2000 13:00:00,1.2082684155061334,0.0582093277917324,0.131046388272418
05-Jan-2000 13:05:00,1.2124624549406844,0.05820645125479572,0.13129478484660753
05-Jan-2000 13:10:00,1.2158952531408385,0.05820362378986163,0.13149325026338538
05-Jan-2000 13:15:00,1.2190132333504367,0.05820084438233202,0.13167047226411485
05-Jan-2000 13:20:00,1.22200731261411,0.058198112099337576,0.13183919993215068
05-Jan-2000 13:25:00,1.2249517095316804,0.058195425983387304,0.13200443262669082
05-Jan-2000 13:30:00,1.2278741513182334,0.05819278506696466,0.13216804839582585
05-Jan-2000 13:35:00,1.230784660088975,0.05819018839045073,0.13233073032619247
05-Jan-2000 13:40:00,1.2336869025107247,0.058187635011554016,0.1324927274148704
05-Jan-2000 13:45:00,1.2365820010944772,0.05818512400924769,0.13265412326786724
05-Jan-2000 13:50:00,1.23947013830449,0.05818265448502441,0.13281510489531506
05-Jan-2000 13:55:00,1.2423512064478537,0.05818022556301048,0.13297548489760228
05-Jan-2000 14:00:00,1.2447639048737738,0.05817783702669323,0.13312238728885842
05-Jan-2000 14:05:00,1.2449290842129952,0.05817548806113222,0.13315417554243944
05-Jan-2000 14:10:00,1.243624556146515,0.05817317667593947,0.13309200786808514
05-Jan-2000 14:15:00,1.241753214466944,0.058170902180159745,0.13299159345307457
05-Jan-2000 14:20:00,1.2397216440367351,0.05990148490489002,0.1328794183153473
05-Jan-2000 14:25:00,1.2376898666833092,0.060486646170205,0.13276607675917668
05-Jan-2000 14:30:00,1.2357175210643627,0.06031751586138669,0.13265561017595234
05-Jan-2000 14:35:00,1.2338265291549428,0.06021157106559033,0.1325495055198487
05-Jan-2000 14:40:00,1.2320247329556824,0.06013188984890931,0.13244812698239922
05-Jan-2000 14:45:00,1.2303139426887861,0.060064011035401044,0.13235173805786482
05-Jan-2000 14:50:00,1.2286928428681714,0.06000222160180231,0.1322603105614382
05-Jan-2000 14:55:00,1.2271583975589775,0.05994421638340853,0.1321736985590083
05-Jan-2000 15:00:00,1.2255012930249787,0.059889031880567135,0.13208617217155655
05-Jan-2000 15:05:00,1.2228508456923695,0.05983622172905848,0.1319484380730103
05-Jan-2000 15:10:00,1.2195311401047517,0.0597855341575647,0.13176706167550625
05-Jan-2000 15:15:00,1.215987134573192,0.059736819085004216,0.13156937631277557
05-Jan-2000 15:20:00,1.2124261484857097,0.05968996466040757,0.13136898671309152
05-Jan-2000 15:25:00,1.208929612527584,0.05964487558051396,0.1311713780250445
05-Jan-2000 15:30:00,1.2055258492361625,0.05960146562471778,0.13097853052029831
05-Jan-2000 15:35:00,1.2022221663204098,0.05955965482759161,0.13079102197778056
05-Jan-2000 15:40:00,1.199017860831347,0.05951936825683084,0.13060889013895347
05-Jan-2000 15:45:00,1.1959091351093039,0.0594796919616173,0.13043196286047634
05-Jan-2000 15:50:00,1.192891429245524,0.05944116986832645,0.13026000567658072
05-Jan-2000 15:55:00,1.1899600995336854,0.05940401493418706,0.13009277406052433
05-Jan-2000 16:00:00,1.1870135591746578,0.05936816549935875,0.12992738621585462
05-Jan-2000 16:05:00,1.1836256233168152,0.05933111842354671,0.12973950847396445
05-Jan-2000 16:10:00,1.1799403062155713,0.05929270523642199,0.12953150380216596
05-Jan-2000 16:15:00,1.176174168867301,0.05925693233725163,0.1293168064593487
05-Jan-2000 16:20:00,1.1724299482694032,0.05922382630826492,0.12910227132266952
05-Jan-2000 16:25:00,1.1687477790013754,0.05919271607402567,0.1288906666914016
05-Jan-2000 16:30:00,1.1651407282017254,0.05916308771118194,0.12868295066767968
05-Jan-2000 16:35:00,1.1616113955573437,0.05913464226904334,0.12847936308037164
05-Jan-2000 16:40:00,1.1581583839972536,0.05910721723072956,0.12827987121000434
05-Jan-2000 16:45:00,1.1547788325039676,0.05908072057628294,0.1280843387424498
05-Jan-2000 16:50:00,1.1514694382501558,0.05905509345261926,0.12789259546050136
05-Jan-2000 16:55:00,1.148226847309169,0.05903029207486907,0.1277044641085127
05-Jan-2000 17:00:00,1.1450477988471197,0.05900627969442089,0.12751977048111293
05-Jan-2000 17:05:00,1.1419291747541784,0.05898302323152377,0.1273385828339723
05-Jan-2000 17:10:00,1.138867994913263,0.058960491906029915,0.12716307859135065
05-Jan-2000 17:15:00,1.1358612611814056,0.058938656675189896,0.1269876415077713
05-Jan-2000 17:20:00,1.1329062346872318,0.05891748998251223,0.12681502704496744
05-Jan-2000 17:25:00,1.1300004276200089,0.058896965622518574,0.12664507679239223
05-Jan-2000 17:30:00,1.127141532617349,0.05887705864842787,0.12647766444414607
05-Jan-2000 17:35:00,1.1243274513571155,0.05885774529676713,0.12631267494026702
05-Jan-2000 17:40:00,1.121556260402697,0.058839002920075024,0.12615000334149548
05-Jan-2000 17:45:00,1.118826162536786,0.0588208099247588,0.12598955192466724
05-Jan-2000 17:50:00,1.1161354561734647,0.058803145713064414,0.1258312282733662
05-Jan-2000 17:55:00,1.1134825134967872,0.05878599062876294,0.12567494393809472
05-Jan-2000 18:00:00,1.1108657740309447,0.012384963573659646,0.1255206138938051
05-Jan-2000 18:05:00,1.1082836659144402,0.010683353243588795,0.12536815463952014
05-Jan-2000 18:10:00,1.105733371815155,0.010479608224455678,0.1252174346365839
05-Jan-2000 18:15:00,1.10320737214925,0.010376500997976603,0.1250680868514258
05-Jan-2000 18:20:00,1.100692965300508,0.010281535328057556,0.12491941203725183
05-Jan-2000 18:25:00,1.0981764547600856,0.010188925469155723,0.1247705933619024
05-Jan-2000 18:30:00,1.0956464251798534,0.010099052655558627,0.12462091834168662
05-Jan-2000 18:35:00,1.0930947041925516,0.010180248331537892,0.12446985943682036
05-Jan-2000 18:40:00,1.090516148068423,0.010310100315523986,0.12431707175490911
05-Jan-2000 18:45:00,1.0879081305559293,0.01038785691616755,0.12416236564172828
05-Jan-2000 18:50:00,1.0852695640605028,0.010419089637262423,0.12400565479852485
05-Jan-2000 18:55:00,1.0826004391902024,0.010418912313456012,0.12384691856829207
05-Jan-2000 19:00:00,1.0799948987401604,0.010395829281038115,0.12368859949623767
05-Jan-2000 19:05:00,1.077866173925463,0.010355916607597713,0.12355518174340063
05-Jan-2000 19:10:00,1.076074152782702,0.010304462723339142,0.12344499458204149
05-Jan-2000 19:15:00,1.0744045469866357,0.010245204322138752,0.12334419069234344
05-Jan-2000 19:20:00,1.0727547679556912,0.010180707347240418,0.12324537563321772
05-Jan-2000 19:25:00,1.07108385667842,0.010112778547649673,0.12314553458703283
05-Jan-2000 19:30:00,1.069377344486973,0.010042704890416101,0.12304357978650729
05-Jan-2000 19:35:00,1.0676313792073422,0.009971404449567593,0.12293918929614749
05-Jan-2000 19:40:00,1.0658461954417053,0.009899530294172459,0.12283233879432232
05-Jan-2000 19:45:00,1.0640235252156893,0.009827544792950414,0.12272311468881186
05-Jan-2000 19:50:00,1.0621655939300505,0.009755773297601652,0.12261164128646054
05-Jan-2000 19:55:00,1.0602747394129874,0.009684442928049633,0.12249805300520926
05-Jan-2000 20:00:00,1.05816636561511,0.009613795771897887,0.12237732646817555
05-Jan-2000 20:05:00,1.0550305276148046,0.009544141212618491,0.12220081083906234
05-Jan-2000 20:10:00,1.051166913051196,0.009475336368445454,0.12197322368930769
05-Jan-2000 20:15:00,1.0469976925946893,0.009407284322383946,0.12172299719407056
05-Jan-2000 20:20:00,1.0427123344515554,0.009339983051888379,0.12146351879940621
05-Jan-2000 20:25:00,1.0383972078684134,0.009273459049831534,0.12120092909889812
05-Jan-2000 20:30:00,1.0340895181733658,0.009207737931907633,0.12093790882896033
05-Jan-2000 20:35:00,1.0298047039146063,0.009142836810443186,0.12067558694414277
05-Jan-2000 20:40:00,1.0255488722581918,0.00907876418925983,0.12041442212282023
05-Jan-2000 20:45:00,1.0213242052428837,0.009013924352543614,0.12015458933970734
05-Jan-2000 20:50:00,1.0171310785813863,0.008946684063872386,0.11989613879691279
05-Jan-2000 20:55:00,1.012969041106247,0.008879612290391505,0.11963905431601538
05-Jan-2000 21:00:00,1.008596132229655,0.008813363481141256,0.1193765403038486
05-Jan-2000 21:05:00,1.002898558450677,0.008748354040314923,0.11904123695880478
05-Jan-2000 21:10:00,0.9961560167010868,0.008684295287601061,0.11863187538172142
05-Jan-2000 21:15:00,0.9889440427805346,0.008620919499776432,0.11818581869759738
05-Jan-2000 21:20:00,0.9815816823041174,0.008558136084268435,0.11772569633804002
05-Jan-2000 21:25:00,0.974216544753673,0.008495939048248939,0.11726227262435113
05-Jan-2000 21:30:00,0.9669123697047816,0.008434346686515435,0.11680030884154076
05-Jan-2000 21:35:00,0.9596946551136495,0.00837337798264841,0.11634178883494445
05-Jan-2000 21:40:00,0.9525715054711439,0.008313046064809704,0.11588742856330315
05-Jan-2000 21:45:00,0.9455443358846225,0.00825335774651131,0.11543741813500358
05-Jan-2000 21:50:00,0.9386121446616746,0.008194314739353954,0.11499176641559457
05-Jan-2000 21:55:00,0.9317730026040701,0.008135915037489881,0.11455041041072743
05-Jan-2000 22:00:00,0.9247429130019474,0.00807834747727442,0.11410502954192724
05-Jan-2000 22:05:00,0.9161621710631338,0.008022225153265103,0.1135707850258612
05-Jan-2000 22:10:00,0.9062625271826941,0.007967108626174236,0.11293853146129874
05-Jan-2000 22:15:00,0.8957292764386142,0.007912482237526079,0.1122532078526043
05-Jan-2000 22:20:00,0.884979735406161,0.007858148786948916,0.1115451146026988
05-Jan-2000 22:25:00,0.8742235149436081,0.007804104568934774,0.11082998927987776
05-Jan-2000 22:30:00,0.8635577186962322,0.007750410582551274,0.11011535870545895
05-Jan-2000 22:35:00,0.8530234674013912,0.007697131200523585,0.10940455266188584
05-Jan-2000 22:40:00,0.84263717023283,0.007644315111190505,0.10869901370042118
05-Jan-2000 22:45:00,0.8324026092824076,0.007591993771837667,0.1079992316584723
05-Jan-2000 22:50:00,0.8223181226614199,0.007540185039676894,0.1073052473722979
05-Jan-2000 22:55:00,0.8123807217821337,0.007488897299486725,0.10661698450877602
05-Jan-2000 23:00:00,0.8025302268730231,0.007438208668938432,0.10593255123211386
05-Jan-2000 23:05:00,0.792462333211945,0.007388339137139605,0.10523214730932795
05-Jan-2000 23:10:00,0.7821821831508343,0.007339098783667027,0.10451035100664768
05-Jan-2000 23:15:00,0.7718294161123345,0.007290302843278897,0.1037764821769871
05-Jan-2000 23:20:00,0.7615029743742323,0.00724189204310375,0.10303812201097538
05-Jan-2000 23:25:00,0.7512569593583902,0.007193871681965285,0.10229964726591846
05-Jan-2000 23:30:00,0.7411162927236916,0.007146264333943949,0.10156321649099097
05-Jan-2000 23:35:00,0.7310903131209112,0.00709909018846085,0.10082971882127781
05-Jan-2000 23:40:00,0.7211810752731963,0.007052362145792302,0.10009945576460388
05-Jan-2000 23:45:00,0.7113870261410827,0.007006086384178439,0.09937243050134276
05-Jan-2000 23:50:00,0.7017047423748896,0.006960264222216637,0.09864846393211367
05-Jan-2000 23:55:00,0.6921309311768343,0.006914893835388176,0.09792737988010207
06-Jan-2000 00:00:00,0.6826614358525009,0.006869971500672606,0.0972089469718951
06-Jan-2000 00:05:00,0.6732913386003417,0.00682549240963953,0.09649284568342496
06-Jan-2000 00:10:00,0.6640159784953741,0.006781451169890656,0.09577876763171785
06-Jan-2000 00:15:00,0.65483122508927,0.006737842103246591,0.095066434347347
06-Jan-2000 00:20:00,0.6457323895699499,0.006694659418516249,0.09435551794155728
06-Jan-2000 00:25:00,0.6367159343789536,0.006651897309514738,0.09364575628640169
06-Jan-2000 00:30:00,0.6277785291063394,0.006609550009538888,0.09293691267657919
06-Jan-2000 00:35:00,0.6189160876822024,0.006567611820880412,0.0922286946854727
06-Jan-2000 00:40:00,0.6101246673422217,0.006526077130216517,0.09152079309066177
06-Jan-2000 00:45:00,0.6014009795986295,0.006484940416095322,0.09081292925156133
06-Jan-2000 00:50:00,0.5927419202127511,0.006444196252025398,0.09010486274134956
06-Jan-2000 00:55:00,0.5841442015821668,0.00640383930715748,0.0893963022493898
06-Jan-2000 01:00:00,0.575606291364503,0.006363864345663542,0.0886870767226459
06-Jan-2000 01:05:00,0.5671271309743852,0.006324266225417767,0.08797710015209431
06-Jan-2000 01:10:00,0.558703123911685,0.006285039896329312,0.0872660883949498
06-Jan-2000 01:15:00,0.5503306322904672,0.006246180398504762,0.08655368441999353
06-Jan-2000 01:20:00,0.542012399054928,0.006207682860342343,0.08583992618273749
06-Jan-2000 01:25:00,0.5337494495127485,0.0061695424966182666,0.08512505475460792
06-Jan-2000 01:30:00,0.5255354711227658,0.006131754606586411,0.08440851964924827
06-Jan-2000 01:35:00,0.5173663875403977,0.0060943145721118475,0.08368987351858669
06-Jan-2000 01:40:00,0.5092397983190262,0.006057217855848465,0.0829688237891364
06-Jan-2000 01:45:00,0.5011533658319149,0.006020459999451351,0.08224511275849619
06-Jan-2000 01:50:00,0.4931047447201595,0.005984036621841529,0.08151843622189883
06-Jan-2000 01:55:00,0.4850931251842759,0.005947943417514783,0.08078861771014276
06-Jan-2000 02:00:00,0.4771180230357523,0.005912176154890188,0.08005553038583596
06-Jan-2000 02:05:00,0.4691781601937456,0.005876730674705299,0.07931897508242938
06-Jan-2000 02:10:00,0.4612732686305956,0.005841602888452105,0.07857880322876246
06-Jan-2000 02:15:00,0.45340352462457656,0.005806788776856753,0.07783492596213826
06-Jan-2000 02:20:00,0.4455689851707915,0.005772284388389585,0.0770872540794826
06-Jan-2000 02:25:00,0.4377682473112492,0.005738085837829623,0.07633555907532409
06-Jan-2000 02:30:00,0.4300015517465637,0.005704189304849375,0.0755797000674742
06-Jan-2000 02:35:00,0.4222699271971818,0.005670591032648205,0.07481964452903396
06-Jan-2000 02:40:00,0.4145750777376187,0.005637287326615838,0.07405542586636857
06-Jan-2000 02:45:00,0.4069182674332695,0.005604274553048053,0.0732870393787568
06-Jan-2000 02:50:00,0.3993013871211178,0.005571549137867667,0.07251454778992322
06-Jan-2000 02:55:00,0.39174327105305445,0.005539107565358577,0.07173901485067587
06-Jan-2000 03:00:00,0.3843125499481794,0.0055068855972199,0.07096534912878438
06-Jan-2000 03:05:00,0.37729159909145793,0.005474741305401627,0.07022034532071898
06-Jan-2000 03:10:00,0.37068349452937377,0.005442826647831973,0.06951380425000973
06-Jan-2000 03:15:00,0.3643421573490731,0.005411240002216932,0.0688318324009829
06-Jan-2000 03:20:00,0.358159087831059,0.00537999665009137,0.06816221956473982
06-Jan-2000 03:25:00,0.35207267719256763,0.005349080373152386,0.06749764498518654
06-Jan-2000 03:30:00,0.3460525993617736,0.005318469485326793,0.06683430841319092
06-Jan-2000 03:35:00,0.3400859208810052,0.005288145427421074,0.06617048755990622
06-Jan-2000 03:40:00,0.3341687880836353,0.005258094228717942,0.06550556518953846
06-Jan-2000 03:45:00,0.32830192429762745,0.005228305754160498,0.06483950943474429
06-Jan-2000 03:50:00,0.32248790210646416,0.005198772586376224,0.06417254846198672
06-Jan-2000 03:55:00,0.316730474118922,0.0051694890959315815,0.06350506424240632
06-Jan-2000 04:00:00,0.3112236139457302,0.005140344695214985,0.06284684061763268
06-Jan-2000 04:05:00,0.30701121229899897,0.005111110301914338,0.062311859553022333
06-Jan-2000 04:10:00,0.30402198081057363,0.00508203686288705,0.06193043339085356
06-Jan-2000 04:15:00,0.30173279923401153,0.005053277864118628,0.06164292199943076
06-Jan-2000 04:20:00,0.29979152555094774,0.005024863578710815,0.0614031888062909
06-Jan-2000 04:25:00,0.2980099036435132,0.0049967779462584,0.06118551314619894
06-Jan-2000 04:30:00,0.2962961438282838,0.004968994704867587,0.06097704509693296
06-Jan-2000 04:35:00,0.2946088859490248,0.004941489716416348,0.06077184874625721
06-Jan-2000 04:40:00,0.29293170514428807,0.004914243822790428,0.06056746465101593
06-Jan-2000 04:45:00,0.29125996702336765,0.004887242570641387,0.06036310657771467
06-Jan-2000 04:50:00,0.28959427788268194,0.004860475180388456,0.06015875133500207
06-Jan-2000 04:55:00,0.28793732694994395,0.0048339335360354585,0.05995469414098016
06-Jan-2000 05:00:00,0.28652394456336977,0.004807557183198108,0.05976339201212247
06-Jan-2000 05:05:00,0.28650480894801084,0.004781210486606718,0.05971965320513543
06-Jan-2000 05:10:00,0.28764110290779454,0.004755016104437581,0.0598361467197932
06-Jan-2000 05:15:00,0.28931993075006457,0.0047290622430573095,0.060033162002772714
06-Jan-2000 05:20:00,0.2911871389559223,0.004703370649334302,0.0602597376859861
06-Jan-2000 05:25:00,0.2930755642764461,0.0046779353534140925,0.06049123307124018
06-Jan-2000 05:30:00,0.2949146143378848,0.004652743013200286,0.06071710004371704
06-Jan-2000 05:35:00,0.29667919548301075,0.004627780348039138,0.06093348799873573
06-Jan-2000 05:40:00,0.2983645279582333,0.004603036157776291,0.061139542097592856
06-Jan-2000 05:45:00,0.2999743423963788,0.004578501469292186,0.061335664446793815
06-Jan-2000 05:50:00,0.3015155657204372,0.004554169165630655,0.06152272945744835
06-Jan-2000 05:55:00,0.30299590825422845,0.004530033552993504,0.06170173796456013
06-Jan-2000 06:00:00,0.30459481188164433,0.0647759918388461,0.06188259219720138
06-Jan-2000 06:05:00,0.30714779674618187,0.060612765689703155,0.06215942324241649
06-Jan-2000 06:10:00,0.3104355240959954,0.05906051130493175,0.06253571188347957
06-Jan-2000 06:15:00,0.31399531416952775,0.05844887188292432,0.06295088511294766
06-Jan-2000 06:20:00,0.31761323982517925,0.058211768535284085,0.06337363861602197
06-Jan-2000 06:25:00,0.3212271882579598,0.05812305313982905,0.06379380128726726
06-Jan-2000 06:30:00,0.32484090949775946,0.05809101836106257,0.06421080749433997
06-Jan-2000 06:35:00,0.32847466925982616,0.05807968775717877,0.06462690796757758
06-Jan-2000 06:40:00,0.3321454208029025,0.05807553322403633,0.06504420445127808
06-Jan-2000 06:45:00,0.3358616694147971,0.058073711155591956,0.0654638524287769
06-Jan-2000 06:50:00,0.3396239291113943,0.058072585093390014,0.06588603196202308
06-Jan-2000 06:55:00,0.34342764229260825,0.05807164219995226,0.06631028323062016
06-Jan-2000 07:00:00,0.34745809539771,0.058074382852792865,0.06674504549309046
06-Jan-2000 07:05:00,0.35254712017014483,0.05807650994119762,0.06728019583967695
06-Jan-2000 07:10:00,0.35838054808249087,0.058076811496614575,0.06790550465059216
06-Jan-2000 07:15:00,0.36449743915679755,0.058076393418238115,0.06856403323777985
06-Jan-2000 07:20:00,0.37066917195907195,0.05807569550753424,0.06922586807117935
06-Jan-2000 07:25:00,0.3767991910869241,0.05807489269472587,0.06987850271643571
06-Jan-2000 07:30:00,0.3828508543611156,0.058074054534297266,0.07051740572305436
06-Jan-2000 07:35:00,0.3888130904010636,0.058073208625717625,0.07114139892350355
06-Jan-2000 07:40:00,0.39468479569086207,0.058072365862048336,0.07175061663007373
06-Jan-2000 07:45:00,0.40046846322142765,0.05807153048464426,0.07234564603515052
06-Jan-2000 07:50:00,0.4061671372280417,0.0580707040874931,0.07292713513782588
06-Jan-2000 07:55:00,0.4117840986815285,0.058069887211998905,0.07349573444379814
06-Jan-2000 08:00:00,0.41732253107852535,0.058069079982092604,0.07405206247364998
06-Jan-2000 08:05:00,0.4227855044914555,0.05806828235715982,0.07459669704913342
06-Jan-2000 08:10:00,0.42817627247800555,0.058067494232730936,0.07513021602572985
06-Jan-2000 08:15:00,0.4334973364026157,0.05806671548054958,0.07565311362721693
06-Jan-2000 08:20:00,0.4387508988458211,0.05806594596449436,0.0761658266623843
06-Jan-2000 08:25:00,0.4439392232573842,0.058065185546892335,0.07666877215513679
06-Jan-2000 08:30:00,0.44906445154772057,0.0580644340909887,0.07716235779530588
06-Jan-2000 08:35:00,0.45412843152211785,0.058063691461906375,0.07764693507626068
06-Jan-2000 08:40:00,0.4591330330093867,0.0580629575269846,0.07812285661576948
06-Jan-2000 08:45:00,0.46407977483876384,0.058062232155898945,0.07859042111502523
06-Jan-2000 08:50:00,0.4689704976617413,0.05806151522065758,0.07904994968504424
06-Jan-2000 08:55:00,0.4738062423629631,0.05806080659558561,0.07950169508713138
06-Jan-2000 09:00:00,0.47868305249099163,0.05806010610814772,0.07994975283633825
06-Jan-2000 09:05:00,0.4840106531750098,0.058059413635417514,0.08043154704350004
06-Jan-2000 09:10:00,0.489639759527994,0.05805872914933325,0.08094316883139228
06-Jan-2000 09:15:00,0.49535529249858284,0.05805805252570885,0.08146259126235213
06-Jan-2000 09:20:00,0.5010526777771086,0.05805738363403255,0.08197846542571427
06-Jan-2000 09:25:00,0.5066891995856352,0.05805672235229981,0.082486194161494
06-Jan-2000 09:30:00,0.5122496026602537,0.0580560685653933,0.08298420211565795
06-Jan-2000 09:35:00,0.5177310303182332,0.05805542216264486,0.08347225473565191
06-Jan-2000 09:40:00,0.5231341838525752,0.05805478303642754,0.08395055661293023
06-Jan-2000 09:45:00,0.5284609977772817,0.058054151081475165,0.08441942361412817
06-Jan-2000 09:50:00,0.5337140560503854,0.058053526194560334,0.0848792296568922
06-Jan-2000 09:55:00,0.5388961090285025,0.058052908274339454,0.08533035873786417
06-Jan-2000 10:00:00,0.5442024576958584,0.058052297137122816,0.08578056761950248
06-Jan-2000 10:05:00,0.5504524555798423,0.058051692683616554,0.08629987842681429
06-Jan-2000 10:10:00,0.5573372236445022,0.05805109497224787,0.0868796954289099
06-Jan-2000 10:15:00,0.5644323572756519,0.05805050389499351,0.08747916806167043
06-Jan-2000 10:20:00,0.5715345533302564,0.05804991933215084,0.08807760292627906
06-Jan-2000 10:25:00,0.5785661485767545,0.058049341176876115,0.08866696386372037
06-Jan-2000 10:30:00,0.5854972115952337,0.058048769332165184,0.08924447134127379
06-Jan-2000 10:35:00,0.5923168111235411,0.05804820370670295,0.0898091901372033
06-Jan-2000 10:40:00,0.5990241130872765,0.05804764421254374,0.09036117092281265
06-Jan-2000 10:45:00,0.6056227197516958,0.05804709076398869,0.09090088352560828
06-Jan-2000 10:50:00,0.6121178287968669,0.05804654327711554,0.09142895731437597
06-Jan-2000 10:55:00,0.618514788247696,0.05804600166954133,0.09194602097652704
06-Jan-2000 11:00:00,0.6250191082007028,0.058045465788567244,0.09245983017566291
06-Jan-2000 11:05:00,0.6324645196761848,0.058044935554571415,0.0930373094463323
06-Jan-2000 11:10:00,0.640504149774483,0.058044411020097976,0.09366726765259653
06-Jan-2000 11:15:00,0.6487216831941854,0.05804389209580499,0.09431198428860814
06-Jan-2000 11:20:00,0.6569255333935046,0.05804337868319595,0.0949533764147456
06-Jan-2000 11:25:00,0.6650393717335878,0.05804287069478421,0.09558429256946897
06-Jan-2000 11:30:00,0.6730377137473521,0.058042368051290524,0.09620242796176824
06-Jan-2000 11:35:00,0.6809148532861838,0.05804187067811327,0.09680739159745441
06-Jan-2000 11:40:00,0.6886723779008508,0.058041378503371654,0.09739947205936972
06-Jan-2000 11:45:00,0.6963150520486632,0.05804089145699908,0.097979224410356
06-Jan-2000 11:50:00,0.703848709828187,0.058040409470331886,0.09854730548440907
06-Jan-2000 11:55:00,0.711278589951466,0.058039932475930325,0.09910431261639054
06-Jan-2000 12:00:00,0.7188252123230195,0.058039460345939126,0.09965812296144101
06-Jan-2000 12:05:00,0.7273178710119917,0.05803899301607463,0.10027173007702439
06-Jan-2000 12:10:00,0.736383410474768,0.058038530533546906,0.10093195479603433
06-Jan-2000 12:15:00,0.7456162737874606,0.05803807282393828,0.10160451593694902
06-Jan-2000 12:20:00,0.7548331334586738,0.05803761980561526,0.10227334520351583
06-Jan-2000 12:25:00,0.7639624385037103,0.05803717140641304,0.10293222286877741
06-Jan-2000 12:30:00,0.7729793055222534,0.058036727561065496,0.10357909961065839
06-Jan-2000 12:35:00,0.7818780432492243,0.058036288208181665,0.10421360452895319
06-Jan-2000 12:40:00,0.7906622028164244,0.058035853288592655,0.10483610705719004
06-Jan-2000 12:45:00,0.7993372541515298,0.058035422744598046,0.10544721974321936
06-Jan-2000 12:50:00,0.8079078921789218,0.05803499651962191,0.10604746699370368
06-Jan-2000 12:55:00,0.8163793429615626,0.058034574558069714,0.10663738122778647
06-Jan-2000 13:00:00,0.8245409645438688,0.0580341568590267,0.1072106475123275
06-Jan-2000 13:05:00,0.8315778062981711,0.05803374336889732,0.10770982820601324
06-Jan-2000 13:10:00,0.837868743234683,0.05803333393657721,0.10814797246718537
06-Jan-2000 13:15:00,0.843821752770705,0.05803292851916397,0.10855716083784032
06-Jan-2000 13:20:00,0.8496264464597552,0.058032527082434116,0.10895293299182568
06-Jan-2000 13:25:00,0.8553623761223488,0.058032129585659516,0.10934188270242723
06-Jan-2000 13:30:00,0.8610614559166151,0.05803173598365816,0.10972668074495155
06-Jan-2000 13:35:00,0.8667358856556437,0.0580313462294164,0.11010837203844427
06-Jan-2000 13:40:00,0.8723899604603196,0.05803096027551029,0.11048734673842703
06-Jan-2000 13:45:00,0.878025089519839,0.05803057807476325,0.1108637541907737
06-Jan-2000 13:50:00,0.883645831139297,0.05803019958052264,0.11123779174846798
06-Jan-2000 13:55:00,0.889258922536573,0.058029824746761514,0.11161011497778166
06-Jan-2000 14:00:00,0.8944328117717493,0.05802945362665958,0.11196710903115123
06-Jan-2000 14:05:00,0.8975821499590734,0.05802908617980039,0.11220157520077789
06-Jan-2000 14:10:00,0.8993482992818976,0.05802872217944333,0.112331016120537
06-Jan-2000 14:15:00,0.9005277577488138,0.058028361596553994,0.11241365491690646
06-Jan-2000 14:20:00,0.9015077157844883,0.058028004419907506,0.11247951622117024
06-Jan-2000 14:25:00,0.9024527932958359,0.058027650626072506,0.11254156152339095
06-Jan-2000 14:30:00,0.9034283516308609,0.05802730018247382,0.11260500253321873
06-Jan-2000 14:35:00,0.9044578040668955,0.058026953052161365,0.11267175371661928
06-Jan-2000 14:40:00,0.9055473649785757,0.058026609196537,0.1127423707690128
06-Jan-2000 14:45:00,0.9066964128841062,0.05802626857663965,0.11281686594450518
06-Jan-2000 14:50:00,0.9079017478537279,0.05802593115369247,0.11289504399257104
06-Jan-2000 14:55:00,0.9091593147797851,0.05802559688933031,0.11297663850212872
06-Jan-2000 15:00:00,0.9102846647154567,0.058025265791719946,0.11305600821754301
06-Jan-2000 15:05:00,0.9104923403576445,0.05802493782657808,0.11308224111406108
06-Jan-2000 15:10:00,0.9100372383985253,0.05802461287102598,0.11305874391578535
06-Jan-2000 15:15:00,0.9093164695289603,0.058024290894711276,0.11301377505067925
06-Jan-2000 15:20:00,0.9085297877874104,0.05802397187659517,0.1129626107415928
06-Jan-2000 15:25:00,0.9077626518307059,0.058023655790329025,0.11291193581392084
06-Jan-2000 15:30:00,0.9070482264721147,0.058023342605471075,0.11286440728327908
06-Jan-2000 15:35:00,0.9063972367868016,0.05802303228968178,0.11282093618866074
06-Jan-2000 15:40:00,0.9058111267824998,0.058022724810026786,0.11278170517126404
06-Jan-2000 15:45:00,0.9052876609262425,0.058022420133583066,0.11274660437561503
06-Jan-2000 15:50:00,0.9048232592201615,0.05802211822771257,0.11271541405083733
06-Jan-2000 15:55:00,0.9044139536117091,0.05802181906015911,0.11268787973449276
06-Jan-2000 16:00:00,0.9039694377781945,0.05802152262023041,0.11266117903824355
06-Jan-2000 16:05:00,0.9031006319173108,0.058020933747905706,0.11261018548098536
06-Jan-2000 16:10:00,0.9019212475467921,0.05801805277560944,0.11253568370953085
06-Jan-2000 16:15:00,0.9006268374284829,0.058015395169745236,0.11245152170328611
06-Jan-2000 16:20:00,0.8993174391062321,0.05801372253534997,0.11236536936898316
06-Jan-2000 16:25:00,0.8980356863660157,0.05801275344801462,0.11228058815657345
06-Jan-2000 16:30:00,0.896797618962937,0.05801216592361277,0.11219848668194508
06-Jan-2000 16:35:00,0.8956077840272616,0.058011760920800653,0.11211947624252573
06-Jan-2000 16:40:00,0.8944659803212219,0.05801143710900168,0.11204359274419473
06-Jan-2000 16:45:00,0.8933701986563152,0.05801114805589985,0.11197072527698747
06-Jan-2000 16:50:00,0.8923178411422186,0.058010873967386356,0.11190071271990479
06-Jan-2000 16:55:00,0.8913061811406302,0.058010606874718616,0.11183338080668752
06-Jan-2000 17:00:00,0.8903325342859338,0.05801034372551189,0.11176855595971982
06-Jan-2000 17:05:00,0.8893943190853162,0.05801008340108236,0.11170607029498411
06-Jan-2000 17:10:00,0.8884890886150345,0.058009825504434384,0.11164576392069275
06-Jan-2000 17:15:00,0.8876145440948786,0.058009569893461566,0.11158748624012681
06-Jan-2000 17:20:00,0.886768527005765,0.05800931651049265,0.11153109566271614
06-Jan-2000 17:25:00,0.8859490070596338,0.058009065323583235,0.11147645887565644
06-Jan-2000 17:30:00,0.885154068922379,0.058008816307725294,0.11142345000661902
06-Jan-2000 17:35:00,0.8843819040914326,0.05800856943944076,0.1113719500245697
06-Jan-2000 17:40:00,0.883630806466251,0.05800832469550307,0.11132184647214581
06-Jan-2000 17:45:00,0.8828991677413484,0.05800808205277149,0.11127303317812007
06-Jan-2000 17:50:00,0.8821854740110163,0.05800784148826603,0.11122541005778767
06-Jan-2000 17:55:00,0.8814883001293524,0.05800760297922343,0.11117888279593709
06-Jan-2000 18:00:00,0.8808063050327232,0.008872204377411898,0.11113336251830498
06-Jan-2000 18:05:00,0.8801381864357993,0.004576018634971607,0.11108876458813986
06-Jan-2000 18:10:00,0.8794814614833271,0.003033905320169829,0.11104495721051562
06-Jan-2000 18:15:00,0.8788286101914534,0.0023657077996266035,0.11100152555438841
06-Jan-2000 18:20:00,0.8781665103169121,0.002065790705892179,0.1109576544267022
06-Jan-2000 18:25:00,0.8774806258138829,0.0019345412333769056,0.11091237119265039
06-Jan-2000 18:30:00,0.8767585088425456,0.001880746444734556,0.11086480568273144
06-Jan-2000 18:35:00,0.8759911459319432,0.0018580747916397639,0.11081430614200687
06-Jan-2000 18:40:00,0.8751729057097968,0.0018459832200272792,0.1107604503187783
06-Jan-2000 18:45:00,0.8743008954248095,0.0018369479942735368,0.11070300724937439
06-Jan-2000 18:50:00,0.8733742643810799,0.0018287291386918528,0.11064189046963713
06-Jan-2000 18:55:00,0.8723935929211398,0.0018207756749418946,0.11057711626652365
06-Jan-2000 19:00:00,0.8714456036183057,0.00181756871878707,0.11051133628268967
06-Jan-2000 19:05:00,0.8709179985456644,0.0019093764314180453,0.11046998157011427
06-Jan-2000 19:10:00,0.870697074904688,0.0020077265753284655,0.11045232225294124
06-Jan-2000 19:15:00,0.870584748735414,0.002062532101022332,0.11044404934993535
06-Jan-2000 19:20:00,0.8704796619469363,0.0020793305848061726,0.11043723336307103
06-Jan-2000 19:25:00,0.8703386216020724,0.002073639507081087,0.110428405567765
06-Jan-2000 19:30:00,0.8701454098912891,0.0020751662710435308,0.11041622281212599
06-Jan-2000 19:35:00,0.8698954432938244,0.0020862548786727843,0.11040026842322882
06-Jan-2000 19:40:00,0.869588945128691,0.0020950076594331395,0.11038051158795333
06-Jan-2000 19:45:00,0.8692280298721355,0.0021001341038569938,0.11035707498405217
06-Jan-2000 19:50:00,0.8688154863611828,0.002102141657423746,0.11033013748024181
06-Jan-2000 19:55:00,0.8683542795384526,0.0021017072597119377,0.1102998941571764
06-Jan-2000 20:00:00,0.8676760780736047,0.0020994502918045806,0.11026134785477103
06-Jan-2000 20:05:00,0.8660203471953528,0.0020959126273300487,0.11016432931046456
06-Jan-2000 20:10:00,0.8636191291066635,0.0020913209295065844,0.11001079445326647
06-Jan-2000 20:15:00,0.8608697502316665,0.0020858760316561043,0.10982930030139032
06-Jan-2000 20:20:00,0.857981825438233,0.002079780178786073,0.10963610313268032
06-Jan-2000 20:25:00,0.8550500776890065,0.0020732053535727985,0.10943869775687332
06-Jan-2000 20:30:00,0.8521151322381871,0.002066285850523036,0.1092403349126565
06-Jan-2000 20:35:00,0.8491938037093314,0.002059122818808177,0.10904237695913174
06-Jan-2000 20:40:00,0.8462927244679455,0.0020517913188942724,0.10884537325674944
06-Jan-2000 20:45:00,0.8434142014453889,0.0020443467003086625,0.1086495275370649
06-Jan-2000 20:50:00,0.84055878383408,0.002036829654419195,0.10845489899780665
06-Jan-2000 20:55:00,0.8377263062377713,0.0020292700417472082,0.10826149082806284
06-Jan-2000 21:00:00,0.8346764972184129,0.0020217010276340763,0.10806189361102408
06-Jan-2000 21:05:00,0.8303066353470808,0.0020141697126182705,0.10778250931740505
06-Jan-2000 21:10:00,0.8248962093807419,0.0020066601168387947,0.10742195293563744
06-Jan-2000 21:15:00,0.8190158083079457,0.0019991570733755796,0.1070211689091774
06-Jan-2000 21:20:00,0.8129826177689903,0.0019916604036674416,0.10660501931083033
06-Jan-2000 21:25:00,0.8069433578873538,0.001984176011066501,0.10618535629449717
06-Jan-2000 21:30:00,0.8009606619877804,0.001976710461010583,0.1057673689656715
06-Jan-2000 21:35:00,0.7950596373521223,0.001969269172946102,0.10535321462811574
06-Jan-2000 21:40:00,0.7892488048062725,0.0019618561606454085,0.10494370592094635
06-Jan-2000 21:45:00,0.78352929820018,0.0019544742460310387,0.10453905322564043
06-Jan-2000 21:50:00,0.7778993389883804,0.0019471253496239772,0.10413921376619566
06-Jan-2000 21:55:00,0.7723557410883345,0.0019398107413948025,0.10374403095303325
06-Jan-2000 22:00:00,0.7666133537175813,0.001932548825360486,0.10334431566144124
06-Jan-2000 22:05:00,0.7593114429675983,0.0019253981437857659,0.10284640166129617
06-Jan-2000 22:10:00,0.7506865503776478,0.0019183190768168692,0.10224014868681292
06-Jan-2000 22:15:00,0.741426540050917,0.0019112620578582516,0.10157533653130238
06-Jan-2000 22:20:00,0.7319505341463165,0.0019042093895181413,0.10088556658028297
06-Jan-2000 22:25:00,0.7224680005284498,0.00189716299973732,0.10018827011018244
06-Jan-2000 22:30:00,0.7130755975498225,0.001890130633033137,0.09949174096709837
06-Jan-2000 22:35:00,0.7038146733947712,0.0018831195959470456,0.09879969209319485
06-Jan-2000 22:40:00,0.6947017217666667,0.0018761351559280698,0.09811374029272987
06-Jan-2000 22:45:00,0.6857410279390782,0.0018691806787160333,0.09743448333563018
06-Jan-2000 22:50:00,0.6769303883915443,0.0018622581585441987,0.09676196290251399
06-Jan-2000 22:55:00,0.6682653657408573,0.001855368699016884,0.09609600936477236
06-Jan-2000 23:00:00,0.6596839155323128,0.0018485214038201797,0.09543442297901708
06-Jan-2000 23:05:00,0.6508769230786033,0.001841739845569892,0.09475491711355764
06-Jan-2000 23:10:00,0.6418509606300268,0.00183500122009153,0.09405134154472528
06-Jan-2000 23:15:00,0.6327493525321859,0.0018282864352429237,0.09333430199808043
06-Jan-2000 23:20:00,0.6236730588936782,0.0018215916467733228,0.0926124254896548
06-Jan-2000 23:25:00,0.6146752349508656,0.0018149195131670936,0.09189053531094306
06-Jan-2000 23:30:00,0.6057802941360849,0.0018082736139648586,0.09117097864440046
06-Jan-2000 23:35:00,0.5969980157931067,0.0018016566436456006,0.09045479842485075
06-Jan-2000 23:40:00,0.5883297093014856,0.0017950702481898157,0.08974229219377743
06-Jan-2000 23:45:00,0.5797737181122663,0.0017885153018121914,0.08903343896950791
06-Jan-2000 23:50:00,0.5713268745286417,0.0017819921963315461,0.08832808531200659
06-Jan-2000 23:55:00,0.562984660855233,0.0017755010459328678,0.0876259631101711
07-Jan-2000 00:00:00,0.5547415061603952,0.001769041812823502,0.08692668276950015
07-Jan-2000 00:05:00,0.5465923356604816,0.001762614378914858,0.0862298637381216
07-Jan-2000 00:10:00,0.5385327892532895,0.001756218584980417,0.08553518533124613
07-Jan-2000 00:15:00,0.5305578233546693,0.0017498542514336607,0.08484227758085292
07-Jan-2000 00:20:00,0.5226629919735839,0.0017435211891327184,0.0841507698673075
07-Jan-2000 00:25:00,0.5148445920658223,0.0017372192049176771,0.08346035434434503
07-Jan-2000 00:30:00,0.5071040621694061,0.001730948104403272,0.08277106175430106
07-Jan-2000 00:35:00,0.49943878166486605,0.00172470769338004,0.0820828845053954
07-Jan-2000 00:40:00,0.4918407492711805,0.001718497778508878,0.08139512812867192
07-Jan-2000 00:45:00,0.48430434674321626,0.001712318167650742,0.08070724410446697
07-Jan-2000 00:50:00,0.4768254433520427,0.0017061686700283584,0.08001883020555255
07-Jan-2000 00:55:00,0.46940087294231875,0.0017000490962970024,0.07932954594516083
07-Jan-2000 01:00:00,0.4620287641508225,0.0016939592585691375,0.07863919255734907
07-Jan-2000 01:05:00,0.45470622720158527,0.0016878989704240041,0.07794748320218815
07-Jan-2000 01:10:00,0.4474303734167302,0.0016818698856352048,0.07725410331584082
07-Jan-2000 01:15:00,0.4401975508884445,0.0016758775148657413,0.07655867579812643
07-Jan-2000 01:20:00,0.4330050627819167,0.0016699156529354053,0.07586084014481798
07-Jan-2000 01:25:00,0.4258514100766743,0.001663982570808653,0.0751603725114394
07-Jan-2000 01:30:00,0.41873529254769043,0.001658077935404317,0.07445706767771589
07-Jan-2000 01:35:00,0.41165481276292315,0.0016522015943599363,0.07375067229747818
07-Jan-2000 01:40:00,0.4046090701927156,0.0016463534007268804,0.07304096016783068
07-Jan-2000 01:45:00,0.3975981984012554,0.0016405331969888003,0.07232785269310667
07-Jan-2000 01:50:00,0.3906215084214573,0.0016347408188581891,0.07161117261509377
07-Jan-2000 01:55:00,0.3837032925730715,0.001628976099058666,0.07089255629059772
07-Jan-2000 02:00:00,0.3768411286167999,0.0016232388694776992,0.07017299002983268
07-Jan-2000 02:05:00,0.37001789969322985,0.001617528962255493,0.06945038881887028
07-Jan-2000 02:10:00,0.3632261454706528,0.0016118462103234584,0.06872369429582313
07-Jan-2000 02:15:00,0.3564627660359372,0.001606190447650666,0.06799237415139778
07-Jan-2000 02:20:00,0.34972605290386904,0.0016005615093648542,0.06725605553106252
07-Jan-2000 02:25:00,0.3430167702715994,0.0015949592318020183,0.06651459705704907
07-Jan-2000 02:30:00,0.33633707100147514,0.0015893834525225153,0.06576805712594808
07-Jan-2000 02:35:00,0.3296881132024706,0.0015838340103171984,0.06501642937480907
07-Jan-2000 02:40:00,0.32306957933703245,0.0015783107452009483,0.0642595150689346
07-Jan-2000 02:45:00,0.31648355958869506,0.001572813498404092,0.06349728642532375
07-Jan-2000 02:50:00,0.30993276178741513,0.0015673421123629978,0.06272988890899502
07-Jan-2000 02:55:00,0.3034194376741438,0.0015618964307112346,0.06195739824547582
07-Jan-2000 03:00:00,0.2970014941477609,0.001556467810866492,0.06118270016874995
07-Jan-2000 03:05:00,0.29099716114603247,0.0015510402152788055,0.060440894916215425
07-Jan-2000 03:10:00,0.28541298131266946,0.0015456355245437473,0.059744990924645774
07-Jan-2000 03:15:00,0.28009644405178075,0.0015402643861100538,0.059078302439431164
07-Jan-2000 03:20:00,0.27493537044337263,0.001534927322661435,0.05842615190568389
07-Jan-2000 03:25:00,0.2698673122305787,0.0015296219666887233,0.05777984460941096
07-Jan-2000 03:30:00,0.26486214345641124,0.0015243458460296485,0.057134972901239804
07-Jan-2000 03:35:00,0.25990787968300516,0.0015190970770063749,0.05648959669439878
07-Jan-2000 03:40:00,0.25500243672596046,0.0015138743682745412,0.05584321466104462
07-Jan-2000 03:45:00,0.250148387353907,0.0015086768651241035,0.0551960335624396
07-Jan-2000 03:50:00,0.24535046037981326,0.0015035039990689255,0.054548619881483816
07-Jan-2000 03:55:00,0.24061418121728245,0.0014983553786333743,0.053901575907536886
07-Jan-2000 04:00:00,0.23614494640644118,0.0014932166344921026,0.053276676155143546
07-Jan-2000 04:05:00,0.2330259612255369,0.0014880619168189588,0.052792132102813194
07-Jan-2000 04:10:00,0.23114766989004454,0.0014829245873562037,0.05249469261663611
07-Jan-2000 04:15:00,0.2299468974164124,0.001477821271864096,0.052308335528528566
07-Jan-2000 04:20:00,0.2290549491817866,0.0014727542950383904,0.05217486406595651
07-Jan-2000 04:25:00,0.2282812473351725,0.001467721461066289,0.052062663537362996
07-Jan-2000 04:30:00,0.22753819194544084,0.0014627198418471865,0.05195670391092054
07-Jan-2000 04:35:00,0.2267908851124562,0.0014577469015971314,0.05185069846084073
07-Jan-2000 04:40:00,0.22602959366226233,0.0014528006981339395,0.05174262634742405
07-Jan-2000 04:45:00,0.22525569756098007,0.0014478854904015604,0.05163240396948618
07-Jan-2000 04:50:00,0.22447483307636149,0.0014436299670923206,0.05152073220335344
07-Jan-2000 04:55:00,0.22369370502715893,0.001439837927735638,0.05140855091842098
07-Jan-2000 05:00:00,0.22316078658908864,0.001436080059542356,0.05131070969794248
07-Jan-2000 05:05:00,0.22406217400355533,0.0014323565380151108,0.05138654934521868
07-Jan-2000 05:10:00,0.22611761090837787,0.0014286477157979282,0.05165104832786686
07-Jan-2000 05:15:00,0.22868096581817574,0.0014249461848135489,0.05200504359213105
07-Jan-2000 05:20:00,0.23139006213284213,0.0014212511705427766,0.05238638029175502
07-Jan-2000 05:25:00,0.23408189876732707,0.0014175634558758715,0.05276638655272455
07-Jan-2000 05:30:00,0.23669400141617727,0.0014138840200557075,0.053133908925182945
07-Jan-2000 05:35:00,0.23920971497885596,0.0014102136963443223,0.053485808062664696
07-Jan-2000 05:40:00,0.24163712828440595,0.0014065531192881857,0.053827861986650294
07-Jan-2000 05:45:00,0.24408531879742737,0.0014029027492879942,0.05415964115723175
07-Jan-2000 05:50:00,0.2469382141509909,0.012499811806899038,0.05452989285600573
07-Jan-2000 05:55:00,0.2510664827575891,0.02601032811027624,0.05503680325669474
07-Jan-2000 06:00:00,0.2568744139634725,0.07161463015959067,0.05576070325037423
07-Jan-2000 06:05:00,0.26494816912858654,0.0709942618498474,0.056749520369397254
07-Jan-2000 06:10:00,0.27534582811593183,0.07624755393334415,0.05802764139092365
07-Jan-2000 06:15:00,0.2884305001299388,0.08978124490922126,0.05958341240883198
07-Jan-2000 06:20:00,0.3065072914435831,0.09806957197811078,0.06162659644725668
07-Jan-2000 06:25:00,0.3324170802853018,0.10388223053096923,0.06444723617683303
07-Jan-2000 06:30:00,0.3674594738917178,0.1106155553085463,0.0681441802365457
07-Jan-2000 06:35:00,0.4092177510208323,0.12248489734292567,0.07241833234461678
07-Jan-2000 06:40:00,0.4617567782607221,0.13221009133948572,0.07745467031751888
07-Jan-2000 06:45:00,0.5165840910874923,0.1374817428250323,0.08239357421524517
07-Jan-2000 06:50:00,0.5760278888032971,0.13028277758067114,0.08755081292701485
07-Jan-2000 06:55:00,0.6306625284664973,0.12695493654309414,0.09205763087556607
07-Jan-2000 07:00:00,0.6874614718887508,0.1209329407885506,0.09656140815219072
07-Jan-2000 07:05:00,0.7404101115836595,0.11851474965286964,0.10060088717175439
07-Jan-2000 07:10:00,0.7881085498158918,0.11367907690077038,0.10412709618859434
07-Jan-2000 07:15:00,0.8307785105784463,0.10830527878458464,0.10717779277997075
07-Jan-2000 07:20:00,0.8690060803481645,0.10367289728878035,0.10984433734692337
07-Jan-2000 07:25:00,0.9019330143616981,0.09964358692109107,0.11211454828986878
07-Jan-2000 07:30:00,0.9289600835146988,0.09606028871482533,0.11395779216099905
07-Jan-2000 07:35:00,0.9506286190002966,0.09288607792018697,0.11541894971363466
07-Jan-2000 07:40:00,0.9677996683186316,0.09009271856616022,0.11656602185596777
07-Jan-2000 07:45:00,0.9812809988922251,0.08759338140535047,0.11746028422421868
07-Jan-2000 07:50:00,0.9917718951843228,0.08533389401070675,0.11815269334557034
07-Jan-2000 07:55:00,0.9998539051650115,0.0833148484020524,0.11868451718676631
07-Jan-2000 08:00:00,1.005993712821858,0.08150422829196495,0.11908823508953731
07-Jan-2000 08:05:00,1.010562499371432,0.07985715101102367,0.11938921224638795
07-Jan-2000 08:10:00,1.0138559540098826,0.07836642614857735,0.11960734370694993
07-Jan-2000 08:15:00,1.0161098976761285,0.07699462314708613,0.11975830454757584
07-Jan-2000 08:20:00,1.0175150706047849,0.08156795944471623,0.11985459934035038
07-Jan-2000 08:25:00,1.0183104168757422,0.08169600520077946,0.11990802866044822
07-Jan-2000 08:30:00,1.0202943351110214,0.08953268548128565,0.11999768576667871
07-Jan-2000 08:35:00,1.0290048646456003,0.09867778743238816,0.12041294501418538
07-Jan-2000 08:40:00,1.0528835173147737,0.12418593533681463,0.12164790379837467
07-Jan-2000 08:45:00,1.099671328209123,0.15499405649247774,0.12419778054301221
07-Jan-2000 08:50:00,1.168505417756002,0.21240951214473494,0.1280697031856102
07-Jan-2000 08:55:00,1.2653028961132096,0.2637439263092754,0.1332166205844012
07-Jan-2000 09:00:00,1.4221657499373395,0.27821689317343296,0.14094156724926363
07-Jan-2000 09:05:00,1.672141430181052,0.28786127460499467,0.15280815104100484
07-Jan-2000 09:10:00,1.9681686262775109,0.28798893561002686,0.1663535424504514
07-Jan-2000 09:15:00,2.2872004720791237,0.26898724761112275,0.1798782883813009
07-Jan-2000 09:20:00,2.599194029815413,0.2663095174054492,0.1922364091946973
07-Jan-2000 09:25:00,2.9131360843063936,0.26010107036169294,0.2040893856441783
07-Jan-2000 09:30:00,3.2047669622838306,0.23270523185756042,0.2145554829371323
07-Jan-2000 09:35:00,3.4501748298281405,0.2107096918643716,0.2230158051222844
07-Jan-2000 09:40:00,3.6618041508476766,0.19409042984003738,0.23006801589038275
07-Jan-2000 09:45:00,3.8544867637407276,0.17525880589979762,0.23642569932659782
07-Jan-2000 09:50:00,3.9946717576387916,0.1607549270301065,0.24094104094277852
07-Jan-2000 09:55:00,4.095864808774822,0.14895746639934046,0.2442016233087985
07-Jan-2000 10:00:00,4.172320057054534,0.13816728647633264,0.24663728861256964
07-Jan-2000 10:05:00,4.222080148476033,0.1292060094673381,0.24823812310312807
07-Jan-2000 10:10:00,4.248823943245077,0.14125099134186103,0.24912149337115752
07-Jan-2000 10:15:00,4.262099790753832,0.14483245948059537,0.24956233374121986
07-Jan-2000 10:20:00,4.268393786630294,0.1408294216444049,0.2497795064340186
07-Jan-2000 10:25:00,4.268654500732822,0.13206151089150225,0.2498149999968918
07-Jan-2000 10:30:00,4.264121497750502,0.12475842259538086,0.2497039930106487
07-Jan-2000 10:35:00,4.253664169494138,0.11802571171084768,0.24942474720369442
07-Jan-2000 10:40:00,4.237027508404809,0.1121860481603577,0.2489606256346918
07-Jan-2000 10:45:00,4.214989457967554,0.10713017769367529,0.24833001362390691
07-Jan-2000 10:50:00,4.188619638098305,0.10268480438187878,0.24756342450768704
07-Jan-2000 10:55:00,4.158906581773138,0.09879472077608537,0.24668980726692558
07-Jan-2000 11:00:00,4.127094112847968,0.09532576070086904,0.24573987504311667
07-Jan-2000 11:05:00,4.09640295151065,0.09227513774363899,0.24480588216592275
07-Jan-2000 11:10:00,4.0668244738450525,0.08957681796203282,0.24391056587616095
07-Jan-2000 11:15:00,4.036727829819801,0.0871444498039366,0.24300174891942014
07-Jan-2000 11:20:00,4.0056338521117585,0.08495282910825577,0.24205978696006547
07-Jan-2000 11:25:00,3.97361556724531,0.08299210855322689,0.24108495355887746
07-Jan-2000 11:30:00,3.940893356881187,0.0812307320009208,0.24008330907923298
07-Jan-2000 11:35:00,3.9076990743490083,0.07962652285966652,0.23906175147167227
07-Jan-2000 11:40:00,3.8742373405836785,0.07816519672214409,0.23802653664385742
07-Jan-2000 11:45:00,3.8406804852417813,0.0768244812595515,0.2369830197171609
07-Jan-2000 11:50:00,3.80717117777791,0.07560150095397226,0.2359356992252071
07-Jan-2000 11:55:00,3.77382709342079,0.07448628423319442,0.23488834413607773
07-Jan-2000 12:00:00,3.7410715818633014,0.07346797384505198,0.23386067526649096
07-Jan-2000 12:05:00,3.7101258086796345,0.07253652345478466,0.23287186299069257
07-Jan-2000 12:10:00,3.6803853445082884,0.07167912604365302,0.23192140343787224
07-Jan-2000 12:15:00,3.651355016005831,0.07089100462319374,0.23099147374097603
07-Jan-2000 12:20:00,3.622877902609318,0.07016598830040409,0.2300760081954156
07-Jan-2000 12:25:00,3.5949227913298727,0.06949781176996786,0.22917375194372996
07-Jan-2000 12:30:00,3.567496439559883,0.0688700535668827,0.22828496523474695
07-Jan-2000 12:35:00,3.540613987117903,0.06828285592545916,0.2274102817500915
07-Jan-2000 12:40:00,3.5142899149675064,0.06773901042961193,0.22655034969413657
07-Jan-2000 12:45:00,3.4885357603288885,0.06723450356654062,0.2257057333772005
07-Jan-2000 12:50:00,3.4633598481181127,0.06676578754563278,0.22487689825632695
07-Jan-2000 12:55:00,3.4387671466198197,0.06632970271797815,0.22406420166183805
07-Jan-2000 13:00:00,3.4144417278529957,0.06592347241409757,0.22326259818407346
07-Jan-2000 13:05:00,3.3892555315857624,0.06554454998193122,0.22243217355989753
07-Jan-2000 13:10:00,3.363845044164975,0.06519057464305525,0.22158505254737204
07-Jan-2000 13:15:00,3.3387551396199036,0.06485950848315171,0.22074420939204692
07-Jan-2000 13:20:00,3.314186477059566,0.06454951491173372,0.21991655986846165
07-Jan-2000 13:25:00,3.290201804782074,0.06425892696687564,0.21910529856994065
07-Jan-2000 13:30:00,3.2668155862781663,0.06398623104396435,0.21831129032243266
07-Jan-2000 13:35:00,3.244025866094223,0.06373005233709668,0.217535324799071
07-Jan-2000 13:40:00,3.221824993664433,0.06348914101737332,0.21677669512771439
07-Jan-2000 13:45:00,3.2002033274925576,0.06325953629037441,0.2160352627947845
07-Jan-2000 13:50:00,3.179150904595923,0.06304105787881648,0.21531086752078124
07-Jan-2000 13:55:00,3.158656174456996,0.06283501433471744,0.214603293743151
07-Jan-2000 14:00:00,3.138111474006828,0.06264055813723889,0.21390165666878802
07-Jan-2000 14:05:00,3.115341427074208,0.06245686813422663,0.21312650195570618
07-Jan-2000 14:10:00,3.0914475306129576,0.062283108875359997,0.21229995867200713
07-Jan-2000 14:15:00,3.0675011833637096,0.06211861308245147,0.2114640444939694
07-Jan-2000 14:20:00,3.0439075691611945,0.06196277415041426,0.21063561068963757
07-Jan-2000 14:25:00,3.0208110207094103,0.06181502750069082,0.20982087331743896
07-Jan-2000 14:30:00,2.9982550443774088,0.06167484868516981,0.20902192722613328
07-Jan-2000 14:35:00,2.9762458263807727,0.061541751999608874,0.20823931896871978
07-Jan-2000 14:40:00,2.954776144286047,0.061415288195604094,0.20747302813248258
07-Jan-2000 14:45:00,2.9338341005414463,0.06129504177098995,0.20672282891417712
07-Jan-2000 14:50:00,2.9134062612707807,0.06118062822596828,0.20598842105072487
07-Jan-2000 14:55:00,2.8934787766357957,0.06107169146181842,0.20526947692114517
07-Jan-2000 15:00:00,2.873789136364778,0.060967916552343605,0.2045611304976961
07-Jan-2000 15:05:00,2.8532863737566285,0.06086899622943276,0.2038246982416861
07-Jan-2000 15:10:00,2.8323710018764574,0.06077461852809204,0.20306618800563922
07-Jan-2000 15:15:00,2.8115655264488266,0.06068446753592759,0.2023064274147167
07-Jan-2000 15:20:00,2.791098407993044,0.060598442611330926,0.2015552641515174
07-Jan-2000 15:25:00,2.771050339335324,0.06051621547196555,0.20081640157954847
07-Jan-2000 15:30:00,2.7514428675439078,0.060437581468941674,0.20009101817064115
07-Jan-2000 15:35:00,2.732275308356214,0.060362347393708445,0.1993793271990995
07-Jan-2000 15:40:00,2.7135389244383132,0.06029032957918025,0.19868118364143023
07-Jan-2000 15:45:00,2.695222217901112,0.060221355129524035,0.19799631264602405
07-Jan-2000 15:50:00,2.6773128787504183,0.06015526186598728,0.19732439434178298
07-Jan-2000 15:55:00,2.659798493524355,0.060091897817749165,0.1966650950596219
07-Jan-2000 16:00:00,2.6425487365635028,0.060027446807385115,0.19601585188924306
07-Jan-2000 16:05:00,2.6250425157645414,0.05995523174461157,0.1953568746679714
07-Jan-2000 16:10:00,2.6074549786211314,0.05988891810763545,0.1946903961337715
07-Jan-2000 16:15:00,2.5900404710299845,0.059829893152928436,0.19402696499623165
07-Jan-2000 16:20:00,2.572911624934674,0.059776146322624485,0.1933716884298586
07-Jan-2000 16:25:00,2.5561065572818547,0.05972598904118269,0.19272645206654368
07-Jan-2000 16:30:00,2.5396329229009806,0.05967843607837911,0.19209178548591058
07-Jan-2000 16:35:00,2.5234867895270887,0.059632971147651245,0.19146769219026077
07-Jan-2000 16:40:00,2.5076600245174365,0.05958932323050209,0.1908539788763607
07-Jan-2000 16:45:00,2.4921431016448143,0.05954733623128654,0.19025038160395852
07-Jan-2000 16:50:00,2.4769261546904735,0.059506905173697375,0.1896566135591982
07-Jan-2000 16:55:00,2.4619993699934377,0.05946794785144891,0.18907238309065802
07-Jan-2000 17:00:00,2.4473531310677723,0.059430393007900185,0.18849740054617578
07-Jan-2000 17:05:00,2.4329780701918446,0.05939354049976443,0.18793138089031244
07-Jan-2000 17:10:00,2.4188650846298714,0.05935754630529271,0.1873740447123339
07-Jan-2000 17:15:00,2.4050053402195744,0.05932281378064928,0.1868251186372332
07-Jan-2000 17:20:00,2.3913902698242526,0.059289284120933844,0.18628433550988285
07-Jan-2000 17:25:00,2.3780115692471377,0.05925690307790815,0.18575143445349188
07-Jan-2000 17:30:00,2.3648611924002583,0.05922562010342182,0.1852261608851177
07-Jan-2000 17:35:00,2.3519313461666265,0.05919538767909118,0.18470826650955066
07-Jan-2000 17:40:00,2.3392144851208783,0.059166160915358576,0.18419750929936266
07-Jan-2000 17:45:00,2.3267033061705846,0.05913789729668496,0.1836936534640204
07-Jan-2000 17:50:00,2.3143907431612263,0.0591105564995491,0.18319646940999607
07-Jan-2000 17:55:00,2.302269961465425,0.059084100246620155,0.18270573369299772
07-Jan-2000 18:00:00,2.2903343525578443,0.013597550576279028,0.18222122896291992
07-Jan-2000 18:05:00,2.2785774807736066,0.012265743691661876,0.18174274310494629
07-Jan-2000 18:10:00,2.266991800055047,0.01208111494654389,0.18127003394452734
07-Jan-2000 18:15:00,2.2555649777490974,0.01195098364444836,0.18080268537624922
07-Jan-2000 18:20:00,2.244279796678254,0.01182594836064933,0.18034005883712992
07-Jan-2000 18:25:00,2.2331184356329388,0.011703855386816642,0.17988145103971864
07-Jan-2000 18:30:00,2.22206537135144,0.011637877524934757,0.17942623275563088
07-Jan-2000 18:35:00,2.2111085371817065,0.011751791026476041,0.17897390549020253
07-Jan-2000 18:40:00,2.2002391540739863,0.011839200820517074,0.17852410632255636
07-Jan-2000 18:45:00,2.1894508903639998,0.011878551136716365,0.17807657640427252
07-Jan-2000 18:50:00,2.17873908444797,0.011879475913766159,0.17763112874506026
07-Jan-2000 18:55:00,2.168100175241467,0.011852022075884802,0.17718762383888556
07-Jan-2000 19:00:00,2.1576461297295007,0.011804056566134629,0.1767483275366975
07-Jan-2000 19:05:00,2.147879677245453,0.011741414198896044,0.17633441807660236
07-Jan-2000 19:10:00,2.138619098548319,0.011669128351966521,0.17594329633876313
07-Jan-2000 19:15:00,2.1295968564320042,0.011589598756994935,0.17556283447281268
07-Jan-2000 19:20:00,2.1206865029856115,0.011501310501514898,0.17518690257475283
07-Jan-2000 19:25:00,2.111836935312846,0.011409957770188077,0.17481298214325958
07-Jan-2000 19:30:00,2.1030283672603307,0.011317529558699354,0.17444009303945693
07-Jan-2000 19:35:00,2.0942532312297835,0.01122485816019758,0.17406786092018406
07-Jan-2000 19:40:00,2.0855086171093835,0.011132459934545974,0.17369614352880244
07-Jan-2000 19:45:00,2.076793373795513,0.011040682906569517,0.17332488652903133
07-Jan-2000 19:50:00,2.06810701495074,0.010949762477470926,0.1729540688467834
07-Jan-2000 19:55:00,2.0594493091692883,0.01085985545576969,0.17258368213556852
07-Jan-2000 20:00:00,2.0505900213579773,0.010771167749885966,0.17220882892556058
07-Jan-2000 20:05:00,2.040532856933509,0.010684002936692907,0.17178635470724904
07-Jan-2000 20:10:00,2.0296310994943867,0.010598135309779325,0.17132139560286552
07-Jan-2000 20:15:00,2.018405726116698,0.010513415368251731,0.17083814473873243
07-Jan-2000 20:20:00,2.007106270606553,0.010429814669251107,0.17034900020766672
07-Jan-2000 20:25:00,1.995834458630761,0.010347343275094569,0.16985913878899958
07-Jan-2000 20:30:00,1.9846276023879053,0.010266014093798738,0.16937051387954946
07-Jan-2000 20:35:00,1.9734982321096817,0.010185833135159538,0.16888380718766124
07-Jan-2000 20:40:00,1.962449749967993,0.010106798685744798,0.16839923029949483
07-Jan-2000 20:45:00,1.9514821605465593,0.010028902808980967,0.16791681892924254
07-Jan-2000 20:50:00,1.9405942193950712,0.009952133081067597,0.16743654308212874
07-Jan-2000 20:55:00,1.9297842514973982,0.009876474025122477,0.16695834908262633
07-Jan-2000 21:00:00,1.9187303800552116,0.00980205529640623,0.1664751723923103
07-Jan-2000 21:05:00,1.9059989523423575,0.009729236006820841,0.165923387167804
07-Jan-2000 21:10:00,1.8920240834506439,0.00965763550303291,0.16530706047532565
07-Jan-2000 21:15:00,1.8775556631604173,0.009586958173537913,0.16466157650451052
07-Jan-2000 21:20:00,1.8629762011019433,0.009517114579672442,0.16400641527558035
07-Jan-2000 21:25:00,1.848447584352544,0.00944810186093606,0.1633500552366006
07-Jan-2000 21:30:00,1.8340331629830124,0.009379938383205878,0.16269590087523433
07-Jan-2000 21:35:00,1.8197556272518693,0.009312640618987577,0.16204523440274501
07-Jan-2000 21:40:00,1.805621334967411,0.009246217590493896,0.16139847764787518
07-Jan-2000 21:45:00,1.7916301696490138,0.009180671097852042,0.16075570753742724
07-Jan-2000 21:50:00,1.7777795003619885,0.009115997351255406,0.16011686419097024
07-Jan-2000 21:55:00,1.764065770505634,0.009052137736120664,0.15948183483911965
07-Jan-2000 22:00:00,1.7501135576944808,0.008986006858412294,0.15884203749306725
07-Jan-2000 22:05:00,1.7341720824889864,0.008919816320854654,0.15811720758058762
07-Jan-2000 22:10:00,1.7166226973973528,0.008854575210005019,0.15730525254602043
07-Jan-2000 22:15:00,1.6983686811150653,0.008789953387093829,0.1564494658377246
07-Jan-2000 22:20:00,1.6799236756047395,0.00872576567803685,0.15557672725955152
07-Jan-2000 22:25:00,1.6615262629854637,0.008662006045789565,0.15469990859269936
07-Jan-2000 22:30:00,1.6432804338162534,0.008598735660772221,0.15382475473779988
07-Jan-2000 22:35:00,1.6252297413021208,0.008536020419677303,0.1529537626834274
07-Jan-2000 22:40:00,1.6073911727837766,0.008473910275040897,0.15208799040793247
07-Jan-2000 22:45:00,1.5897699757585284,0.008412437073733323,0.15122785634802757
07-Jan-2000 22:50:00,1.5723660587546875,0.008351618145990327,0.15037348668989672
07-Jan-2000 22:55:00,1.5551767891321078,0.0082914606037527,0.1495248667142602
07-Jan-2000 23:00:00,1.5381258046645858,0.008232052767809795,0.1486801852073768
07-Jan-2000 23:05:00,1.5208273374616705,0.008173643907694244,0.1478211663477392
07-Jan-2000 23:10:00,1.5033063750474693,0.008116013133517563,0.14694437152569806
07-Jan-2000 23:15:00,1.4857515572040443,0.008058950097987884,0.1460590197307287
07-Jan-2000 23:20:00,1.4682901964370505,0.008002386033184511,0.14517213768820084
07-Jan-2000 23:25:00,1.4509869614652606,0.007946324262509585,0.144287456253384
07-Jan-2000 23:30:00,1.433893305362594,0.007890787796246392,0.1434071419558086
07-Jan-2000 23:35:00,1.4172308890237502,0.007835797507975396,0.14254180771850145
07-Jan-2000 23:40:00,1.4010231610037913,0.007781366486809383,0.1416954340561109
07-Jan-2000 23:45:00,1.3852033516380267,0.0077275004664017505,0.14086481761515732
07-Jan-2000 23:50:00,1.369735198868995,0.007674199774180228,0.1400482152591898
07-Jan-2000 23:55:00,1.35457502072031,0.007621461191553413,0.13924347441431414
08-Jan-2000 00:00:00,1.339698379704172,0.007569279333901119,0.13844946101386946
08-Jan-2000 00:05:00,1.3250760237271302,0.007517647569629251,0.13766472386948025
08-Jan-2000 00:10:00,1.3106903699284738,0.007466558597022844,0.1368884710867013
08-Jan-2000 00:15:00,1.2965181279022329,0.007416004792983936,0.13611954981529129
08-Jan-2000 00:20:00,1.2825463195989437,0.007365978418247941,0.1353573446864
08-Jan-2000 00:25:00,1.2687575888392684,0.007316471735445864,0.13460101591742213
08-Jan-2000 00:30:00,1.2551419233921663,0.00726747707548836,0.1338500693922329
08-Jan-2000 00:35:00,1.2416846402279873,0.007218986873825999,0.1331038203541107
08-Jan-2000 00:40:00,1.2283924790801921,0.007170993689377341,0.13236263460312017
08-Jan-2000 00:45:00,1.2152598582387795,0.007123490213601512,0.13162704306892664
08-Jan-2000 00:50:00,1.2022650085175803,0.007076469274013147,0.1308945619170054
08-Jan-2000 00:55:00,1.1893951819251083,0.007029923834617254,0.1301650344872288
08-Jan-2000 01:00:00,1.176640164648535,0.006983846994648951,0.12943800133035838
08-Jan-2000 01:05:00,1.163995790112397,0.006938231986414944,0.12871326353108714
08-Jan-2000 01:10:00,1.1514557442747848,0.006893072172673238,0.12799050072312942
08-Jan-2000 01:15:00,1.1390169852434637,0.006848361043796586,0.12727235091464878
08-Jan-2000 01:20:00,1.1266738470655038,0.006804092214857589,0.12656238492485727
08-Jan-2000 01:25:00,1.1144221226319153,0.006760259422714405,0.1258442239241865
08-Jan-2000 01:30:00,1.1022592316423727,0.00671685652312437,0.12512722403994245
08-Jan-2000 01:35:00,1.0901813817239807,0.006673877487917732,0.12441098483443173
08-Jan-2000 01:40:00,1.078186165095612,0.006631316402244599,0.1236944989223887
08-Jan-2000 01:45:00,1.066268139844143,0.006589167461879343,0.12297856702159815
08-Jan-2000 01:50:00,1.0544240165208132,0.00654742497061173,0.12226421314040999
08-Jan-2000 01:55:00,1.0426515305419675,0.006506083337700243,0.12155006726249196
08-Jan-2000 02:00:00,1.0309470219048529,0.006465137075403031,0.12083589082491096
08-Jan-2000 02:05:00,1.0193087025326937,0.006424580796575729,0.1201215631768083
08-Jan-2000 02:10:00,1.0077326262053807,0.006384409212336202,0.11940687134276323
08-Jan-2000 02:15:00,0.9962162259025545,0.006344617129794377,0.11869160567841072
08-Jan-2000 02:20:00,0.9847581799851046,0.0063051994498475525,0.1179756816996069
08-Jan-2000 02:25:00,0.9733556284838232,0.006266151165034971,0.11725891520494927
08-Jan-2000 02:30:00,0.9620071578609343,0.006227467357452219,0.11654118580425638
08-Jan-2000 02:35:00,0.9507102349210175,0.00618914319672364,0.11582233615366908
08-Jan-2000 02:40:00,0.9394629660638143,0.006151173938029905,0.11510219520449351
08-Jan-2000 02:45:00,0.9282645265890007,0.006113554920188485,0.11438068919808737
08-Jan-2000 02:50:00,0.9171124805534006,0.00607628156378782,0.11365765823964576
08-Jan-2000 02:55:00,0.9060052493408975,0.00603934936937272,0.11293294154403066
08-Jan-2000 03:00:00,0.8949926556177403,0.006002686528788419,0.1122079003164027
08-Jan-2000 03:05:00,0.8843673995798688,0.005966131086449281,0.11150025540867843
08-Jan-2000 03:10:00,0.8741346490319202,0.005929849614619116,0.1108157975810323
08-Jan-2000 03:15:00,0.8641497073510321,0.005893954186642011,0.11014557927453912
08-Jan-2000 03:20:00,0.8543059304574335,0.005858464056539516,0.1094819446355586
08-Jan-2000 03:25:00,0.8445437140207245,0.00582336193848874,0.10882043112836068
08-Jan-2000 03:30:00,0.8348314273184344,0.005788623407330775,0.10815861408654373
08-Jan-2000 03:35:00,0.8251529190936308,0.0057542270231411355,0.10749520711741976
08-Jan-2000 03:40:00,0.8155013118086418,0.005720156320904116,0.10682960650533088
08-Jan-2000 03:45:00,0.8058738410416961,0.00568639914645156,0.10616154259016822
08-Jan-2000 03:50:00,0.7962688326377773,0.005652946470176221,0.10549083616657337
08-Jan-2000 03:55:00,0.7866864656617456,0.0056197913550017796,0.10481742885596035
08-Jan-2000 04:00:00,0.7773069222237318,0.005586807859024766,0.10414685649884248
08-Jan-2000 04:05:00,0.769120641105275,0.005553731537271401,0.10354468086979735
08-Jan-2000 04:10:00,0.7620579625917543,0.005520846864717453,0.10302628984602734
08-Jan-2000 04:15:00,0.7556176336302493,0.005488331059847843,0.10255672227161032
08-Jan-2000 04:20:00,0.7494711159887235,0.005456219971536213,0.10210999226480258
08-Jan-2000 04:25:00,0.7434497432920227,0.00542449553518708,0.10167222876195661
08-Jan-2000 04:30:00,0.7374749855654068,0.005393127477826208,0.101236800969209
08-Jan-2000 04:35:00,0.7315132176378819,0.005362087739378501,0.10080078608859012
08-Jan-2000 04:40:00,0.7255516080057048,0.005331353915407032,0.10036300875732004
08-Jan-2000 04:45:00,0.7195873207340043,0.005300909014862943,0.09992312047124498
08-Jan-2000 04:50:00,0.7136216124059823,0.005270740300071689,0.0994811562454085
08-Jan-2000 04:55:00,0.7076570794412234,0.005240838128547125,0.09903725993996357
08-Jan-2000 05:00:00,0.7019170308316351,0.005211132551796356,0.09859890836641153
08-Jan-2000 05:05:00,0.6975033416432257,0.005181466746972402,0.09824510840969328
08-Jan-2000 05:10:00,0.6942022169118632,0.005151982141528233,0.09798335713275073
08-Jan-2000 05:15:00,0.6914444294074582,0.005122780483706459,0.09776932717116665
08-Jan-2000 05:20:00,0.6889082801657345,0.005093886639052276,0.09757528577542496
08-Jan-2000 05:25:00,0.6864444009275622,0.0050652934096920045,0.09738798177419569
08-Jan-2000 05:30:00,0.6839888777394332,0.0050369851029062225,0.09720163323416874
08-Jan-2000 05:35:00,0.6815166212559448,0.005008946134895043,0.09701390588191723
08-Jan-2000 05:40:00,0.6790194790124916,0.004981163358805495,0.09682398466287756
08-Jan-2000 05:45:00,0.6764964368518707,0.0049536262251568255,0.09663170235871042
08-Jan-2000 05:50:00,0.6739493382168896,0.004926326345494828,0.09643715628942351
08-Jan-2000 05:55:00,0.6713810416213409,0.004899256986395177,0.09624054288119542
08-Jan-2000 06:00:00,0.6689612818498396,0.06477821232814598,0.09604781684193898
08-Jan-2000 06:05:00,0.6674494143147974,0.06062370754880231,0.09591605039799227
08-Jan-2000 06:10:00,0.6666464301434731,0.059074456872028405,0.09584583658411949
08-Jan-2000 06:15:00,0.6661620747648905,0.05846397484734271,0.09580510248181387
08-Jan-2000 06:20:00,0.6657966530661428,0.05822729800025399,0.09577572928734307
08-Jan-2000 06:25:00,0.6654724899131538,0.05813865849314257,0.09575028856590143
08-Jan-2000 06:30:00,0.6651688943299335,0.05810653877801775,0.09572655839388727
08-Jan-2000 06:35:00,0.6648872374844796,0.05809505409823632,0.09570444025794372
08-Jan-2000 06:40:00,0.664633195552467,0.05809071833722936,0.09568436041676452
08-Jan-2000 06:45:00,0.664411464674224,0.058088706086462,0.09566670799371518
08-Jan-2000 06:50:00,0.6642248525440961,0.05808738837979165,0.09565173172596993
08-Jan-2000 06:55:00,0.664074431178339,0.05808625530950592,0.09563954040136893
08-Jan-2000 07:00:00,0.664134258821469,0.058088963952920014,0.09563613860588065
08-Jan-2000 07:05:00,0.6651858819515265,0.05809105660383136,0.09570077787597195
08-Jan-2000 07:10:00,0.6669823522222829,0.05809123284404954,0.09583060358861477
08-Jan-2000 07:15:00,0.6691160958042395,0.058090655210474434,0.09599131495818065
08-Jan-2000 07:20:00,0.6713786327834402,0.05808978594527101,0.09616401062749988
08-Jan-2000 07:25:00,0.6736783516374172,0.05808880884495737,0.09634025147020063
08-Jan-2000 07:30:00,0.6759771513259064,0.05808779694860794,0.09651650823722235
08-Jan-2000 07:35:00,0.6782599478450365,0.05808677920528845,0.09669137749327805
08-Jan-2000 07:40:00,0.6805212711152777,0.05808576701091335,0.09686434602862039
08-Jan-2000 07:45:00,0.6827595837999111,0.0580847647742925,0.09703526508658444
08-Jan-2000 07:50:00,0.6849749230916856,0.058083774124446354,0.09720413178339803
08-Jan-2000 07:55:00,0.6871679329431728,0.058082795585947214,0.09737099949864941
08-Jan-2000 08:00:00,0.689339470956764,0.05808182924601123,0.09753594142315854
08-Jan-2000 08:05:00,0.6914904784554091,0.05808087502009045,0.09769903723965954
08-Jan-2000 08:10:00,0.6936219421631239,0.058079932757582525,0.09786037095640067
08-Jan-2000 08:15:00,0.6957347823288634,0.05807900228387189,0.09802002142386233
08-Jan-2000 08:20:00,0.6978298897829229,0.05807808341702525,0.0981780643712953
08-Jan-2000 08:25:00,0.6999081160686271,0.05807717597438115,0.098334572208
08-Jan-2000 08:30:00,0.701970263612403,0.058076279775129414,0.09848961323398728
08-Jan-2000 08:35:00,0.7040170826613237,0.058075394641283674,0.09864325136104113
08-Jan-2000 08:40:00,0.7060492706507917,0.058074520398031224,0.09879554610303948
08-Jan-2000 08:45:00,0.708067472365813,0.05807365687381333,0.09894655260008871
08-Jan-2000 08:50:00,0.7100722835080797,0.05807280390032407,0.09909632187308987
08-Jan-2000 08:55:00,0.7120642547404399,0.05807196131245604,0.09924490119126743
08-Jan-2000 09:00:00,0.7141343264308955,0.05807112888983231,0.09939535439734463
08-Jan-2000 09:05:00,0.7166772021229849,0.05807030647154825,0.09957668492993192
08-Jan-2000 09:10:00,0.7195586500458222,0.058069494009807286,0.09978657657198048
08-Jan-2000 09:15:00,0.7225749851869001,0.0580686913428911,0.10000839513513685
08-Jan-2000 09:20:00,0.7256246098960135,0.058067898301981925,0.1002332632082078
08-Jan-2000 09:25:00,0.7286639743037264,0.05806711472875848,0.10045731997445734
08-Jan-2000 09:30:00,0.7316759872138415,0.05806634047346325,0.10067903824104527
08-Jan-2000 09:35:00,0.7346547234180861,0.058065575391978215,0.1008978845647365
08-Jan-2000 09:40:00,0.7375988534490638,0.05806481934415148,0.10111373378148208
08-Jan-2000 09:45:00,0.7405088617261658,0.0580640721929674,0.10132662250804048
08-Jan-2000 09:50:00,0.7433858961722449,0.058063333804158845,0.10153664673908666
08-Jan-2000 09:55:00,0.7462313053795512,0.05806260404601705,0.1017439206383203
08-Jan-2000 10:00:00,0.749232134884696,0.05806188268991916,0.10195462635740044
08-Jan-2000 10:05:00,0.7531871431219224,0.05806116960732417,0.10222624304452857
08-Jan-2000 10:10:00,0.7578097278948326,0.058060464856106976,0.10255286473514977
08-Jan-2000 10:15:00,0.762690247565032,0.05805976829783065,0.10290159915394516
08-Jan-2000 10:20:00,0.7676288087555554,0.058059079780587546,0.10325536000331069
08-Jan-2000 10:25:00,0.7725413033456333,0.05805839916796568,0.10360688075498722
08-Jan-2000 10:30:00,0.7773953353578954,0.058057726335440554,0.103953359038628
08-Jan-2000 10:35:00,0.7821802551732252,0.05805706116547888,0.10429387421649941
08-Jan-2000 10:40:00,0.7868944670877864,0.05805640354477106,0.10462828380615463
08-Jan-2000 10:45:00,0.7915396377677282,0.05805575336292553,0.10495673580131822
08-Jan-2000 10:50:00,0.7961184218036074,0.058055110511877464,0.10527946329442438
08-Jan-2000 10:55:00,0.8006338031861312,0.05805447488562136,0.1055967253070835
08-Jan-2000 11:00:00,0.8052853024962832,0.05805384629587952,0.10591497176259765
08-Jan-2000 11:05:00,0.8108954309246327,0.05805322464045217,0.10629185526710087
08-Jan-2000 11:10:00,0.8171309076685183,0.05805260997235053,0.10671842887636557
08-Jan-2000 11:15:00,0.8235832459118143,0.05805200217826985,0.10716254306410727
08-Jan-2000 11:20:00,0.8300623964500957,0.0580514011344035,0.10760850340287959
08-Jan-2000 11:25:00,0.8364906116434174,0.05805080673009392,0.10804985800151924
08-Jan-2000 11:30:00,0.8428392799093943,0.05805021886452534,0.10848424080389192
08-Jan-2000 11:35:00,0.8491007628787332,0.05804963744256438,0.10891102198922015
08-Jan-2000 11:40:00,0.8552747453527476,0.058049062372471934,0.10933020808237276
08-Jan-2000 11:45:00,0.8613637184226394,0.05804849356481864,0.1097420272448053
08-Jan-2000 11:50:00,0.8673712060471309,0.05804793093200821,0.11014679030377238
08-Jan-2000 11:55:00,0.8733010725754106,0.05804737438805766,0.11054482845793154
08-Jan-2000 12:00:00,0.8793911452383212,0.05804682377667449,0.11094370257096209
08-Jan-2000 12:05:00,0.8865107692505452,0.05804627901599337,0.11140348718844664
08-Jan-2000 12:10:00,0.8942291376425252,0.05804574015430309,0.11190909546844961
08-Jan-2000 12:15:00,0.9021215773495538,0.05804520709813618,0.11242790143878195
08-Jan-2000 12:20:00,0.9100098422282359,0.05804467974578574,0.11294560773746122
08-Jan-2000 12:25:00,0.9178279362210781,0.05804415800676751,0.11345693079997134
08-Jan-2000 12:30:00,0.9255546312487125,0.05804364179880444,0.11396018798587106
08-Jan-2000 12:35:00,0.9331858255744414,0.058043131044291006,0.11445507238001439
08-Jan-2000 12:40:00,0.9407242435889559,0.05804262566836064,0.11494181222370878
08-Jan-2000 12:45:00,0.9481740093441983,0.05804212559800361,0.1154207684562092
08-Jan-2000 12:50:00,0.9555396818579487,0.05804163076166243,0.115892323936358
08-Jan-2000 12:55:00,0.9628262005342696,0.058041141089057426,0.11635687360731563
08-Jan-2000 13:00:00,0.9698054227474934,0.058040656573500354,0.11680796782554767
08-Jan-2000 13:05:00,0.9756198141429049,0.05804017714723874,0.11718938681823723
08-Jan-2000 13:10:00,0.9807031809085808,0.05803970262958576,0.11751587754077943
08-Jan-2000 13:15:00,0.9854816129618097,0.05803923296555259,0.11781848838943781
08-Jan-2000 13:20:00,0.9901379814190568,0.05803876811033097,0.11811114082628829
08-Jan-2000 13:25:00,0.9947435668421235,0.058038308011674845,0.11839931105268776
08-Jan-2000 13:30:00,0.9993248084617677,0.05803785261228573,0.11868505527681251
08-Jan-2000 13:35:00,1.0038908088747802,0.0580374018528541,0.11896909700993372
08-Jan-2000 13:40:00,1.0084443015207443,0.058036955673702734,0.11925166915813729
08-Jan-2000 13:45:00,1.0129857163580716,0.05803651401555658,0.11953282697061521
08-Jan-2000 13:50:00,1.0175146888816178,0.0580360768198529,0.11981256380336294
08-Jan-2000 13:55:00,1.0220307775796602,0.0580356440288609,0.12009086030725222
08-Jan-2000 14:00:00,1.0260989003453262,0.058035215699491875,0.12035525136571035
08-Jan-2000 14:05:00,1.0280390527632408,0.058034791780598095,0.120500310492794
08-Jan-2000 14:10:00,1.0285804328268697,0.05803437200612698,0.12054545090110039
08-Jan-2000 14:15:00,1.028574147889951,0.05803395633843459,0.12054925921025117
08-Jan-2000 14:20:00,1.028405549226754,0.058033544760505075,0.12053989907353689
08-Jan-2000 14:25:00,1.0282269705970855,0.058033137241295094,0.12052869488869962
08-Jan-2000 14:30:00,1.028094380807723,0.05803273373930242,0.12051987416282232
08-Jan-2000 14:35:00,1.0280259672895526,0.05803233420805125,0.1205148601742879
08-Jan-2000 14:40:00,1.0280255553602595,0.05803193859925292,0.12051400332652722
08-Jan-2000 14:45:00,1.0280916944604832,0.05803154686428528,0.120517256297844
08-Jan-2000 14:50:00,1.0282211153788428,0.05803115895482231,0.12052443196457698
08-Jan-2000 14:55:00,1.028410023782958,0.05803077482309473,0.12053530030984129
08-Jan-2000 15:00:00,1.0284589492095622,0.058030394474885144,0.12054412887731686
08-Jan-2000 15:05:00,1.0275384805632364,0.05803001786722499,0.12049997635798379
08-Jan-2000 15:10:00,1.025955223283492,0.05802964485548374,0.12040847569029332
08-Jan-2000 15:15:00,1.0241327544234438,0.05802927540143487,0.12029825756645371
08-Jan-2000 15:20:00,1.0222700032983079,0.05802890947762746,0.12018378251864609
08-Jan-2000 15:25:00,1.0204461179275979,0.058028547050568806,0.12007095038541087
08-Jan-2000 15:30:00,1.0186892997389956,0.05802818808212673,0.11996193037714038
08-Jan-2000 15:35:00,1.0170073987916386,0.05802783253206767,0.11985738383322136
08-Jan-2000 15:40:00,1.015400528319932,0.05802748035953222,0.11975739228389791
08-Jan-2000 15:45:00,1.0138659931195,0.05802713152374953,0.1196618222298788
08-Jan-2000 15:50:00,1.0124001412524295,0.058026785984332405,0.1195704666646419
08-Jan-2000 15:55:00,1.0109990238662145,0.05802644370140516,0.11948309227677156
08-Jan-2000 16:00:00,1.009570610970679,0.05802610465981648,0.11939696400563542
08-Jan-2000 16:05:00,1.0077244258399476,0.05802545025711406,0.11928822176853592
08-Jan-2000 16:10:00,1.0055747350042938,0.05802247444306114,0.11915764289501629
08-Jan-2000 16:15:00,1.003318362653057,0.058019750676084385,0.11901835677841541
08-Jan-2000 16:20:00,1.0010561045839295,0.05801802707698899,0.11887765037632914
08-Jan-2000 16:25:00,0.998830966504807,0.05801701425467434,0.11873872469669591
08-Jan-2000 16:30:00,0.9966591707519431,0.0580163863274103,0.11860283241269562
08-Jan-2000 16:35:00,0.9945453768743001,0.058015942519321836,0.11847037456681922
08-Jan-2000 16:40:00,0.9924894501759177,0.058015580777867025,0.11834139507503899
08-Jan-2000 16:45:00,0.9904893623014185,0.05801525438522809,0.11821579419125286
08-Jan-2000 16:50:00,0.9885424059548006,0.05801494343820761,0.11809341859923594
08-Jan-2000 16:55:00,0.9866457438588598,0.0580146399263415,0.11797410016366217
08-Jan-2000 17:00:00,0.9847966813757807,0.05801434077983406,0.11785767746922175
08-Jan-2000 17:05:00,0.9829926548192978,0.05801404487085658,0.11774399663683527
08-Jan-2000 17:10:00,0.9812312280408374,0.05801375179588033,0.11763291108355242
08-Jan-2000 17:15:00,0.9795100802553975,0.05801346140705401,0.11752428091872184
08-Jan-2000 17:20:00,0.9778269978460784,0.05801317364118827,0.1174179723564562
08-Jan-2000 17:25:00,0.9761798750857391,0.05801288846091315,0.11731385775687056
08-Jan-2000 17:30:00,0.9745667140552424,0.058012605835866364,0.11721181570856339
08-Jan-2000 17:35:00,0.9729856204690106,0.05801232573729042,0.11711173087967255
08-Jan-2000 17:40:00,0.9714347951293445,0.05801204813675705,0.11701349354955838
08-Jan-2000 17:45:00,0.9699125294892474,0.05801177300600872,0.11691699929002329
08-Jan-2000 17:50:00,0.9684172046964529,0.058011500317020286,0.11682214893073713
08-Jan-2000 17:55:00,0.9669472896773417,0.05801123004207225,0.11672884849282186
08-Jan-2000 18:00:00,0.9655013373003054,0.008890859402554411,0.11663700901143544
08-Jan-2000 18:05:00,0.9640779362649243,0.0046200783177670025,0.11654654520335339
08-Jan-2000 18:10:00,0.9626745324240193,0.0031027423887380018,0.11645732784586435
08-Jan-2000 18:15:00,0.9612837397674635,0.0024549571424926993,0.116368967908805
08-Jan-2000 18:20:00,0.9598928192469739,0.0021696390947083598,0.11628071057711126
08-Jan-2000 18:25:00,0.9584876888013113,0.0020468205212740846,0.11619165718197216
08-Jan-2000 18:30:00,0.9570562655800633,0.001996678286153949,0.116101001532564
08-Jan-2000 18:35:00,0.9555897314984299,0.001974946388838499,0.11600813523903364
08-Jan-2000 18:40:00,0.9540824678022368,0.0019626431966632244,0.11591265651931389
08-Jan-2000 18:45:00,0.9525314534693723,0.0019530292630825126,0.1158143363682088
08-Jan-2000 18:50:00,0.9509356124575801,0.0019441468996825029,0.1157130769883527
08-Jan-2000 18:55:00,0.9492952392828808,0.0019355201913824045,0.11560887448580641
08-Jan-2000 19:00:00,0.9476969358763211,0.0019460255855773963,0.11550425728626425
08-Jan-2000 19:05:00,0.9465295956033393,0.0020507201529072327,0.11542364239725271
08-Jan-2000 19:10:00,0.9456794829073129,0.0021400918403989447,0.115366343659499
08-Jan-2000 19:15:00,0.9449476864075785,0.002182288121986174,0.1153186299863533
08-Jan-2000 19:20:00,0.9442323091962561,0.002188526936247544,0.11527288299945156
08-Jan-2000 19:25:00,0.9434896418468153,0.002187770510967684,0.11522575010490677
08-Jan-2000 19:30:00,0.942703007248486,0.002201943235444779,0.11517591343323197
08-Jan-2000 19:35:00,0.9418674116892779,0.0022145750411046365,0.11512294465621858
08-Jan-2000 19:40:00,0.9409827013250881,0.0022228567346184204,0.11506678708065947
08-Jan-2000 19:45:00,0.9400506393171886,0.002227183490455301,0.11500753290887775
08-Jan-2000 19:50:00,0.9390736874276553,0.002228364696844964,0.1149453299815114
08-Jan-2000 19:55:00,0.9380545071793576,0.0022271277983007196,0.11488034346180713
08-Jan-2000 20:00:00,0.9368241790165638,0.002224096252086497,0.1148077306628489
08-Jan-2000 20:05:00,0.9346194786143237,0.002219808590421034,0.1146791136509771
08-Jan-2000 20:10:00,0.9316717696755392,0.0022144906226103916,0.11449630854854415
08-Jan-2000 20:15:00,0.9283790962964553,0.0022083396689323706,0.11428676713527901
08-Jan-2000 20:20:00,0.9249512213404103,0.002201554148518341,0.11406610688248299
08-Jan-2000 20:25:00,0.9214828704182372,0.002194303029356403,0.11384152275606632
08-Jan-2000 20:30:00,0.9180146550747623,0.0021867183682124855,0.11361613569912599
08-Jan-2000 20:35:00,0.9145633920520009,0.0021788996443203815,0.113391254879287
08-Jan-2000 20:40:00,0.9111357333603262,0.00217092065578909,0.11316741020288268
08-Jan-2000 20:45:00,0.9077340655707821,0.0021628357900291407,0.11294480262639003
08-Jan-2000 20:50:00,0.9043590127584088,0.0021546850018899443,0.11272349631093592
08-Jan-2000 20:55:00,0.9010104222810895,0.0021464975863411655,0.11250349661380404
08-Jan-2000 21:00:00,0.8974481202801233,0.00213830702333829,0.11227765939431313
08-Jan-2000 21:05:00,0.89256823275028,0.002130162650264239,0.11197505153864966
08-Jan-2000 21:10:00,0.8866489340907834,0.00212204668705682,0.11159429705216682
08-Jan-2000 21:15:00,0.8802606447953166,0.0021139417303888937,0.11117477846343854
08-Jan-2000 21:20:00,0.8737204904136818,0.002105846598080143,0.11074040390050591
08-Jan-2000 21:25:00,0.8671754240068105,0.002097766972036709,0.1103025868878231
08-Jan-2000 21:30:00,0.860688340497812,0.0020897094968571404,0.10986633479525242
08-Jan-2000 21:35:00,0.8542849842244697,0.0020816797372929844,0.10943376137005241
08-Jan-2000 21:40:00,0.84797409213727,0.0020736818354919542,0.10900567145058246
08-Jan-2000 21:45:00,0.84175672662122,0.00206571870556426,0.1085822647310969
08-Jan-2000 21:50:00,0.8356309456506853,0.002057792326270273,0.10816349040536354
08-Jan-2000 21:55:00,0.8295936175405958,0.0020499039992445214,0.10774919503477012
08-Jan-2000 22:00:00,0.8233609213435323,0.0020420736222986503,0.10733055904266232
08-Jan-2000 22:05:00,0.8155759753471075,0.0020343651757164832,0.10681762818099387
08-Jan-2000 22:10:00,0.8064723449611545,0.0020267360363860243,0.10620064235843496
08-Jan-2000 22:15:00,0.7967348012816635,0.0020191318758135237,0.10552731133501628
08-Jan-2000 22:20:00,0.7867816178227358,0.00201153291932462,0.10482991156086283
08-Jan-2000 22:25:00,0.7768216533375598,0.002003941011581536,0.10412516518075444
08-Jan-2000 22:30:00,0.766950863572971,0.001996364544302347,0.10342099768126137
08-Jan-2000 22:35:00,0.757211374977878,0.0019888115235220643,0.10272101423080401
08-Jan-2000 22:40:00,0.7476198876272193,0.0019812877502386095,0.10202678856635168
08-Jan-2000 22:45:00,0.7381800927088327,0.0019737969413427757,0.10133885304923801
08-Jan-2000 22:50:00,0.7288905436668616,0.001966341302065575,0.10065727944815903
08-Jan-2000 22:55:00,0.7197470540752045,0.001958922052805062,0.09998191672769645
08-Jan-2000 23:00:00,0.7106881256756118,0.0019515490371336038,0.09931068276200836
08-Jan-2000 23:05:00,0.7014072193529739,0.0019442480023893333,0.09862230189373167
08-Jan-2000 23:10:00,0.6919109257147865,0.0019369944409530588,0.09791097194274455
08-Jan-2000 23:15:00,0.682340799731309,0.001929767405870112,0.09718677886510224
08-Jan-2000 23:20:00,0.6727963759304421,0.0019225624985467543,0.09645787764725858
08-Jan-2000 23:25:00,0.6633309046259737,0.001915382523248236,0.09572889332465642
08-Jan-2000 23:30:00,0.653969297174453,0.0019082313714670713,0.0950021189082702
08-Jan-2000 23:35:00,0.6447205911966474,0.0019011119990710087,0.09427849505930361
08-Jan-2000 23:40:00,0.635587292335461,0.0018940262202272688,0.09355837265873149
08-Jan-2000 23:45:00,0.6265681477518563,0.0018869750006741371,0.09284178528058813
08-Jan-2000 23:50:00,0.6176591749264789,0.00187995877300294,0.09212852936247903
08-Jan-2000 23:55:00,0.6088556461759997,0.0018729776618801241,0.09141830894120169
09-Jan-2000 00:00:00,0.6001531333811327,0.001866031622989888,0.09071082161938918
09-Jan-2000 00:05:00,0.5915467920087537,0.0018591205225857988,0.09000575554646108
09-Jan-2000 00:10:00,0.5830317985702155,0.001852244181043925,0.08930275002323397
09-Jan-2000 00:15:00,0.5746041277072159,0.0018454023960388184,0.0886015143454494
09-Jan-2000 00:20:00,0.5662597024712994,0.0018385949546010278,0.08790175474285063
09-Jan-2000 00:25:00,0.5579936253770152,0.0018318216393090842,0.08720310239334152
09-Jan-2000 00:30:00,0.5498013412710971,0.0018250822314224105,0.08650518208148444
09-Jan-2000 00:35:00,0.541679345015242,0.0018183765124494893,0.0858076937333877
09-Jan-2000 00:40:00,0.5336244154553691,0.0018117042649199164,0.08511035789760647
09-Jan-2000 00:45:00,0.525638703479167,0.0018050652727666788,0.08441324312185527
09-Jan-2000 00:50:00,0.5177203240848962,0.0017984593214945737,0.0837163691711141
09-Jan-2000 00:55:00,0.5098634570861829,0.001791886198268692,0.08301920746622252
09-Jan-2000 01:00:00,0.5020638006993793,0.0017853456919346782,0.0823213643834149
09-Jan-2000 01:05:00,0.4943162828393394,0.0017788375930301889,0.08162236303531423
09-Jan-2000 01:10:00,0.48661735139226797,0.0017723616937794207,0.08092181574801044
09-Jan-2000 01:15:00,0.47896447008280035,0.001765917788079995,0.08021943707197435
09-Jan-2000 01:20:00,0.4713548069661329,0.0017595056714880257,0.07951492979587657
09-Jan-2000 01:25:00,0.463786273245,0.0017531251412048852,0.07880801008574548
09-Jan-2000 01:30:00,0.45625754221357706,0.0017467759960627827,0.07809848242210642
09-Jan-2000 01:35:00,0.4487674394793652,0.0017404580365045668,0.07738616170119277
09-Jan-2000 01:40:00,0.44131380995962455,0.0017341710645731546,0.07667079643092253
09-Jan-2000 01:45:00,0.4338946511850333,0.001727914883891366,0.07595207002902607
09-Jan-2000 01:50:00,0.4265093908862428,0.0017216892996512146,0.07522981739861939
09-Jan-2000 01:55:00,0.4191578747526696,0.001715494118593311,0.0745039063520564
09-Jan-2000 02:00:00,0.41184002216301363,0.0017093291489958062,0.07377424006405153
09-Jan-2000 02:05:00,0.4045550901931911,0.0017031942006566396,0.07304062748389215
09-Jan-2000 02:10:00,0.39730271868722283,0.0016970890848837562,0.07230290519212154
09-Jan-2000 02:15:00,0.39009070046128724,0.0016910136144721586,0.07156126517988143
09-Jan-2000 02:20:00,0.3829454688393761,0.001684967603696639,0.0708186799259727
09-Jan-2000 02:25:00,0.37584805019499096,0.0016789568090420284,0.07007369403111684
09-Jan-2000 02:30:00,0.3687872148271894,0.0016729796899241224,0.06932477619322196
09-Jan-2000 02:35:00,0.3617594816948018,0.0016670318727125427,0.06857127919529095
09-Jan-2000 02:40:00,0.35476446988925403,0.0016611126214700982,0.06781299097163795
09-Jan-2000 02:45:00,0.34780180883522105,0.0016552217386571564,0.06704968622315619
09-Jan-2000 02:50:00,0.34087285853366744,0.001649359080211291,0.06628131134738824
09-Jan-2000 02:55:00,0.3339797430613711,0.001643524493874148,0.06550791097877734
09-Jan-2000 03:00:00,0.32717914906441004,0.0016377084046131528,0.06473217069372321
09-Jan-2000 03:05:00,0.3207837152688859,0.0016318933742423623,0.06398666787382781
09-Jan-2000 03:10:00,0.31480234112643096,0.0016261036692113515,0.06328356720956559
09-Jan-2000 03:15:00,0.3090869705534959,0.001620350744651356,0.06260755916528712
09-Jan-2000 03:20:00,0.3035279320891919,0.0016146350235158788,0.061945092451713854
09-Jan-2000 03:25:00,0.29806428123528134,0.001608953875474443,0.06128816960724872
09-Jan-2000 03:30:00,0.29266575651999116,0.0016033046022950618,0.06063264007378204
09-Jan-2000 03:35:00,0.28732026314574505,0.0015976851589117958,0.05997667475331487
09-Jan-2000 03:40:00,0.2820251679384307,0.0015920941450564099,0.059319741436451606
09-Jan-2000 03:45:00,0.276782500384937,0.0015865306328923308,0.05866196885514291
09-Jan-2000 03:50:00,0.2715958651476638,0.0015809940035582776,0.05800376629234355
09-Jan-2000 03:55:00,0.2664698735248548,0.0015754838291518478,0.05734568697143654
09-Jan-2000 04:00:00,0.261605395478271,0.0015699841866276675,0.05669890948969522
09-Jan-2000 04:05:00,0.2580718996998601,0.0015644669850521879,0.05619308538700215
09-Jan-2000 04:10:00,0.2557754243520399,0.0015589692270710166,0.05586099220685775
09-Jan-2000 04:15:00,0.25416786843498446,0.0015535088119151246,0.05563289228479339
09-Jan-2000 04:20:00,0.25288628161612214,0.0015480880507258582,0.05545564835193568
09-Jan-2000 04:25:00,0.2517405207912964,0.0015427044628295134,0.05530015647088152
09-Jan-2000 04:30:00,0.2506411076737442,0.0015373548397584985,0.055152323116331295
09-Jan-2000 04:35:00,0.2495505464802758,0.0015320364243216922,0.05500602039915832
09-Jan-2000 04:40:00,0.24845653346865418,0.0015267471105431323,0.054859056128472625
09-Jan-2000 04:45:00,0.24735820882857323,0.001521485358649742,0.05471106776347134
09-Jan-2000 04:50:00,0.24625938748070542,0.001516250057100307,0.05456247146772192
09-Jan-2000 04:55:00,0.2451653577660628,0.0015110404001537872,0.05441395762855269
09-Jan-2000 05:00:00,0.24431972119097975,0.0015058480281484586,0.05427980062527971
09-Jan-2000 05:05:00,0.24489630847200136,0.0015006556229518265,0.05431142304777774
09-Jan-2000 05:10:00,0.24663020394061455,0.0014954811365031802,0.05452042610458506
09-Jan-2000 05:15:00,0.2488867369744829,0.001490335574501051,0.054815057319645255
09-Jan-2000 05:20:00,0.2513060313478556,0.0014852212437358502,0.05513785585277142
09-Jan-2000 05:25:00,0.2537231994323125,0.0014801372884925836,0.05546189401075024
09-Jan-2000 05:30:00,0.25607261591178554,0.001475082132332384,0.05577631381059778
09-Jan-2000 05:35:00,0.25833436478032656,0.0014700542756830106,0.05607770218708877
09-Jan-2000 05:40:00,0.26050812723748507,0.0014650524866036143,0.05636583607272372
09-Jan-2000 05:45:00,0.2626011503091294,0.001460075799761923,0.056641724503191354
09-Jan-2000 05:50:00,0.2646229303657634,0.001455123467611177,0.05690674806793139
09-Jan-2000 05:55:00,0.2665829863372234,0.0014501949087317003,0.05716230124287334
09-Jan-2000 06:00:00,0.2686658126933397,0.06476223770004538,0.057419425662646455
09-Jan-2000 06:05:00,0.27166828609618654,0.06055681578808195,0.05777674973233715
09-Jan-2000 06:10:00,0.275369916863544,0.05898194745914236,0.058234055795953775
09-Jan-2000 06:15:00,0.2793527990931501,0.05836307954666796,0.058732487640601655
09-Jan-2000 06:20:00,0.2834097517073462,0.058123422108236095,0.059239772615388035
09-Jan-2000 06:25:00,0.28747546149652403,0.05803418819877676,0.05974466971359522
09-Jan-2000 06:30:00,0.29156853884912887,0.058002495051857506,0.06024749158260489
09-Jan-2000 06:35:00,0.29571671167944463,0.057991850028799974,0.060752701877492966
09-Jan-2000 06:40:00,0.29991816086779466,0.057988507223417925,0.06126018025528193
09-Jan-2000 06:45:00,0.30417193722101027,0.057987535599341306,0.061769798727168736
09-Jan-2000 06:50:00,0.3084733061659185,0.05798726555246152,0.062281059782436164
09-Jan-2000 06:55:00,0.31281381483272486,0.05798717253343044,0.06279300116211589
09-Jan-2000 07:00:00,0.31737885574826363,0.057990301566650096,0.06331428898785625
09-Jan-2000 07:05:00,0.32300686226375325,0.057992820256330714,0.06394031655735193
09-Jan-2000 07:10:00,0.3293706091644854,0.05799377324813218,0.06465885812615434
09-Jan-2000 07:15:00,0.33600137170641176,0.057994103075547324,0.0654086323557582
09-Jan-2000 07:20:00,0.3426679696617282,0.05799418493174306,0.06615786201394003
09-Jan-2000 07:25:00,0.34927377682696464,0.05799416826698728,0.06689352626086502
09-Jan-2000 07:30:00,0.3557830246021833,0.05799411264100724,0.06761115180055444
09-Jan-2000 07:35:00,0.36218525427234,0.05799404179120483,0.06830976824544029
09-Jan-2000 07:40:00,0.3684806646543695,0.0579939651768505,0.068989810878638
09-Jan-2000 07:45:00,0.37467231886130326,0.05799388656600235,0.0696521211036376
09-Jan-2000 07:50:00,0.380764131221942,0.05799380745821379,0.07029759860091775
09-Jan-2000 07:55:00,0.38676045765428274,0.05799372844882587,0.07092714532268478
09-Jan-2000 08:00:00,0.39266583161102026,0.05799364977278426,0.07154165759539599
09-Jan-2000 08:05:00,0.39848445763487395,0.05799357152139858,0.07214195918754386
09-Jan-2000 08:10:00,0.40421957947519915,0.057993493728752406,0.07272875287558132
09-Jan-2000 08:15:00,0.4098740378045418,0.0579934164061347,0.07330265499295488
09-Jan-2000 08:20:00,0.41545046186554246,0.057993339555777346,0.07386423373347972
09-Jan-2000 08:25:00,0.4209513089975556,0.05799326317631887,0.07441401512797681
09-Jan-2000 08:30:00,0.42637931889413805,0.05799318726499159,0.07495252050715642
09-Jan-2000 08:35:00,0.43173678435116875,0.05799311181848163,0.07548023415809423
09-Jan-2000 08:40:00,0.43702559066704544,0.057993036833286264,0.07599756741260956
09-Jan-2000 08:45:00,0.4422476077289868,0.057992962305845816,0.07650490836225272
09-Jan-2000 08:50:00,0.4474049029371381,0.057992888232595616,0.07700265565906665
09-Jan-2000 08:55:00,0.45249910628316975,0.057992814609992824,0.07749115352284854
09-Jan-2000 09:00:00,0.457628015788258,0.05799274142941438,0.07797476071770795
09-Jan-2000 09:05:00,0.46320410434701736,0.05799266868713044,0.0784921313450409
09-Jan-2000 09:10:00,0.46907638355306674,0.057992596389146944,0.07903916061335456
09-Jan-2000 09:15:00,0.47502813091478635,0.05799252453132415,0.07959309214307617
09-Jan-2000 09:20:00,0.4809538870249541,0.057992453108653516,0.08014222714335559
09-Jan-2000 09:25:00,0.48681117146783043,0.05799238211681891,0.08068188390143276
09-Jan-2000 09:30:00,0.49258518526696254,0.057992311552039814,0.08121054592038889
09-Jan-2000 09:35:00,0.49827252447527626,0.05799224141082319,0.08172796503621114
09-Jan-2000 09:40:00,0.5038747081460142,0.057992171689823825,0.08223443037440963
09-Jan-2000 09:45:00,0.5093946554009768,0.05799210238577677,0.08273038631256616
09-Jan-2000 09:50:00,0.5148363075001193,0.057992033495471995,0.08321635775528478
09-Jan-2000 09:55:00,0.5202029479209029,0.05799196501572667,0.08369283183391725
09-Jan-2000 10:00:00,0.5256906290973005,0.05799189693407306,0.08416774959818032
09-Jan-2000 10:05:00,0.5321215045817557,0.057991829247119556,0.0847127113188008
09-Jan-2000 10:10:00,0.5391834559479651,0.057991761968930515,0.08531874215133278
09-Jan-2000 10:15:00,0.5464497465737052,0.05799169509501158,0.08594393010230074
09-Jan-2000 10:20:00,0.5537167167714281,0.057991628619385,0.08656718369755215
09-Jan-2000 10:25:00,0.5609020323849285,0.05799156253732787,0.08718001184885708
09-Jan-2000 10:30:00,0.567978091548462,0.057991496845056265,0.08777960557801563
09-Jan-2000 10:35:00,0.574942345938162,0.05799143153927195,0.08836577888978428
09-Jan-2000 10:40:00,0.581794214324684,0.057991366616911955,0.08893875372471094
09-Jan-2000 10:45:00,0.5885352651091024,0.05799130207502907,0.08949886238510671
09-Jan-2000 10:50:00,0.5951693964787205,0.057991237910736404,0.09004663663836475
09-Jan-2000 10:55:00,0.6017014012106378,0.05799117412118861,0.09058268164019401
09-Jan-2000 11:00:00,0.6083379525135152,0.05799111069511924,0.09111492655201743
09-Jan-2000 11:05:00,0.6159151953395364,0.05799104762964095,0.09171148411874673
09-Jan-2000 11:10:00,0.6240842699678107,0.05799098493741472,0.09236088904712005
09-Jan-2000 11:15:00,0.6324274598781343,0.05799092261430114,0.09302470683101613
09-Jan-2000 11:20:00,0.6407537161258767,0.057990860654921886,0.09368462157285899
09-Jan-2000 11:25:00,0.6489868052605547,0.05799079905505716,0.09433342824415343
09-Jan-2000 11:30:00,0.6571002880554572,0.05799073781132725,0.09496874183931468
09-Jan-2000 11:35:00,0.6650884228024742,0.057990676920787,0.09559015817487843
09-Jan-2000 11:40:00,0.6729542137550314,0.05799061638069454,0.0961980890322328
09-Jan-2000 11:45:00,0.6807028681649707,0.0579905561884062,0.0967931743452415
09-Jan-2000 11:50:00,0.6883397870457004,0.05799049634133918,0.09737605734589355
09-Jan-2000 11:55:00,0.6958706959310539,0.05799043683694188,0.09794738000706849
09-Jan-2000 12:00:00,0.7035173014511527,0.0579903776650105,0.09851519702219087
09-Jan-2000 12:05:00,0.712109519483595,0.057990318823087264,0.09914330374540478
09-Jan-2000 12:10:00,0.7212715538677719,0.057990260322600885,0.09981818540925325
09-Jan-2000 12:15:00,0.7305982007251269,0.0579902021597388,0.10050512549635136
09-Jan-2000 12:20:00,0.7399070437899595,0.05799014432965518,0.10118797556399262
09-Jan-2000 12:25:00,0.7491255488430295,0.0579900868285664,0.10186039245692788
09-Jan-2000 12:30:00,0.7582294319050226,0.057990029653448766,0.10252033225953512
09-Jan-2000 12:35:00,0.7672138928410439,0.05798997280166199,0.10316751422679894
09-Jan-2000 12:40:00,0.7760810939703563,0.057989916270745165,0.10380225442910587
09-Jan-2000 12:45:00,0.7848363574689053,0.057989860058329665,0.10442512814175975
09-Jan-2000 12:50:00,0.7934861797942381,0.05798980416209173,0.10503680109143708
09-Jan-2000 12:55:00,0.8020357351293733,0.057989748579739556,0.10563784756005666
09-Jan-2000 13:00:00,0.8102735333860664,0.05798969331609531,0.10622184391483555
09-Jan-2000 13:05:00,0.8173853037889122,0.057989638369011255,0.10673086324046224
09-Jan-2000 13:10:00,0.8237507755038709,0.057989583723332384,0.1071781620462667
09-Jan-2000 13:15:00,0.8297778732484725,0.057989529378028704,0.10759614084587665
09-Jan-2000 13:20:00,0.8356555596404289,0.05798947533315368,0.10800044672231335
09-Jan-2000 13:25:00,0.8414633958618977,0.05798942158783092,0.10839773071042559
09-Jan-2000 13:30:00,0.8472339350967032,0.057989368140519915,0.108790724658086
09-Jan-2000 13:35:00,0.852979673703455,0.05798931498935026,0.10918051714032548
09-Jan-2000 13:40:00,0.8587048078763582,0.05798926213232788,0.10956749912165177
09-Jan-2000 13:45:00,0.8644103383762985,0.05798920956740417,0.10995179743568495
09-Jan-2000 13:50:00,0.870095935878817,0.05798915729252532,0.110333430389602
09-Jan-2000 13:55:00,0.8757610330956784,0.057989105305645286,0.11071238561122305
09-Jan-2000 14:00:00,0.8810051078009742,0.057989053618398095,0.11107634331316553
09-Jan-2000 14:05:00,0.8842387157251035,0.05798900222948908,0.11131849389189351
09-Jan-2000 14:10:00,0.88608088256767,0.057988951111560286,0.11145408509172593
09-Jan-2000 14:15:00,0.8873332080911557,0.05798890026453489,0.1115422326809757
09-Jan-2000 14:20:00,0.8883848407167383,0.05798884969078031,0.11161336423809642
09-Jan-2000 14:25:00,0.8894011579675368,0.05798879939091819,0.11168060717600237
09-Jan-2000 14:30:00,0.8904477718472517,0.05798874936424735,0.1117492359014923
09-Jan-2000 14:35:00,0.8915481463490589,0.057988699609387045,0.11182118473957925
09-Jan-2000 14:40:00,0.8927084686585951,0.05798865012466444,0.11189701214878614
09-Jan-2000 14:45:00,0.8939280621425277,0.05798860090828543,0.11197672654918883
09-Jan-2000 14:50:00,0.8952036649472952,0.05798855195842044,0.11206012664127714
09-Jan-2000 14:55:00,0.8965311615502757,0.057988503273230664,0.11214693950748347
09-Jan-2000 15:00:00,0.8977261297650467,0.05798845485759222,0.11223148339577634
09-Jan-2000 15:05:00,0.8980036378121579,0.05798840671019109,0.11226250980106235
09-Jan-2000 15:10:00,0.8976185706432012,0.05798835881667644,0.11224345481094017
09-Jan-2000 15:15:00,0.8969677549182498,0.05798831117608759,0.1122027689163456
09-Jan-2000 15:20:00,0.8962507944592888,0.05798826378876884,0.11215583078957561
09-Jan-2000 15:25:00,0.8955530783777457,0.05798821665425253,0.11210936943445081
09-Jan-2000 15:30:00,0.8949077272066376,0.05798816977141422,0.1120660580486526
09-Jan-2000 15:35:00,0.8943254278332463,0.05798812313879531,0.11202681139590238
09-Jan-2000 15:40:00,0.8938075881767713,0.05798807675479558,0.11199181062137815
09-Jan-2000 15:45:00,0.8933519388406599,0.05798803061776122,0.11196094238381386
09-Jan-2000 15:50:00,0.892954868888523,0.05798798472602127,0.11193398285725685
09-Jan-2000 15:55:00,0.8926123827021125,0.05798793907791129,0.11191067350333625
09-Jan-2000 16:00:00,0.8922341687900416,0.05798789367499706,0.11188817217789368
09-Jan-2000 16:05:00,0.8914312966341491,0.057987634196732224,0.11184118986543824
09-Jan-2000 16:10:00,0.8903174983211815,0.05798522060339472,0.11177051774033196
09-Jan-2000 16:15:00,0.8890882435703076,0.05798291126824269,0.11169009536538368
09-Jan-2000 16:20:00,0.8878435273756308,0.057981523511428185,0.11160764282923191
09-Jan-2000 16:25:00,0.8866259840582361,0.05798080914844405,0.11152654467223706
09-Jan-2000 16:30:00,0.8854516384365538,0.05798046235366943,0.11144811758810792
09-Jan-2000 16:35:00,0.8843250199300297,0.057980291213876135,0.1113727742479775
09-Jan-2000 16:40:00,0.8832459127103941,0.057980197334252526,0.11130054948075399
09-Jan-2000 16:45:00,0.8822122972125794,0.05798013542952276,0.11123133060210932
09-Jan-2000 16:50:00,0.8812215656066477,0.05798008613819048,0.11116495445488207
09-Jan-2000 16:55:00,0.8802709815015637,0.05798004165522678,0.111101244666186
09-Jan-2000 17:00:00,0.8793578523955542,0.05797999899657493,0.11104002565168211
09-Jan-2000 17:05:00,0.8784795969424692,0.05797995708021617,0.11098112801581952
09-Jan-2000 17:10:00,0.8776337752536314,0.05797991553608296,0.11092439101547488
09-Jan-2000 17:15:00,0.8768180920319775,0.05797987424626005,0.11086966313497121
09-Jan-2000 17:20:00,0.8760303886746224,0.05797983317650915,0.11081680167360096
09-Jan-2000 17:25:00,0.8752686336035844,0.0579797923180336,0.11076567217348585
09-Jan-2000 17:30:00,0.8745309103469812,0.05797975166873593,0.11071614767640597
09-Jan-2000 17:35:00,0.8738154097104128,0.05797971122779033,0.11066810816133478
09-Jan-2000 17:40:00,0.8731204249919097,0.05797967099433991,0.1106214402367833
09-Jan-2000 17:45:00,0.872444349015288,0.057979630967317654,0.1105760369458678
09-Jan-2000 17:50:00,0.8717856709532089,0.05797959114551327,0.11053179760703762
09-Jan-2000 17:55:00,0.8711429700327885,0.0579795515276475,0.1104886274509033
09-Jan-2000 18:00:00,0.8705149106092076,0.008728888826010002,0.11044643726756216
09-Jan-2000 18:05:00,0.8699001963029398,0.004230458373223043,0.11040514217537875
09-Jan-2000 18:10:00,0.8692963400486918,0.0024762403709119567,0.1103646094303253
09-Jan-2000 18:15:00,0.8686957980633118,0.0016121668376795116,0.11032442020655395
09-Jan-2000 18:20:00,0.8680854196154466,0.001147094311329136,0.11028375247806542
09-Jan-2000 18:25:00,0.8674506150293241,0.0008985061181579934,0.1102416245114563
09-Jan-2000 18:30:00,0.8667788710824541,0.0007783413833774332,0.11019715648868901
09-Jan-2000 18:35:00,0.8660611268494335,0.0007282977531063738,0.11014968929623833
09-Jan-2000 18:40:00,0.8652917331243349,0.0007104435431916243,0.11009879666764921
09-Jan-2000 18:45:00,0.8644678022030424,0.0007042411243917972,0.11004424652133517
09-Jan-2000 18:50:00,0.863588498729828,0.0007013446968386797,0.10998595296344515
09-Jan-2000 18:55:00,0.8626544258487006,0.0006991408714849487,0.10992393396889272
09-Jan-2000 19:00:00,0.8617523366424539,0.0006970439445291971,0.10986085790972294
09-Jan-2000 19:05:00,0.8612698912006771,0.0006949694918588628,0.10982230252329993
09-Jan-2000 19:10:00,0.8610933627044779,0.0006929053328932449,0.1098075337135469
09-Jan-2000 19:15:00,0.8610247240751252,0.0006908496761200311,0.10980216015040117
09-Jan-2000 19:20:00,0.8609626647218337,0.0007125339956331731,0.10979820803330134
09-Jan-2000 19:25:00,0.8608640341280628,0.0007732685571551479,0.10979219087124806
09-Jan-2000 19:30:00,0.8607126587548622,0.0008319192716499482,0.10978276067230949
09-Jan-2000 19:35:00,0.8605040005126499,0.0008758026302819769,0.1097695015800833
09-Jan-2000 19:40:00,0.8602383280767291,0.0009047573066789567,0.10975238589391109
09-Jan-2000 19:45:00,0.8599177987809078,0.0009223844536918392,0.109731540156354
09-Jan-2000 19:50:00,0.8595452414601641,0.0009324252721917754,0.10970714721032121
09-Jan-2000 19:55:00,0.8591236585144529,0.000937691550689604,0.10967940600816051
09-Jan-2000 20:00:00,0.8584847517581075,0.0009400585022399202,0.10964329579451025
09-Jan-2000 20:05:00,0.8568681733103614,0.0009407159740609112,0.10954837894636013
09-Jan-2000 20:10:00,0.8545061369795353,0.000940293903807032,0.10939662996019897
09-Jan-2000 20:15:00,0.8517959745697089,0.0009391885698242458,0.10921676941678382
09-Jan-2000 20:20:00,0.8489473129242538,0.0009376627194402184,0.10902514721771843
09-Jan-2000 20:25:00,0.8460548925034079,0.0009358814012713191,0.10882930238158851
09-Jan-2000 20:30:00,0.8431592909312136,0.0009339446506790287,0.1086325023742734
09-Jan-2000 20:35:00,0.840277289237103,0.0009319124793585453,0.10843611394634685
09-Jan-2000 20:40:00,0.8374154604558631,0.0009298211292057268,0.10824068716228312
09-Jan-2000 20:45:00,0.8345760787539567,0.0009276928563610442,0.10804642223989468
09-Jan-2000 20:50:00,0.8317597382262453,0.0009255416388491912,0.10785338250751249
09-Jan-2000 20:55:00,0.8289663170589507,0.0009233764805310571,0.10766157292449474
09-Jan-2000 21:00:00,0.8259555577215769,0.0009212040569342557,0.1074635502469278
09-Jan-2000 21:05:00,0.8216246405479599,0.000919030656798695,0.10718530207363772
09-Jan-2000 21:10:00,0.8162534117844823,0.0009168569884420823,0.10682544241373314
09-Jan-2000 21:15:00,0.8104126805843841,0.0009146832643563007,0.10642516218765674
09-Jan-2000 21:20:00,0.8044193312285355,0.0009125105381613057,0.1060094510906157
09-Jan-2000 21:25:00,0.7984198480305995,0.000910340046417267,0.10559020209912466
09-Jan-2000 21:30:00,0.7924773514264352,0.0009081728499642358,0.10517266547977064
09-Jan-2000 21:35:00,0.7866169261912187,0.0009060097588816549,0.1047590184752426
09-Jan-2000 21:40:00,0.780846800174698,0.0009038513621400001,0.10435005749432308
09-Jan-2000 21:45:00,0.7751746312506688,0.000901698078310233,0.10394613597988334
09-Jan-2000 21:50:00,0.7697300699995347,0.000899550201018228,0.10355399878314206
09-Jan-2000 21:55:00,0.7646159330935185,0.0008974079340233201,0.10318419202517076
09-Jan-2000 22:00:00,0.7594319269381244,0.009552836101955672,0.10282138153561787
09-Jan-2000 22:05:00,0.7526994074550108,0.014478530820706787,0.10236214213627869
09-Jan-2000 22:10:00,0.744627918888309,0.01417318715080947,0.10179347032635211
09-Jan-2000 22:15:00,0.7359002254648989,0.01939865253293066,0.1011649083831738
09-Jan-2000 22:20:00,0.7269327732035545,0.022608837027138503,0.10051007930771318
09-Jan-2000 22:25:00,0.7179316313769575,0.02166936161968249,0.09984619146775842
09-Jan-2000 22:30:00,0.7089925279300133,0.026410962692804664,0.09918143488779062
09-Jan-2000 22:35:00,0.7001595336136152,0.02874514684606419,0.09851965692619236
09-Jan-2000 22:40:00,0.6914528704675638,0.027617869661034328,0.09786271251215435
09-Jan-2000 22:45:00,0.6828818637340205,0.026746958208436474,0.09721153084623456
09-Jan-2000 22:50:00,0.6744511367667488,0.02602221634316156,0.09656662726722302
09-Jan-2000 22:55:00,0.6661624487038009,0.025405807878055256,0.09592831580289989
09-Jan-2000 23:00:00,0.6579563716891338,0.02485985799898542,0.0952947122158977
09-Jan-2000 23:05:00,0.6495186575978624,0.02436277697115769,0.0946430933325852
09-Jan-2000 23:10:00,0.6408637646294747,0.02390150494606173,0.09396776709471509
09-Jan-2000 23:15:00,0.6321404672722373,0.023468058847813694,0.093279912113627
09-Jan-2000 23:20:00,0.6234497363379187,0.023057476542107228,0.09258826018410286
09-Jan-2000 23:25:00,0.6148426931023825,0.022666549095234658,0.09189751681984949
09-Jan-2000 23:30:00,0.6063412370456857,0.02229308868240921,0.091209849732746
09-Jan-2000 23:35:00,0.597952740940286,0.021935512494541502,0.09052611315551802
09-Jan-2000 23:40:00,0.5896764821009701,0.02159261028709266,0.0898464445442458
09-Jan-2000 23:45:00,0.581508840745946,0.02126340729379257,0.08917066046781556
09-Jan-2000 23:50:00,0.5734450068834186,0.020947083432436456,0.08849846760745837
09-Jan-2000 23:55:00,0.5654793358952028,0.02064156170393374,0.08782949073949599
10-Jan-2000 00:00:00,0.5576052315994665,0.020332689676272622,0.08716325280184467
10-Jan-2000 00:05:00,0.5498164258725907,0.020031989478627395,0.08649927168163665
10-Jan-2000 00:10:00,0.5421075899488155,0.019740960891707366,0.08583712614910448
10-Jan-2000 00:15:00,0.534473470027127,0.01945919161707981,0.08517641172865457
10-Jan-2000 00:20:00,0.526908626927327,0.019186258567249502,0.08451667595930222
10-Jan-2000 00:25:00,0.5194086885893411,0.018921771353639018,0.08385754393610356
10-Jan-2000 00:30:00,0.5119696305830634,0.018665367190180037,0.08319866433535779
10-Jan-2000 00:35:00,0.5045916394713307,0.018416706537345732,0.08253993758719223
10-Jan-2000 00:40:00,0.4972731834812172,0.018175470064021475,0.0818813888342381
10-Jan-2000 00:45:00,0.4900069282744234,0.01793646518514631,0.08122237874960424
10-Jan-2000 00:50:00,0.48278731361903227,0.017698573838143477,0.08056234744763585
10-Jan-2000 00:55:00,0.4756102888239181,0.01746670953543616,0.07990087312912698
10-Jan-2000 01:00:00,0.46847325316347244,0.01724090289182808,0.07923764127714933
10-Jan-2000 01:05:00,0.4613740991956801,0.017020927327227646,0.07857242407983805
10-Jan-2000 01:10:00,0.45431002130565734,0.016806562885905738,0.077904908373664
10-Jan-2000 01:15:00,0.44727849571536926,0.016597604063249657,0.07723478891190462
10-Jan-2000 01:20:00,0.440276350868622,0.01639385761608118,0.07656170854536969
10-Jan-2000 01:25:00,0.43330134702063583,0.016195140767368006,0.07588533232227361
10-Jan-2000 01:30:00,0.42635235183393994,0.016001279949108348,0.07520545102171564
10-Jan-2000 01:35:00,0.41942844483344566,0.01581210989094835,0.07452187393509205
10-Jan-2000 01:40:00,0.4125282239079916,0.015627472926231355,0.07383437669269415
10-Jan-2000 01:45:00,0.40565073455983097,0.015447218437554582,0.07314272385761011
10-Jan-2000 01:50:00,0.3987963386492898,0.015271202394568785,0.07244680724541969
10-Jan-2000 01:55:00,0.3919654235600567,0.015099286955105215,0.07174656388063096
10-Jan-2000 02:00:00,0.385167415786215,0.014931340111754659,0.0710423193234496
10-Jan-2000 02:05:00,0.378423574015557,0.014767235372617978,0.07033671503392323
10-Jan-2000 02:10:00,0.3717150168727129,0.01460685146898675,0.06962808807106922
10-Jan-2000 02:15:00,0.3650314687885585,0.014450072920869172,0.06891502075630274
10-Jan-2000 02:20:00,0.35836891163223483,0.01429679333471104,0.06819683634468789
10-Jan-2000 02:25:00,0.3517255339671437,0.014146905147851756,0.06747313831170297
10-Jan-2000 02:30:00,0.3451024392956843,0.014000303278660938,0.06674379160757059
10-Jan-2000 02:35:00,0.33850152507013315,0.013856887397375114,0.06600883489513974
10-Jan-2000 02:40:00,0.33192416976411054,0.013716561585432017,0.0652682421764493
10-Jan-2000 02:45:00,0.32537094730942023,0.013579233938104248,0.06452191062093288
10-Jan-2000 02:50:00,0.31884326867382046,0.01344481625184327,0.06376974087674171
10-Jan-2000 02:55:00,0.3123457179306704,0.013313223776932472,0.06301200245779882
10-Jan-2000 03:00:00,0.3059377936163667,0.013184145906333999,0.06225173651652139
10-Jan-2000 03:05:00,0.2999391653426454,0.013057071015021873,0.0615236579714768
10-Jan-2000 03:10:00,0.29435306504618536,0.012932504845996024,0.06084015156774907
10-Jan-2000 03:15:00,0.2890254893835756,0.012810658212119744,0.06018448822392777
10-Jan-2000 03:20:00,0.28384483237733,0.012691490111700997,0.0595422409939253
10-Jan-2000 03:25:00,0.27875013252374015,0.012574887148572989,0.05890501936568118
10-Jan-2000 03:30:00,0.27371229049929424,0.012460730328097084,0.05826861452237777
10-Jan-2000 03:35:00,0.26871960531899486,0.012348913351971913,0.05763116568039486
10-Jan-2000 03:40:00,0.2637696416008482,0.012239344650925953,0.05699213321061377
10-Jan-2000 03:45:00,0.258865155220306,0.012131944943709304,0.056351697802134164
10-Jan-2000 03:50:00,0.2540112895172642,0.012026644235775884,0.05571045072107825
10-Jan-2000 03:55:00,0.2492139246618737,0.011923379350086962,0.05506913947582434
10-Jan-2000 04:00:00,0.24467932357946584,0.011821629084183424,0.05443977823564992
10-Jan-2000 04:05:00,0.24149088610771652,0.01171850356947432,0.05395944319817512
10-Jan-2000 04:10:00,0.2395399524235556,0.011613636326704441,0.053660830417783655
10-Jan-2000 04:15:00,0.23826345710094468,0.011510447768315323,0.05347225619333407
10-Jan-2000 04:20:00,0.23729326276806467,0.01140934075866487,0.053330971759943495
10-Jan-2000 04:25:00,0.2364399659525182,0.011310231020319625,0.05321020945119349
10-Jan-2000 04:30:00,0.23561684867631805,0.011212986762485146,0.05309541524511174
10-Jan-2000 04:35:00,0.23478947338443773,0.011117492237778465,0.05298052284182615
10-Jan-2000 04:40:00,0.23394824550714863,0.011023653945584227,0.052863586080008754
10-Jan-2000 04:45:00,0.2330944828690715,0.010931396891075158,0.052744520391021024
10-Jan-2000 04:50:00,0.23223365952100689,0.01084065983224184,0.052623991202322924
10-Jan-2000 04:55:00,0.23137228485053704,0.010751391367930083,0.05250289140336749
10-Jan-2000 05:00:00,0.23075814369764647,0.010663320875299092,0.05239574932641149
10-Jan-2000 05:05:00,0.23157522567601493,0.010575954402501898,0.05245848754957167
10-Jan-2000 05:10:00,0.2335461670451312,0.010489818319523116,0.052705880529318114
10-Jan-2000 05:15:00,0.23602791978499746,0.010405177892951777,0.05304141420224154
10-Jan-2000 05:20:00,0.23865907681058735,0.010322046663365466,0.053404458580714645
10-Jan-2000 05:25:00,0.241276120994317,0.010240360635977106,0.05377258635363651
10-Jan-2000 05:30:00,0.24381577688346218,0.010160044866835366,0.054123059986058264
10-Jan-2000 05:35:00,0.24626015434083878,0.010081032162835233,0.054455834827398714
10-Jan-2000 05:40:00,0.24861056580155813,0.010003266040522357,0.05477895340487097
10-Jan-2000 05:45:00,0.2508755022277068,0.009926699355084284,0.05508599990744242
10-Jan-2000 05:50:00,0.2530653689351443,0.009851292198496878,0.05538101841477302
10-Jan-2000 05:55:00,0.25519032514983003,0.009777010056101142,0.0556655693615104
10-Jan-2000 06:00:00,0.2574363039648968,0.06480345424492258,0.0559511012309711
10-Jan-2000 06:05:00,0.26060759134950334,0.060870467389290334,0.05633963994490917
10-Jan-2000 06:10:00,0.26447610521116494,0.05939363078292887,0.056830300295615754
10-Jan-2000 06:15:00,0.26861981360637194,0.058808073483276976,0.05736182691465392
10-Jan-2000 06:20:00,0.2728321732416901,0.058578159994268686,0.05790109557253574
10-Jan-2000 06:25:00,0.27705039236646006,0.058488370842005394,0.058436926234139625
10-Jan-2000 06:30:00,0.2812757113039839,0.05845182076686818,0.058968411509867584
10-Jan-2000 06:35:00,0.2855279993723348,0.058434664632530796,0.05949794486445803
10-Jan-2000 06:40:00,0.28984101180143784,0.05842427393795151,0.06002905568190686
10-Jan-2000 06:45:00,0.29423207176550203,0.058416163989789334,0.06056535884927484
10-Jan-2000 06:50:00,0.29867759709691577,0.05840883188559485,0.06110407231373437
10-Jan-2000 06:55:00,0.3031612484494317,0.05840180951540244,0.06164302366346939
10-Jan-2000 07:00:00,0.3078671311335715,0.058400265293813064,0.06219069927711094
10-Jan-2000 07:05:00,0.31363666190937933,0.05839817433638687,0.06284452130598225
10-Jan-2000 07:10:00,0.3201378319200795,0.058393394116648824,0.06359155409447644
10-Jan-2000 07:15:00,0.3268974858311439,0.05838763278707135,0.06436879957080238
10-Jan-2000 07:20:00,0.3336846381341048,0.05838156526678334,0.0651438580557384
10-Jan-2000 07:25:00,0.3404050403684278,0.05837545697107954,0.06590384360103368
10-Jan-2000 07:30:00,0.347023832767641,0.05836941103829725,0.06664440559367286
10-Jan-2000 07:35:00,0.3535316313734946,0.05836346628321183,0.06736473162077643
10-Jan-2000 07:40:00,0.3599286142399058,0.05835763605744935,0.06806535713171831
10-Jan-2000 07:45:00,0.3662183287352051,0.05835192367096294,0.06874719773686165
10-Jan-2000 07:50:00,0.37240542180522423,0.05834632851146361,0.06941130936251294
10-Jan-2000 07:55:00,0.3784941494866822,0.05834084847150999,0.07005864850454263
10-Jan-2000 08:00:00,0.3844886967507312,0.05833548090982267,0.07069011382492842
10-Jan-2000 08:05:00,0.39039351097393515,0.058330223030750875,0.07130658831415157
10-Jan-2000 08:10:00,0.3962126793397016,0.058325072032804674,0.0719088819413968
10-Jan-2000 08:15:00,0.4019496232864355,0.0583200251655779,0.0724977229060156
10-Jan-2000 08:20:00,0.40760708592328876,0.058315079750364984,0.07307372039801581
10-Jan-2000 08:25:00,0.4131876077795656,0.05831023318647066,0.07363743539522077
10-Jan-2000 08:30:00,0.41869354188035945,0.05830548295188537,0.0741893865204237
10-Jan-2000 08:35:00,0.42412728268205074,0.05830082660183095,0.07473006525424494
10-Jan-2000 08:40:00,0.42949130909374184,0.05829626176650148,0.07525996726550141
10-Jan-2000 08:45:00,0.43478744750786336,0.058291786148581604,0.07577950523014086
10-Jan-2000 08:50:00,0.44001739982595384,0.05828739752072228,0.0762890572757761
10-Jan-2000 08:55:00,0.4451831283981002,0.058283093723077606,0.07678900363410883
10-Jan-2000 09:00:00,0.4503826074032532,0.05827887236369837,0.07728376179476568
10-Jan-2000 09:05:00,0.4560298066024438,0.058274731406085134,0.07781246014793852
10-Jan-2000 09:10:00,0.46197296433689855,0.05827066942772692,0.07837092771757154
10-Jan-2000 09:15:00,0.4679946648865334,0.05826668446762117,0.07893611943789233
10-Jan-2000 09:20:00,0.4739893013984676,0.05826277457269271,0.07949622096331392
10-Jan-2000 09:25:00,0.47991390699028746,0.05825893788455181,0.08004648648462893
10-Jan-2000 09:30:00,0.4857539152855304,0.05825517262724352,0.08058539116673692
10-Jan-2000 09:35:00,0.4915063509943919,0.05825147709069602,0.0811127516817824
10-Jan-2000 09:40:00,0.4971723796172675,0.058247849620660555,0.0816288408096148
10-Jan-2000 09:45:00,0.5027554288982117,0.05824428861315677,0.08213414327100535
10-Jan-2000 09:50:00,0.508259312915719,0.05824079251118606,0.08262921180003763
10-Jan-2000 09:55:00,0.5136870354772647,0.058237359802500964,0.08311450226444772
10-Jan-2000 10:00:00,0.5192356679723054,0.05823398855181228,0.08359807749426558
10-Jan-2000 10:05:00,0.5257289530954667,0.05823067733135902,0.08415217515119833
10-Jan-2000 10:10:00,0.5328534491722501,0.05822742560741395,0.08476766646573954
10-Jan-2000 10:15:00,0.5401812266289003,0.058224231950432526,0.0854022379231243
10-Jan-2000 10:20:00,0.5475083317877526,0.05822109489786313,0.08603460224926665
10-Jan-2000 10:25:00,0.5547524123283942,0.05821801308726895,0.08665623635355775
10-Jan-2000 10:30:00,0.561887409792792,0.05821498523745531,0.08726441035892926
10-Jan-2000 10:35:00,0.5689096081372388,0.05821201012423868,0.08785893234375855
10-Jan-2000 10:40:00,0.575817519155553,0.058209086566519797,0.08843990109765372
10-Jan-2000 10:45:00,0.5826136521396788,0.05820621341930326,0.08900773893451949
10-Jan-2000 10:50:00,0.5893021515936719,0.05820338957012854,0.08956301633842424
10-Jan-2000 10:55:00,0.5958878932551789,0.058200613937036454,0.09010635935288075
10-Jan-2000 11:00:00,0.6025777847929651,0.058197885100345785,0.09064573870794158
10-Jan-2000 11:05:00,0.6102090912892691,0.058195202040825754,0.09124973793405271
10-Jan-2000 11:10:00,0.618431530545071,0.05819256442821281,0.0919067033149104
10-Jan-2000 11:15:00,0.6268273770964113,0.05818997122400914,0.09257799623527886
10-Jan-2000 11:20:00,0.6352049732566466,0.058187421364032585,0.09324516272200549
10-Jan-2000 11:25:00,0.6434887433740138,0.05818491385966463,0.09390100558170746
10-Jan-2000 11:30:00,0.6516523681422092,0.05818244778212239,0.09454315500036425
10-Jan-2000 11:35:00,0.6596898915690921,0.05818002224356738,0.0951712049632921
10-Jan-2000 11:40:00,0.6676038059663494,0.05817763638648728,0.09578552734090796
10-Jan-2000 11:45:00,0.6753999068160373,0.05817528937845662,0.09638680527046359
10-Jan-2000 11:50:00,0.6830839041616797,0.05817298040953563,0.09697572561256954
10-Jan-2000 11:55:00,0.6906612337290025,0.058170708690825045,0.09755292600583286
10-Jan-2000 12:00:00,0.6983537876993402,0.05816847316089902,0.09812648119393934
10-Jan-2000 12:05:00,0.706992410739813,0.058166273078911916,0.09876052280454466
10-Jan-2000 12:10:00,0.7162007130962018,0.05816410824276873,0.09944144398203576
10-Jan-2000 12:15:00,0.7255723182060254,0.05816197788374542,0.10013431194888171
10-Jan-2000 12:20:00,0.7349253659696783,0.058159881213223755,0.10082291982636085
10-Jan-2000 12:25:00,0.7441877355517418,0.058157817500754876,0.1015009551579262
10-Jan-2000 12:30:00,0.7533346784529454,0.058155786060855225,0.10216634843812979
10-Jan-2000 12:35:00,0.7623616574581674,0.05815378623809459,0.10281881924398514
10-Jan-2000 12:40:00,0.7712711918120426,0.05815181739884656,0.10345872637196014
10-Jan-2000 12:45:00,0.7800682654124225,0.05814987892730217,0.10408664107399217
10-Jan-2000 12:50:00,0.7887587574421387,0.05814797022350923,0.10470317119370981
10-Jan-2000 12:55:00,0.7973487698252598,0.05814609070233381,0.10530896449056437
10-Jan-2000 13:00:00,0.8056267089951767,0.058144240031975165,0.10589758532637905
10-Jan-2000 13:05:00,0.812777686844247,0.05814241765297847,0.10641089682748833
10-Jan-2000 13:10:00,0.8191820656302647,0.058140622585355954,0.10686222954962966
10-Jan-2000 13:15:00,0.8252479668757302,0.058138854340880494,0.10728411468173492
10-Jan-2000 13:20:00,0.8311643009140178,0.05813711247763128,0.107692246956139
10-Jan-2000 13:25:00,0.8370105146444383,0.058135396532801906,0.10809329258785348
10-Jan-2000 13:30:00,0.8428185717269014,0.05813370603197993,0.10848995814909103
10-Jan-2000 13:35:00,0.8486013420195126,0.058132040500627064,0.10888334477817509
10-Jan-2000 13:40:00,0.8543631825152855,0.058130399470221986,0.10927386592562607
10-Jan-2000 13:45:00,0.8601050604576976,0.05812878248093105,0.10966164751150538
10-Jan-2000 13:50:00,0.8658266161444512,0.05812718908258878,0.11004670656996339
10-Jan-2000 13:55:00,0.8715270108101688,0.05812561883495353,0.11042901845783466
10-Jan-2000 14:00:00,0.8768055121521348,0.05812407171994144,0.11079622075445424
10-Jan-2000 14:05:00,0.8800727436210307,0.058122547329735826,0.11104123014175438
10-Jan-2000 14:10:00,0.8819485708759952,0.058121044489332016,0.11117939949208137
10-Jan-2000 14:15:00,0.8832345089364931,0.05811956285974112,0.11126999945978087
10-Jan-2000 14:20:00,0.8843195449481039,0.058118102180872065,0.11134352519705974
10-Jan-2000 14:25:00,0.8853689535517412,0.05811666214669639,0.11141312973666241
10-Jan-2000 14:30:00,0.8864482996056284,0.058115242418569794,0.11148409694104869
10-Jan-2000 14:35:00,0.8875810251732134,0.058113842645199865,0.1115583640794167
10-Jan-2000 14:40:00,0.8887733065304038,0.05811246247396123,0.11163648996408126
10-Jan-2000 14:45:00,0.8900244615498606,0.058111101556093704,0.11171848243551927
10-Jan-2000 14:50:00,0.8913312258840199,0.05810975954884741,0.1118041393494221
10-Jan-2000 14:55:00,0.8926894833950694,0.058108436116273865,0.111893186934518
10-Jan-2000 15:00:00,0.8939147331780528,0.05810713111148425,0.11197992884889316
10-Jan-2000 15:05:00,0.8942219443913989,0.05810584422256182,0.11201299283880235
10-Jan-2000 15:10:00,0.8938662952413662,0.05810457479428259,0.11199584074680101
10-Jan-2000 15:15:00,0.8932446373244224,0.0581033225429783,0.11195699306219611
10-Jan-2000 15:20:00,0.892556531015965,0.05810208722553662,0.11191186082494309
10-Jan-2000 15:25:00,0.8918873345166295,0.05810086858182516,0.1118671859078234
10-Jan-2000 15:30:00,0.8912701513882479,0.05809966633963035,0.11182564606216992
10-Jan-2000 15:35:00,0.8907156604164429,0.05809848022333538,0.11178815726152538
10-Jan-2000 15:40:00,0.8902252667652679,0.058097309958958905,0.11175490061184057
10-Jan-2000 15:45:00,0.8897967014658205,0.058096155276466464,0.11172576232447966
10-Jan-2000 15:50:00,0.8894263559134655,0.058095015910712595,0.11170051803875929
10-Jan-2000 15:55:00,0.8891102379596372,0.05809389160174936,0.11167890870772826
10-Jan-2000 16:00:00,0.8887580028532686,0.05809278217421073,0.111658085595017
10-Jan-2000 16:05:00,0.8879806704902697,0.058091160243071635,0.11161270314072277
10-Jan-2000 16:10:00,0.886892116625149,0.058087042907876404,0.11154356244726475
10-Jan-2000 16:15:00,0.8856878315669349,0.05808340330451649,0.11146463512515299
10-Jan-2000 16:20:00,0.8844677918623355,0.05808088295479828,0.11138365627280164
10-Jan-2000 16:25:00,0.8832746180453906,0.05807913230398801,0.11130401633907844
10-Jan-2000 16:30:00,0.8821243299925043,0.058077796833151916,0.11122703417323503
10-Jan-2000 16:35:00,0.8810214579606986,0.05807666330882461,0.11115312316180524
10-Jan-2000 16:40:00,0.879965780074565,0.05807562456737917,0.11108231787919931
10-Jan-2000 16:45:00,0.8789552542158462,0.05807463185363632,0.11101450389808168
10-Jan-2000 16:50:00,0.8779872582381794,0.05807366443208749,0.11094951645129385
10-Jan-2000 16:55:00,0.8770590554436628,0.05807271390578636,0.11088717851138558
10-Jan-2000 17:00:00,0.8761679609065185,0.05807177697460045,0.11082731445977377
10-Jan-2000 17:05:00,0.8753114011358993,0.058070852332565155,0.11076975502334858
10-Jan-2000 17:10:00,0.8744869415678653,0.05806993941533129,0.11071433940310627
10-Jan-2000 17:15:00,0.8736922945897495,0.05806903792076716,0.11066091616675837
10-Jan-2000 17:20:00,0.8729253116253195,0.05806814763500646,0.11060934289521404
10-Jan-2000 17:25:00,0.8721839729724954,0.0580672683729405,0.11055948555493274
10-Jan-2000 17:30:00,0.8714663759265545,0.05806639995933045,0.11051121777631236
10-Jan-2000 17:35:00,0.8707707248005634,0.05806554222338758,0.11046442015275434
10-Jan-2000 17:40:00,0.8700953256716911,0.05806469499749336,0.11041897988482621
10-Jan-2000 17:45:00,0.869438579838902,0.05806385811699589,0.11037479042000391
10-Jan-2000 17:50:00,0.8687989826194101,0.058063031420226334,0.11033175119314527
10-Jan-2000 17:55:00,0.8681751242728755,0.05806221474850019,0.11028976792356035
10-Jan-2000 18:00:00,0.8675656793222921,0.009146833885936421,0.11024875189111738
10-Jan-2000 18:05:00,0.8669693603603363,0.005205793373325012,0.11020861862752461
10-Jan-2000 18:10:00,0.8663836915043507,0.003978685277930243,0.11016923583190548
10-Jan-2000 18:15:00,0.8658011320691914,0.0035380957298809866,0.11013018431019853
10-Jan-2000 18:20:00,0.8652085263601691,0.003376515896515851,0.11009064029007558
10-Jan-2000 18:25:00,0.8645912836208257,0.0033123973304931996,0.11004962014775739
10-Jan-2000 18:30:00,0.8639368998040962,0.003281206323219832,0.11000624303019159
10-Jan-2000 18:35:00,0.8632363321724495,0.0032599230592606555,0.10995984984098837
10-Jan-2000 18:40:00,0.8624839568048412,0.0032413885130898146,0.10991001525194953
10-Jan-2000 18:45:00,0.861676913408107,0.0032236933131194446,0.109856508716096
10-Jan-2000 18:50:00,0.8608143897462186,0.003210325455701766,0.10979924589594549
10-Jan-2000 18:55:00,0.8598970071166968,0.0032990978597694427,0.10973824616782199
10-Jan-2000 19:00:00,0.8590115639697308,0.0033764889834224654,0.109676184171155
10-Jan-2000 19:05:00,0.8585457846219976,0.003439478429293338,0.10963868596357569
10-Jan-2000 19:10:00,0.8583858422965535,0.003493221527506741,0.10962501079020896
10-Jan-2000 19:15:00,0.8583337006902074,0.0035327958223824703,0.10962074094684426
10-Jan-2000 19:20:00,0.8582880669980071,0.003559671172154028,0.10961789013193135
10-Jan-2000 19:25:00,0.8582058054178281,0.0035762542401341652,0.1096129670529807
10-Jan-2000 19:30:00,0.858070752362152,0.00358476915916448,0.1096046222644563
10-Jan-2000 19:35:00,0.8578783762600324,0.0035870620862273562,0.10959243979500628
10-Jan-2000 19:40:00,0.8576289498715115,0.0035846084363188872,0.10957639230488518
10-Jan-2000 19:45:00,0.8573246329682119,0.0035785645204122105,0.10955660682733417
10-Jan-2000 19:50:00,0.8569682557930702,0.0035698251748459333,0.10953326670573836
10-Jan-2000 19:55:00,0.8565628213006011,0.003559076650737201,0.10950657135275949
10-Jan-2000 20:00:00,0.8559399738420153,0.0035468795986397703,0.10947149097509289
10-Jan-2000 20:05:00,0.8543392491960524,0.003533720006212559,0.10937749987166942
10-Jan-2000 20:10:00,0.8519930658588302,0.003519792077953715,0.10922658648650403
10-Jan-2000 20:15:00,0.8492987979446077,0.0035052512135085767,0.10904752233898676
10-Jan-2000 20:20:00,0.8464660468763247,0.0034902568435004914,0.10885668206026247
10-Jan-2000 20:25:00,0.84358948328645,0.0034749476883961837,0.10866161294511542
10-Jan-2000 20:30:00,0.8407096749963614,0.0034594332570290504,0.10846558471639955
10-Jan-2000 20:35:00,0.8378433874989433,0.00344379614979343,0.10826996747582603
10-Jan-2000 20:40:00,0.834997150274925,0.0034280973872313596,0.10807530685785853
10-Jan-2000 20:45:00,0.8321733162054833,0.003412381598108361,0.10788180928871029
10-Jan-2000 20:50:00,0.8293724753777206,0.003396681236281485,0.10768953830475948
10-Jan-2000 20:55:00,0.826594502638765,0.0033810197980509897,0.10749849861162239
10-Jan-2000 21:00:00,0.8235990309180181,0.0033654368113303214,0.10730123287102294
10-Jan-2000 21:05:00,0.819282952472666,0.003350012742653923,0.10702359497976323
10-Jan-2000 21:10:00,0.813926435980345,0.003334704847705822,0.10666421150187874
10-Jan-2000 21:15:00,0.8081003717281162,0.003319466428866007,0.10626434555072196
10-Jan-2000 21:20:00,0.8021215838834745,0.0033042836330600366,0.10584901935933563
10-Jan-2000 21:25:00,0.796136743535383,0.003289159632994898,0.10543015739646254
10-Jan-2000 21:30:00,0.7902299980287102,0.003274102389456745,0.10501347367040882
10-Jan-2000 21:35:00,0.7848538119904599,0.003259119564220207,0.10462300331643015
10-Jan-2000 21:40:00,0.7803495398126181,0.0032442171043721916,0.10429345709198203
10-Jan-2000 21:45:00,0.7763680622965655,0.06272804111339464,0.10400823952129325
10-Jan-2000 21:50:00,0.7730250033389067,0.07846288237585315,0.10375392596589667
10-Jan-2000 21:55:00,0.7715891554645147,0.09819449990278693,0.10361366539647603
10-Jan-2000 22:00:00,0.7742647612983099,0.1362520054645405,0.10373307787826669
10-Jan-2000 22:05:00,0.7857631368424836,0.13963968597546222,0.10436732431704704
10-Jan-2000 22:10:00,0.8124405893277459,0.13352695533228603,0.1060604969108817
10-Jan-2000 22:15:00,0.8449674794635037,0.12296871107250477,0.10828796804418436
10-Jan-2000 22:20:00,0.8711431976051914,0.114523279144748,0.1101080037170993
10-Jan-2000 22:25:00,0.8967557557095484,0.10641694739754444,0.11185454566366075
10-Jan-2000 22:30:00,0.9189525486154697,0.09934629298879694,0.11336228132399447
10-Jan-2000 22:35:00,0.9368916488576869,0.09309130695930895,0.11458182354356654
10-Jan-2000 22:40:00,0.9506597585950262,0.08756107057947074,0.11551771176468134
10-Jan-2000 22:45:00,0.9607448941109616,0.0826159608278067,0.11620515597540418
10-Jan-2000 22:50:00,0.9677003875203293,0.07818733199301585,0.11668356852298957
10-Jan-2000 22:55:00,0.9720523193321696,0.07418269195430825,0.1169894206841936
10-Jan-2000 23:00:00,0.974119161003779,0.0705574492894296,0.11714907633475267
10-Jan-2000 23:05:00,0.9738857627510671,0.0672772787137101,0.11716150342637513
10-Jan-2000 23:10:00,0.9718174281546583,0.06424689544932499,0.11705208735313427
10-Jan-2000 23:15:00,0.968302067579597,0.06145385325388678,0.1168467906302821
10-Jan-2000 23:20:00,0.963618966130792,0.05888792671348709,0.11656405627135169
10-Jan-2000 23:25:00,0.9579731289693563,0.056530839392032024,0.11621712764578418
10-Jan-2000 23:30:00,0.9515230951006887,0.05432399673185903,0.11581603453833916
10-Jan-2000 23:35:00,0.9443974181762503,0.05225657414696962,0.11536877311756223
10-Jan-2000 23:40:00,0.9367030625615107,0.050345637082486,0.11488193033969205
10-Jan-2000 23:45:00,0.928530570138538,0.04858074127244303,0.11436104369510015
10-Jan-2000 23:50:00,0.9199558425832455,0.04692972810254024,0.11381075581655757
10-Jan-2000 23:55:00,0.9110438407942316,0.045359056749868495,0.11323499422447489
11-Jan-2000 00:00:00,0.9018505008656685,0.04387080122270796,0.11263715683666668
11-Jan-2000 00:05:00,0.8924230331929577,0.0424843397000667,0.1120201113467887
11-Jan-2000 00:10:00,0.8828022818953268,0.04120130090282743,0.1113863128363758
11-Jan-2000 00:15:00,0.8730244367385068,0.04000949228868815,0.11073795493831219
11-Jan-2000 00:20:00,0.863120382400398,0.03889931434657646,0.1100769265905654
11-Jan-2000 00:25:00,0.8531161514811687,0.03785327324370193,0.10940480334931021
11-Jan-2000 00:30:00,0.8430349955676785,0.036828856799904934,0.10872300591914567
11-Jan-2000 00:35:00,0.8328962497607133,0.03585754667531929,0.10803272295181951
11-Jan-2000 00:40:00,0.8227164939900252,0.03491130644575355,0.10733495565386567
11-Jan-2000 00:45:00,0.8125112782131018,0.034020741295634066,0.10663065352990178
11-Jan-2000 00:50:00,0.8022938557850002,0.0331825986945525,0.10592065039887659
11-Jan-2000 00:55:00,0.7920750490415404,0.03239300298332651,0.10520560903638015
11-Jan-2000 01:00:00,0.7818643410319621,0.03164848063089671,0.10448612696744979
11-Jan-2000 01:05:00,0.7716694467541365,0.03094590680557436,0.10376268216694463
11-Jan-2000 01:10:00,0.7614969133458226,0.030282463233298293,0.10303566354172496
11-Jan-2000 01:15:00,0.751353434429648,0.029655573373616722,0.10230548437299006
11-Jan-2000 01:20:00,0.7412441884449823,0.02903714597169642,0.10157248479232979
11-Jan-2000 01:25:00,0.7311731032563209,0.028424238889961494,0.10083689313950182
11-Jan-2000 01:30:00,0.7211437066029608,0.02783680542737956,0.10009892175221499
11-Jan-2000 01:35:00,0.7111596722027008,0.027275135355443243,0.09935879201768007
11-Jan-2000 01:40:00,0.701223779657861,0.02672003913053493,0.09861667227313228
11-Jan-2000 01:45:00,0.691356135381322,0.02617640410287268,0.09787311514513611
11-Jan-2000 01:50:00,0.6819487844275368,0.025656741318138044,0.09714922734581476
11-Jan-2000 01:55:00,0.6733937029748273,0.025159969664653913,0.09648426112929667
11-Jan-2000 02:00:00,0.665369379027656,0.024684813007638674,0.0958621551029866
11-Jan-2000 02:05:00,0.6575232836046725,0.024230065028481348,0.09525442002384767
11-Jan-2000 02:10:00,0.6496597555785848,0.02379459503455023,0.09464371679051069
11-Jan-2000 02:15:00,0.6416932636061136,0.023377346268917916,0.09402187617725699
11-Jan-2000 02:20:00,0.6335956528866379,0.022977332499895926,0.09338576370296015
11-Jan-2000 02:25:00,0.625365460130493,0.022593637638282156,0.0927346638704304
11-Jan-2000 02:30:00,0.6170121165142294,0.02222540380835501,0.09206888883090474
11-Jan-2000 02:35:00,0.6085494738053498,0.021871827131489763,0.09138919561808881
11-Jan-2000 02:40:00,0.599992939327644,0.021532157057435348,0.09069650519003827
11-Jan-2000 02:45:00,0.5913577551937841,0.021205692174825253,0.08999178128406324
11-Jan-2000 02:50:00,0.5826587380663653,0.020891776309385015,0.08927597026772933
11-Jan-2000 02:55:00,0.5739096290262644,0.020585781172442506,0.0885499744434914
11-Jan-2000 03:00:00,0.5651869029343631,0.020277323511279012,0.08781694999014485
11-Jan-2000 03:05:00,0.5568394193863793,0.019977270946987553,0.08710437273776414
11-Jan-2000 03:10:00,0.5488452923913716,0.019686793349910577,0.08641883735948935
11-Jan-2000 03:15:00,0.5410356606654103,0.01940574189044329,0.08574642760644899
11-Jan-2000 03:20:00,0.533302100429711,0.019133714126663707,0.08507679716789443
11-Jan-2000 03:25:00,0.5255929361616254,0.01887026952024663,0.08440463745498245
11-Jan-2000 03:30:00,0.5178889987049021,0.01861499009905998,0.08372775178504889
11-Jan-2000 03:35:00,0.510187335821703,0.018367493355829156,0.08304553275097598
11-Jan-2000 03:40:00,0.5024924503797827,0.018127430524889257,0.0823581680055029
11-Jan-2000 03:45:00,0.4948108160804807,0.0178875418033094,0.08166608791493973
11-Jan-2000 03:50:00,0.4871502737635131,0.017650588432677576,0.08096986359920098
11-Jan-2000 03:55:00,0.4795183084834606,0.017419774579779553,0.08027009998295626
11-Jan-2000 04:00:00,0.47212513677180074,0.017194324853705333,0.07957539730243242
11-Jan-2000 04:05:00,0.4660626117143292,0.016972986331870988,0.07898113617923609
11-Jan-2000 04:10:00,0.46118740842185607,0.016757168844493,0.07850531255820054
11-Jan-2000 04:15:00,0.45692180360023277,0.016547275062399166,0.07809423911487712
11-Jan-2000 04:20:00,0.4529181680094254,0.016343129035642816,0.07771109256515854
11-Jan-2000 04:25:00,0.4490121411279641,0.016144424208402303,0.07733771923640326
11-Jan-2000 04:30:00,0.4451340191843286,0.015950859426419148,0.07696616140760278
11-Jan-2000 04:35:00,0.4412588076098448,0.015762170205256967,0.07659338281549018
11-Jan-2000 04:40:00,0.43738125802184796,0.015578129034452722,0.07621857221110594
11-Jan-2000 04:45:00,0.43350438984672135,0.01539853836391887,0.07584188119143646
11-Jan-2000 04:50:00,0.42963410974305954,0.015223223407191887,0.07546382391122672
11-Jan-2000 04:55:00,0.42577698834939526,0.015052026478131504,0.07508502198935098
11-Jan-2000 05:00:00,0.42218136936821327,0.014884395771521288,0.07471642004540978
11-Jan-2000 05:05:00,0.4200268320354978,0.014719504928407656,0.07447015874555636
11-Jan-2000 05:10:00,0.4190311159592023,0.01455823378127483,0.07435289095649303
11-Jan-2000 05:15:00,0.418567511110087,0.014400886207223483,0.07429922714790375
11-Jan-2000 05:20:00,0.4182951846510139,0.014247381885342634,0.07426977805679552
11-Jan-2000 05:25:00,0.4180629394241694,0.014097542931095865,0.07424650775103035
11-Jan-2000 05:30:00,0.41781112629451633,0.013951185889150525,0.07422209879279804
11-Jan-2000 05:35:00,0.41752041128158274,0.013808147369012893,0.0741940304079462
11-Jan-2000 05:40:00,0.41718822711056786,0.013668285646014498,0.07416179986604358
11-Jan-2000 05:45:00,0.4168187834381774,0.013531476924031558,0.07412572797765854
11-Jan-2000 05:50:00,0.41641793037260333,0.013397611239315014,0.07408638271374607
11-Jan-2000 05:55:00,0.41599156746624333,0.013266589154611427,0.07404434827072402
11-Jan-2000 06:00:00,0.4157252757360575,0.0649692900540988,0.07400811264463915
11-Jan-2000 06:05:00,0.4164268313195444,0.061249173866368155,0.07405632340509533
11-Jan-2000 06:10:00,0.4178541635880063,0.05983830385062285,0.07418741907492846
11-Jan-2000 06:15:00,0.4195846599646445,0.0592725119746414,0.07435543512636693
11-Jan-2000 06:20:00,0.42141462007459946,0.05904404137765254,0.074535797601069
11-Jan-2000 06:25:00,0.4232764010840775,0.05894763564488458,0.07471961682056068
11-Jan-2000 06:30:00,0.42516245200571723,0.0589012020780427,0.07490529358913604
11-Jan-2000 06:35:00,0.4270847262858062,0.058873050489478926,0.07509377703274074
11-Jan-2000 06:40:00,0.4290562481577036,0.0588514682166728,0.07528639298543116
11-Jan-2000 06:45:00,0.43108406859548676,0.058832333110127706,0.07548393018980772
11-Jan-2000 06:50:00,0.433169959531546,0.058814271691433176,0.0756866169967224
11-Jan-2000 06:55:00,0.435312207678597,0.05879685289491874,0.07589430419001722
11-Jan-2000 07:00:00,0.43769323570913937,0.058787673794547746,0.07611453829576016
11-Jan-2000 07:05:00,0.4411273912786676,0.058778449479230686,0.07642478069826174
11-Jan-2000 07:10:00,0.4453248062596222,0.05876517443971507,0.07681820307181934
11-Jan-2000 07:15:00,0.4498448419344454,0.05875056539648409,0.07724749033606555
11-Jan-2000 07:20:00,0.45446594388800526,0.05873568659361623,0.07768719141047886
11-Jan-2000 07:25:00,0.45909260352750497,0.05872094943299114,0.07812625697476996
11-Jan-2000 07:30:00,0.4636865171140052,0.058706507933525734,0.07856029224517827
11-Jan-2000 07:35:00,0.46823378966354756,0.05869241474577601,0.07898774773160086
11-Jan-2000 07:40:00,0.4727304742028839,0.058678682782173815,0.07940823010362931
11-Jan-2000 07:45:00,0.47717650618610347,0.05866530956578593,0.07982179367097463
11-Jan-2000 07:50:00,0.4815732545716712,0.05865228684352294,0.08022865252298364
11-Jan-2000 07:55:00,0.48592279059148086,0.05863960437361884,0.0806290901364187
11-Jan-2000 08:00:00,0.4902269547315854,0.058627251409879594,0.08102337734282983
11-Jan-2000 08:05:00,0.49448739098818767,0.058615217275573374,0.08141175515274925
11-Jan-2000 08:10:00,0.49870564351007174,0.05860349157788188,0.0817944477511791
11-Jan-2000 08:15:00,0.502883304363777,0.05859206428079785,0.08217167936028572
11-Jan-2000 08:20:00,0.5070216132208757,0.05858092572263135,0.08254364222390208
11-Jan-2000 08:25:00,0.5111218969103517,0.05857006661220522,0.08291051822311667
11-Jan-2000 08:30:00,0.5151856762354718,0.05855947801716777,0.08327251528868548
11-Jan-2000 08:35:00,0.5192136211817672,0.05854915134973145,0.0836297698302476
11-Jan-2000 08:40:00,0.5232062403811821,0.058539078351873816,0.08398238633326731
11-Jan-2000 08:45:00,0.5271640959655822,0.058529251080816934,0.08433047153770909
11-Jan-2000 08:50:00,0.5310877621076615,0.05851966189505001,0.08467413153465256
11-Jan-2000 08:55:00,0.53497779286684,0.058510303440992326,0.08501346869341167
11-Jan-2000 09:00:00,0.5389285722724552,0.05850116799713947,0.08535219047729282
11-Jan-2000 09:05:00,0.5433448553418511,0.058492248747019894,0.08572492759996941
11-Jan-2000 09:10:00,0.5480811240504002,0.058483540312476885,0.08612823783041985
11-Jan-2000 09:15:00,0.5529255907705357,0.058475036261200514,0.08654183144731904
11-Jan-2000 09:20:00,0.5577743521579382,0.05846673028998495,0.08695511323692277
11-Jan-2000 09:25:00,0.56258413724237,0.05845861640482244,0.08736365612093416
11-Jan-2000 09:30:00,0.5673386837288253,0.058450688887865275,0.08776582459062629
11-Jan-2000 09:35:00,0.5720348359589222,0.058442942256248374,0.08816124264219909
11-Jan-2000 09:40:00,0.5766755868742972,0.058435371235523066,0.08855024449087893
11-Jan-2000 09:45:00,0.5812603075143578,0.05842797074316797,0.08893290226948954
11-Jan-2000 09:50:00,0.5857891345583925,0.0584207358772892,0.0893092840338456
11-Jan-2000 09:55:00,0.5902633249094981,0.05841366190778783,0.08967955815211362
11-Jan-2000 10:00:00,0.5948752058163443,0.05840674331185933,0.09005092482700684
11-Jan-2000 10:05:00,0.6004371592213502,0.05839997569174407,0.09048954594922491
11-Jan-2000 10:10:00,0.6066464192994342,0.058393356540673805,0.09098762646758397
11-Jan-2000 10:15:00,0.6130833099513372,0.05838688157382189,0.09150676759960157
11-Jan-2000 10:20:00,0.6195456539280741,0.058380546505166116,0.09202737127969632
11-Jan-2000 10:25:00,0.6259498545227731,0.058374347315338235,0.09254132493256643
11-Jan-2000 10:30:00,0.632265118501253,0.05836828020855972,0.093045686661874
11-Jan-2000 10:35:00,0.6384830631359111,0.058362341559744985,0.09353970018185159
11-Jan-2000 10:40:00,0.6446036363885127,0.058356527883260734,0.09402343908489819
11-Jan-2000 10:45:00,0.6506299023950871,0.05835083581616169,0.09449726739652274
11-Jan-2000 10:50:00,0.6565659790640415,0.058345262108587065,0.09496164468577979
11-Jan-2000 10:55:00,0.6624162271642255,0.05833980361739193,0.0954170436402502
11-Jan-2000 11:00:00,0.6683855673525135,0.05833445658175566,0.09587087324457777
11-Jan-2000 11:05:00,0.6753042700131086,0.058329218075749506,0.0963874992873261
11-Jan-2000 11:10:00,0.6828267323432189,0.058324086556856995,0.0969561461175249
11-Jan-2000 11:15:00,0.6905395007718041,0.05831905912979242,0.09754070060756655
11-Jan-2000 11:20:00,0.6982524841024723,0.05831413288871362,0.09812380999400763
11-Jan-2000 11:25:00,0.7058893340890385,0.05830930511257816,0.09869854916638639
11-Jan-2000 11:30:00,0.7134227939491017,0.05830457323177403,0.09926251255211008
11-Jan-2000 11:35:00,0.7208459256293842,0.05829993478928323,0.09981516032386405
11-Jan-2000 11:40:00,0.7281603445719876,0.058295387418353904,0.10035670391453574
11-Jan-2000 11:45:00,0.7353706853442185,0.058290928830847764,0.10088764637835432
11-Jan-2000 11:50:00,0.7424816653768951,0.05828655681083732,0.10140849762043597
11-Jan-2000 11:55:00,0.7494980343473276,0.05828226921052835,0.10191975751648588
11-Jan-2000 12:00:00,0.7566397264389458,0.058278063396052314,0.10242903413796504
11-Jan-2000 12:05:00,0.7647348657458407,0.05827393736792821,0.1029975549855943
11-Jan-2000 12:10:00,0.7734108577890967,0.05826989016080987,0.10361253102176811
11-Jan-2000 12:15:00,0.7822634194752044,0.058265919764256116,0.10424070354522917
11-Jan-2000 12:20:00,0.7911113737488537,0.05826202415498782,0.10486655970801838
11-Jan-2000 12:25:00,0.7998823918172767,0.058258201441940216,0.10548399615223832
11-Jan-2000 12:30:00,0.8085507006616972,0.05825444983989183,0.10609090147586456
11-Jan-2000 12:35:00,0.8171104042083644,0.058250767640298504,0.10668684944319688
11-Jan-2000 12:40:00,0.8255635232300698,0.05824715319488309,0.10727210044836807
11-Jan-2000 12:45:00,0.8339149195590845,0.05824360490730236,0.10784709110999718
11-Jan-2000 12:50:00,0.8421845901718222,0.058240121228710036,0.10841318082179004
11-Jan-2000 12:55:00,0.8503728224750537,0.05823670065504816,0.10897089303105034
11-Jan-2000 13:00:00,0.858245139749571,0.0582333421597122,0.10951286095156941
11-Jan-2000 13:05:00,0.8649525673822613,0.05823004431571306,0.10997959730179403
11-Jan-2000 13:10:00,0.8709362680669913,0.0582268049514998,0.11038781488287852
11-Jan-2000 13:15:00,0.8765984430560014,0.05822362280543121,0.11076916089780627
11-Jan-2000 13:20:00,0.8821201131709099,0.05822049671328629,0.11113816094050379
11-Jan-2000 13:25:00,0.8875847040378745,0.05821742548624028,0.11150129363647528
11-Jan-2000 13:30:00,0.8930245106069218,0.05821440792759695,0.1118614291714048
11-Jan-2000 13:35:00,0.8984444314855826,0.05821144285322739,0.11221906282304338
11-Jan-2000 13:40:00,0.9038457490281806,0.05820852910225433,0.11257432836400913
11-Jan-2000 13:45:00,0.9092287048572635,0.05820566554142242,0.11292727850044851
11-Jan-2000 13:50:00,0.91459255918159,0.05820285106640954,0.11327789382465943
11-Jan-2000 13:55:00,0.9199364436698317,0.05820008460182372,0.11362613995080172
11-Jan-2000 14:00:00,0.9248282405504747,0.05819736582612745,0.11395897670945813
11-Jan-2000 14:05:00,0.927633663567823,0.058194693737950255,0.11416733753139297
11-Jan-2000 14:10:00,0.929092728547828,0.05819206600183071,0.11427425196648243
11-Jan-2000 14:15:00,0.9299843763552903,0.058189481765196144,0.11433671084835312
11-Jan-2000 14:20:00,0.930684408624648,0.058186940321910074,0.11438331332944338
11-Jan-2000 14:25:00,0.9313529926813113,0.058184440893222694,0.11442644458722283
11-Jan-2000 14:30:00,0.9320538266711358,0.058181982651484436,0.11447109522809273
11-Jan-2000 14:35:00,0.9328097915116722,0.058179564755171005,0.11451910426412681
11-Jan-2000 14:40:00,0.933627019290249,0.05817718636851474,0.11457101057000546
11-Jan-2000 14:45:00,0.9345049777571595,0.05817484667035062,0.11462683225146499
11-Jan-2000 14:50:00,0.9354406143010753,0.05817254485760192,0.11468638796473683
11-Jan-2000 14:55:00,0.9364300328617309,0.058170280146374605,0.1147494273377255
11-Jan-2000 15:00:00,0.9372885166105408,0.05816805208324633,0.11481038856773544
11-Jan-2000 15:05:00,0.9372289150501217,0.05816585993793208,0.11481901094307428
11-Jan-2000 15:10:00,0.936506876506524,0.058163702402216855,0.11477866894992039
11-Jan-2000 15:15:00,0.9355204288614828,0.058161578810373135,0.11471724431889632
11-Jan-2000 15:20:00,0.9344697213057115,0.05815948857162233,0.11464980644737852
11-Jan-2000 15:25:00,0.9334403890343761,0.058157431071810574,0.11458295149805844
11-Jan-2000 15:30:00,0.9324657073899763,0.05815540568188338,0.11451930519631216
11-Jan-2000 15:35:00,0.9315564951668969,0.05815341177260403,0.11445977277451652
11-Jan-2000 15:40:00,0.930714284341709,0.05815144872297228,0.11440454167855937
11-Jan-2000 15:45:00,0.9299369216472959,0.05814951592398699,0.11435351080998868
11-Jan-2000 15:50:00,0.9292208963876322,0.05814761278006525,0.11430646997290704
11-Jan-2000 15:55:00,0.9285623045647239,0.05814573870939609,0.11426317405474748
11-Jan-2000 16:00:00,0.9278707299718026,0.058143893275958085,0.11422083727084509
11-Jan-2000 16:05:00,0.9267563827231863,0.058141297921462914,0.11415462412951655
11-Jan-2000 16:10:00,0.9253332618041659,0.05813610353249401,0.1140653166706832
11-Jan-2000 16:15:00,0.9237972943377785,0.058131602866175,0.11396659712466592
11-Jan-2000 16:20:00,0.9222486690129786,0.05812833540438722,0.11386604139895645
11-Jan-2000 16:25:00,0.9207300932890625,0.05812589506658536,0.11376697126953073
11-Jan-2000 16:30:00,0.9192576328068058,0.05812390046465426,0.1136706809268739
11-Jan-2000 16:35:00,0.9178358513873495,0.05812212662234424,0.11357757860575779
11-Jan-2000 16:40:00,0.9164645491776295,0.05812046149838409,0.11348770157479642
11-Jan-2000 16:45:00,0.9151416519534774,0.05811885433968208,0.11340093853573888
11-Jan-2000 16:50:00,0.9138644261488712,0.058117283547673294,0.11331712354981406
11-Jan-2000 16:55:00,0.9126300116793769,0.0581157402859657,0.11323607653346304
11-Jan-2000 17:00:00,0.9114356640903662,0.0581142209659175,0.11315762222103543
11-Jan-2000 17:05:00,0.9102788067542039,0.05811272404546385,0.113081595517312
11-Jan-2000 17:10:00,0.9091570190841434,0.058111248743197515,0.11300784113898116
11-Jan-2000 17:15:00,0.9080680186582721,0.05810979454851418,0.11293621253741846
11-Jan-2000 17:20:00,0.9070096427692768,0.058108361044698374,0.11286657070994903
11-Jan-2000 17:25:00,0.905979841167542,0.05810694784868204,0.11279878359677839
11-Jan-2000 17:30:00,0.9049766756778169,0.058105554591987615,0.11273272607332813
11-Jan-2000 17:35:00,0.9039983181359249,0.058104180915233526,0.11266827989380651
11-Jan-2000 17:40:00,0.9030430437559779,0.058102826466773,0.112605333373344
11-Jan-2000 17:45:00,0.9021092173013012,0.05810149090238913,0.11254378056693257
11-Jan-2000 17:50:00,0.9011952982234644,0.058100173885191876,0.11248352128203447
11-Jan-2000 17:55:00,0.9002998390958611,0.058098875085520675,0.1124244613149393
11-Jan-2000 18:00:00,0.8994214796283908,0.009328219491691587,0.11236651201015925
11-Jan-2000 18:05:00,0.8985589095603537,0.005602106386872919,0.11230958930263546
11-Jan-2000 18:10:00,0.8977096754525525,0.004537170770204036,0.11225356465602186
11-Jan-2000 18:15:00,0.8968663379540529,0.004189620549965582,0.11219803253365186
11-Jan-2000 18:20:00,0.8960159046831894,0.004069725384319936,0.11214219464300257
11-Jan-2000 18:25:00,0.8951439816544672,0.004018882713659846,0.11208509798128698
11-Jan-2000 18:30:00,0.8942382426142322,0.003988186287805241,0.11202588964630097
11-Jan-2000 18:35:00,0.8932897559424341,0.003962942007406053,0.11196393017065996
11-Jan-2000 18:40:00,0.8922929296109019,0.003939227805970468,0.11189880418090624
11-Jan-2000 18:45:00,0.8912448732787049,0.003916118789406445,0.11183028302367179
11-Jan-2000 18:50:00,0.8901447084275621,0.0039629808134000214,0.11175827891885348
11-Jan-2000 18:55:00,0.8889929691136187,0.00405375371673859,0.11168280443107154
11-Jan-2000 19:00:00,0.8878763936356401,0.0041402409493725015,0.1116064849031359
11-Jan-2000 19:05:00,0.8871829779850077,0.004207408717731791,0.11155452586880728
11-Jan-2000 19:10:00,0.8867989184616706,0.004254973632121337,0.11152620185987301
11-Jan-2000 19:15:00,0.8865259875066491,0.004286363498414622,0.11150733700171765
11-Jan-2000 19:20:00,0.8862627553888858,0.004304985206614743,0.11149007538052103
11-Jan-2000 19:25:00,0.8859659659688794,0.004313699115853958,0.11147097775826315
11-Jan-2000 19:30:00,0.8856193260422116,0.0043148129346760955,0.11144870843947838
11-Jan-2000 19:35:00,0.8852181664874431,0.004310153259785983,0.11142284832586907
11-Jan-2000 19:40:00,0.884762621802538,0.0043011456368633695,0.11139336017787231
11-Jan-2000 19:45:00,0.8842547179789175,0.004288890108744569,0.11136035883936435
11-Jan-2000 19:50:00,0.8836971586953003,0.004274227978226223,0.1113240150783948
11-Jan-2000 19:55:00,0.8830928287940377,0.004257798208178182,0.1112845161270339
11-Jan-2000 20:00:00,0.8822731991721979,0.004240122421060484,0.1112368959754595
11-Jan-2000 20:05:00,0.8804770401461602,0.0042216597770406575,0.11113136975722739
11-Jan-2000 20:10:00,0.877936471044433,0.004202578198374435,0.11096987353977496
11-Jan-2000 20:15:00,0.8750489557434284,0.004183007400248028,0.11078072027258473
11-Jan-2000 20:20:00,0.8720240689857931,0.004163086267719314,0.11058001974185853
11-Jan-2000 20:25:00,0.8689564502897537,0.004142938209422959,0.11037519531309437
11-Jan-2000 20:30:00,0.8658865619029066,0.004122661398824324,0.1101694591288801
11-Jan-2000 20:35:00,0.862831171455287,0.004102329938974064,0.10996415670595656
11-Jan-2000 20:40:00,0.8597969194549268,0.004081998391943063,0.10975983331609956
11-Jan-2000 20:45:00,0.8567861799516286,0.004061706422573913,0.10955669457907873
11-Jan-2000 20:50:00,0.8537995637183777,0.004041482633471905,0.10935480482542834
11-Jan-2000 20:55:00,0.8508369676808756,0.004021347505210464,0.10915417060247892
11-Jan-2000 21:00:00,0.8476581595653384,0.004001345542215627,0.10894744460064999
11-Jan-2000 21:05:00,0.8431601035770215,0.003981578556351484,0.1086615951406482
11-Jan-2000 21:10:00,0.8376223105023654,0.003961986303876759,0.10829525749770963
11-Jan-2000 21:15:00,0.8316146971967243,0.0039425028081917874,0.10788900585208896
11-Jan-2000 21:20:00,0.8254540635171423,0.003923106287907895,0.10746745896950584
11-Jan-2000 21:25:00,0.8192873612825683,0.0039037985715876067,0.1070423792054613
11-Jan-2000 21:30:00,0.8131781902353997,0.0038845886479339353,0.10661897224760675
11-Jan-2000 21:35:00,0.8071519934150027,0.0038654856253407793,0.10619941824404201
11-Jan-2000 21:40:00,0.8012166864094877,0.003846496649392031,0.1057844867708062
11-Jan-2000 21:45:00,0.7953734343688359,0.003827626722118979,0.10537437794706386
11-Jan-2000 21:50:00,0.7896205784986072,0.0038088790772031196,0.10496905997427718
11-Jan-2000 21:55:00,0.7839551087465962,0.003790255626158609,0.10456839128578418
11-Jan-2000 22:00:00,0.7780918789969768,0.003771808430908253,0.10416325065122277
11-Jan-2000 22:05:00,0.7706698824414426,0.0037537163213203577,0.10366068418307886
11-Jan-2000 22:10:00,0.7619249409836698,0.0037358715999199063,0.10305060483541757
11-Jan-2000 22:15:00,0.7525454758821296,0.0037181206540195305,0.10238241248977845
11-Jan-2000 22:20:00,0.7429511343794809,0.0037003999226944153,0.10168950865879842
11-Jan-2000 22:25:00,0.7333509875937462,0.0036827083461499033,0.10098914824264872
11-Jan-2000 22:30:00,0.7238415209328908,0.0036650668941174006,0.10028955011225803
11-Jan-2000 22:35:00,0.7144643902422482,0.00364749775655067,0.09959442147403436
11-Jan-2000 22:40:00,0.7052350321020788,0.0036300177978283404,0.09890529400436836
11-Jan-2000 22:45:00,0.6961578707479543,0.0036126381217760203,0.09822274921935796
11-Jan-2000 22:50:00,0.6872317243760777,0.0035953653990084718,0.09754690404318016
11-Jan-2000 22:55:00,0.6784518847239404,0.0035782033027441885,0.09687758158072636
11-Jan-2000 23:00:00,0.6697562775343281,0.0035611767638656492,0.0962126001894018
11-Jan-2000 23:05:00,0.6608360150320698,0.003544355697182592,0.09552984441966116
11-Jan-2000 23:10:00,0.6516977338865297,0.00352768176276384,0.09482326016153826
11-Jan-2000 23:15:00,0.6424838998123481,0.0035110965177920454,0.09410329077904421
11-Jan-2000 23:20:00,0.6332958420296271,0.0034945832725137922,0.09337850280906183
11-Jan-2000 23:25:00,0.6241875877652764,0.0034781467313700952,0.09265375821269538
11-Jan-2000 23:30:00,0.6151832970438987,0.003461796550377274,0.0919313769053629
11-Jan-2000 23:35:00,0.6062920174313619,0.003445540810343046,0.09121233399858242
11-Jan-2000 23:40:00,0.5975159023236933,0.0034293847247622634,0.09049697195178381
11-Jan-2000 23:45:00,0.5888526102166796,0.0034133311271943873,0.08978524803813054
11-Jan-2000 23:50:00,0.580298694494045,0.003397381255099853,0.0890769657218629
11-Jan-2000 23:55:00,0.5718502168183648,0.0033815353798830887,0.08837188965601657
12-Jan-2000 00:00:00,0.5635024347435629,0.003365793223171753,0.08766971820418984
12-Jan-2000 00:05:00,0.5552497188801,0.003350154207247733,0.08697004766360278
12-Jan-2000 00:10:00,0.5470870132049737,0.003334617597756813,0.08627249000727857
12-Jan-2000 00:15:00,0.539010108492439,0.0033191825822247085,0.0855767260735284
12-Jan-2000 00:20:00,0.5310141950132843,0.00330384831221586,0.08488239917704861
12-Jan-2000 00:25:00,0.5230949639304003,0.003288613925551762,0.08418914214301948
12-Jan-2000 00:30:00,0.5152490572217124,0.003273478557837088,0.08349666107159252
12-Jan-2000 00:35:00,0.5074786376299298,0.0032584413483562774,0.0828050531078214
12-Jan-2000 00:40:00,0.49978053554305313,0.0032435014430274643,0.08211426463898629
12-Jan-2000 00:45:00,0.4921468646797143,0.0032286579958430545,0.0814235926172158
12-Jan-2000 00:50:00,0.4845722972160495,0.0032139101695317566,0.08073250640227937
12-Jan-2000 00:55:00,0.4770534131773173,0.003199257135836914,0.08004064528523426
12-Jan-2000 01:00:00,0.4695876533513142,0.003184698075579355,0.07934774900161122
12-Jan-2000 01:05:00,0.4621721927954137,0.0031702321786382798,0.07865353079879796
12-Jan-2000 01:10:00,0.4548041365717454,0.0031558586438708634,0.07795767756168698
12-Jan-2000 01:15:00,0.4474809811549705,0.0031415766790145686,0.07725990129855977
12-Jan-2000 01:20:00,0.44019939392090973,0.003127385500576308,0.07655985126083614
12-Jan-2000 01:25:00,0.432956906524214,0.0031132843337180627,0.07585718329456
12-Jan-2000 01:30:00,0.42575222369585436,0.0030992724121415758,0.07515168784221471
12-Jan-2000 01:35:00,0.4185842233947546,0.0030853489779713622,0.07444317190286451
12-Jan-2000 01:40:00,0.4114511534924097,0.0030715132816409355,0.07373139027616234
12-Jan-2000 01:45:00,0.40435249132568674,0.003057764581780337,0.07301614458923379
12-Jan-2000 01:50:00,0.3972883267173881,0.003044102145104575,0.07229735916310277
12-Jan-2000 01:55:00,0.39025913405162743,0.003030525246305966,0.07157486110812794
12-Jan-2000 02:00:00,0.383292506675302,0.0030170331679425276,0.07085085405955721
12-Jan-2000 02:05:00,0.3763788287555749,0.0030036252003346107,0.07012548539814054
12-Jan-2000 02:10:00,0.3695028491603576,0.0029903006414618047,0.06939679561016253
12-Jan-2000 02:15:00,0.362658058299999,0.0029770587968561972,0.06866383265900156
12-Jan-2000 02:20:00,0.3558418195222591,0.002963898979504787,0.0679261171787258
12-Jan-2000 02:25:00,0.3490527787341298,0.0029508205097512367,0.06718330658335306
12-Jan-2000 02:30:00,0.3422917257447125,0.002937822715193991,0.06643527430886187
12-Jan-2000 02:35:00,0.3355610528676349,0.0029249049305951204,0.06568207503808206
12-Jan-2000 02:40:00,0.3288626928524538,0.0029120664977818323,0.06492379528351211
12-Jan-2000 02:45:00,0.3221967638565184,0.0028993067655522326,0.06416027726822394
12-Jan-2000 02:50:00,0.3155657103026282,0.00288662508958699,0.06339155875456927
12-Jan-2000 02:55:00,0.30897186280796,0.0028740208323568277,0.06261774131138793
12-Jan-2000 03:00:00,0.302472901686158,0.00286147176375912,0.06184165407285289
12-Jan-2000 03:05:00,0.296386438120599,0.002848931989589827,0.06109798403298925
12-Jan-2000 03:10:00,0.2907183611345686,0.002836456760283104,0.06039943577944934
12-Jan-2000 03:15:00,0.2853175967092838,0.0028240778555351613,0.05972964857445311
12-Jan-2000 03:20:00,0.2800722729476049,0.0028117988701654383,0.059074154855307495
12-Jan-2000 03:25:00,0.2749203199816885,0.0027996138711164913,0.05842441043768216
12-Jan-2000 03:30:00,0.2698313127634333,0.0027875158277886635,0.057776009337563425
12-Jan-2000 03:35:00,0.26479290448434445,0.002775499091100809,0.0571270193694579
12-Jan-2000 03:40:00,0.2598024563791309,0.002763559644048949,0.056476841648720306
12-Jan-2000 03:45:00,0.2548625957849959,0.002751694740657914,0.05582567781889069
12-Jan-2000 03:50:00,0.24997812450453058,0.002739902494076213,0.0551740897979876
12-Jan-2000 03:55:00,0.2451546668533529,0.002728181560229691,0.05452280966482493
12-Jan-2000 04:00:00,0.24059749597423938,0.002716494130642345,0.0538838239680409
12-Jan-2000 04:05:00,0.23738788142145487,0.002704766874505676,0.05340164658389369
12-Jan-2000 04:10:00,0.23541837802743365,0.002693086965516347,0.05309510820314854
12-Jan-2000 04:15:00,0.2341278105305083,0.0026815028817950026,0.052898327190980164
12-Jan-2000 04:20:00,0.23314793783881518,0.002670023010301684,0.05275400067012276
12-Jan-2000 04:25:00,0.23228814102403447,0.002658641785591372,0.052630903712287895
12-Jan-2000 04:30:00,0.23146066183204106,0.002647350929192003,0.052514166494030554
12-Jan-2000 04:35:00,0.2306304549124605,0.002636143052514936,0.05239755486952471
12-Jan-2000 04:40:00,0.2297876827954453,0.0026250124069926235,0.05227905552896148
12-Jan-2000 04:45:00,0.22893366350245659,0.00261395473717846,0.05215857636642278
12-Jan-2000 04:50:00,0.22807400226859056,0.002602966936477882,0.05203680624865571
12-Jan-2000 04:55:00,0.2272153897410129,0.0025920467248473295,0.05191467400120625
12-Jan-2000 05:00:00,0.22660575753975057,0.0025811737076298267,0.051806873745397615
12-Jan-2000 05:05:00,0.2274296454260584,0.0025703036894639025,0.051871075685677843
12-Jan-2000 05:10:00,0.22940922784913867,0.002559479471701561,0.052122350592681284
12-Jan-2000 05:15:00,0.23190000559629645,0.002548729609604505,0.05246285295061694
12-Jan-2000 05:20:00,0.2345399398134562,0.0025380607146086157,0.05283110473535885
12-Jan-2000 05:25:00,0.23716555740960477,0.0025274708199016917,0.05319863981670842
12-Jan-2000 05:30:00,0.23971376170489814,0.002516955828298959,0.053554301261460394
12-Jan-2000 05:35:00,0.24216728918841318,0.00250651174377772,0.05390017232168142
12-Jan-2000 05:40:00,0.24452809603300532,0.002496135243024108,0.054225468610202075
12-Jan-2000 05:45:00,0.24680502469009627,0.002485823698414508,0.054536922330475024
12-Jan-2000 05:50:00,0.24900873784678854,0.002475575056717023,0.054836719798829564
12-Jan-2000 05:55:00,0.2511495676203976,0.0024653877042452588,0.05512615093861466
12-Jan-2000 06:00:00,0.25341446034197895,0.06473812750005818,0.05541684494216824
12-Jan-2000 06:05:00,0.25660651666870854,0.06056193808820513,0.05581180309565717
12-Jan-2000 06:10:00,0.26049782625902473,0.05899703316951005,0.056309988497132216
12-Jan-2000 06:15:00,0.2646652609612131,0.05838208121333497,0.05684944555719364
12-Jan-2000 06:20:00,0.2689012843582685,0.05814398251566457,0.05739659302170506
12-Jan-2000 06:25:00,0.2731424968134136,0.05805528711425549,0.0579400300297869
12-Jan-2000 06:30:00,0.27739207286113804,0.0580237049224841,0.058479048957140296
12-Jan-2000 06:35:00,0.281671104723115,0.05801299962323859,0.05901624850690139
12-Jan-2000 06:40:00,0.28599624945982965,0.05800953179235061,0.05955394633442932
12-Jan-2000 06:45:00,0.29040130940935194,0.05800841259741853,0.060095553949336404
12-Jan-2000 06:50:00,0.2948798055190683,0.058007988319824164,0.060642093545779034
12-Jan-2000 06:55:00,0.2994051744786734,0.05800774004476847,0.06118999197480227
12-Jan-2000 07:00:00,0.3041569200437701,0.05801084088623972,0.06174707711775807
12-Jan-2000 07:05:00,0.3099753301114653,0.058013329266873755,0.06241125274575613
12-Jan-2000 07:10:00,0.3165263638333488,0.05801417792003948,0.06316922613653647
12-Jan-2000 07:15:00,0.3233354988074431,0.058014374935896715,0.06395734599061502
12-Jan-2000 07:20:00,0.3301701414906446,0.05801431356860359,0.06474281885236513
12-Jan-2000 07:25:00,0.33693642197648055,0.058014150418938225,0.06551265880891487
12-Jan-2000 07:30:00,0.34360055713106236,0.05801394787306886,0.06626267305196772
12-Jan-2000 07:35:00,0.3501522491820782,0.058013730779750784,0.06699199778769017
12-Jan-2000 07:40:00,0.35659111213591566,0.05801350902928277,0.06770110255817584
12-Jan-2000 07:45:00,0.36292060159124123,0.05801328655093168,0.06839092680386252
12-Jan-2000 07:50:00,0.3691460155553489,0.058013064898537664,0.0690625968439659
12-Jan-2000 07:55:00,0.3752719538625095,0.05801284467942751,0.06971714660597107
12-Jan-2000 08:00:00,0.3813026191606857,0.05801262612388179,0.07035550250998572
12-Jan-2000 08:05:00,0.3872422176556597,0.058012409312068434,0.07097853352073648
12-Jan-2000 08:10:00,0.3930949001740354,0.05801219426448288,0.07158707898548004
12-Jan-2000 08:15:00,0.3988644674906124,0.05801198097799113,0.07218190483141174
12-Jan-2000 08:20:00,0.40455377608508497,0.05801176944017824,0.07276365599622783
12-Jan-2000 08:25:00,0.41016536883725313,0.05801155963508469,0.07333290441918584
12-Jan-2000 08:30:00,0.4157016115777762,0.05801135154547426,0.07389017974785916
12-Jan-2000 08:35:00,0.4211647231435279,0.05801114515373933,0.07443597329549921
12-Jan-2000 08:40:00,0.42655723132061896,0.05801094044226896,0.07497077713048535
12-Jan-2000 08:45:00,0.4318812030493701,0.05801073739357557,0.07549504460662293
12-Jan-2000 08:50:00,0.4371432698083142,0.058010535990363134,0.07600930735657675
12-Jan-2000 08:55:00,0.4424459704226288,0.058010336215537306,0.0765206357680454
12-Jan-2000 09:00:00,0.4481196328908203,0.05801013803835483,0.07705420109381442
12-Jan-2000 09:05:00,0.45462027703430474,0.058009941441533854,0.0776588796533092
12-Jan-2000 09:10:00,0.4619501493336646,0.05800974643427871,0.0783358232627736
12-Jan-2000 09:15:00,0.4699471569254077,0.0580095529983327,0.07907765952838595
12-Jan-2000 09:20:00,0.478080292120245,0.058009361113230656,0.0798343824898706
12-Jan-2000 09:25:00,0.4860466957895393,0.05800917076050679,0.08057275363020272
12-Jan-2000 09:30:00,0.493731126284254,0.05800898192326677,0.08128011959010566
12-Jan-2000 09:35:00,0.5011050865154064,0.05800879458551056,0.08195355118165923
12-Jan-2000 09:40:00,0.5081761401525706,0.05800860873174103,0.08259411779962204
12-Jan-2000 09:45:00,0.5149645463390299,0.05800842434679408,0.08320422373789728
12-Jan-2000 09:50:00,0.5214947924102203,0.058008241415740784,0.08378666588011734
12-Jan-2000 09:55:00,0.5278132040191235,0.05800805992386147,0.08434471031653659
12-Jan-2000 10:00:00,0.5345979066213927,0.05800787983189762,0.08491663754893387
12-Jan-2000 10:05:00,0.5433193129984748,0.0580077011248748,0.08563544766408743
12-Jan-2000 10:10:00,0.5537462598889731,0.05800752383405701,0.08650473598828401
12-Jan-2000 10:15:00,0.5650198795557175,0.05800734794156604,0.08745386471000248
12-Jan-2000 10:20:00,0.5767098601014736,0.058007173425723785,0.08842744258435287
12-Jan-2000 10:25:00,0.5890369905471443,0.058934123707982455,0.08944055560649787
12-Jan-2000 10:30:00,0.6016123495990883,0.05926843571829304,0.09047473647917863
12-Jan-2000 10:35:00,0.6137344130467351,0.060903999976465346,0.09146977635181638
12-Jan-2000 10:40:00,0.625108167267309,0.06141049417692597,0.09239700956091276
12-Jan-2000 10:45:00,0.6356874218489136,0.06119232240354883,0.0932519077277169
12-Jan-2000 10:50:00,0.645529017943499,0.06104468254643343,0.09403984231889125
12-Jan-2000 10:55:00,0.6547213879537827,0.060927313719029895,0.09476912638768664
12-Jan-2000 11:00:00,0.6635790739411723,0.06082444600391234,0.09545613574196228
12-Jan-2000 11:05:00,0.6730241820161704,0.06072980388636778,0.09617508703419927
12-Jan-2000 11:10:00,0.6827256725813184,0.060640821942900776,0.09691637913322813
12-Jan-2000 11:15:00,0.6923285409638784,0.06055635525517639,0.09764841329571725
12-Jan-2000 11:20:00,0.7017018794608791,0.060475825413407555,0.0983589141203792
12-Jan-2000 11:25:00,0.710818106399914,0.06039888585780012,0.09904522671344573
12-Jan-2000 11:30:00,0.719688828392846,0.06032528910810738,0.099708330874311
12-Jan-2000 11:35:00,0.7283387704724397,0.06025483388101002,0.10035038663951541
12-Jan-2000 11:40:00,0.7367950207531231,0.06018734375942241,0.10097379609024953
12-Jan-2000 11:45:00,0.7450815535330484,0.0601226583144193,0.1015806938472532
12-Jan-2000 11:50:00,0.7532196619870625,0.06006062915878613,0.1021729478729066
12-Jan-2000 11:55:00,0.7612288845432879,0.06000111797453596,0.10275225167857976
12-Jan-2000 12:00:00,0.7693447448799827,0.05994398736392853,0.10332722520968897
12-Jan-2000 12:05:00,0.7784128650927764,0.05988911692441976,0.1039600923581874
12-Jan-2000 12:10:00,0.7880512857011881,0.059836406869738304,0.10463755862141215
12-Jan-2000 12:15:00,0.7978581889671843,0.05978574830771842,0.10532667284778635
12-Jan-2000 12:20:00,0.8076576997249342,0.05973703802360533,0.10601245968465177
12-Jan-2000 12:25:00,0.8174301194549803,0.0596901799670915,0.1066908218206405
12-Jan-2000 12:30:00,0.8276388400977241,0.05964508441120049,0.10738581317643234
12-Jan-2000 12:35:00,0.8384404960847232,0.05960166716216026,0.10812082394233927
12-Jan-2000 12:40:00,0.849373243997115,0.05955984899893258,0.10886536236480002
12-Jan-2000 12:45:00,0.8601890110083199,0.059519555257791734,0.10959921130688997
12-Jan-2000 12:50:00,0.8708003595300343,0.059479887831739714,0.11031517031276313
12-Jan-2000 12:55:00,0.8811887866813324,0.059441358528219385,0.11101172419410242
12-Jan-2000 13:00:00,0.8911208495537873,0.05940420145550084,0.11168208067424941
12-Jan-2000 13:05:00,0.8997414013470303,0.059368352115674906,0.11226760369433746
12-Jan-2000 13:10:00,0.9075207060849462,0.05933374293428541,0.11278646922182277
12-Jan-2000 13:15:00,0.9149013123282381,0.059300319743107135,0.11327280401918995
12-Jan-2000 13:20:00,0.9220717195756851,0.05926803212236391,0.11374172387055136
12-Jan-2000 13:25:00,0.9291085701256129,0.059236831791050916,0.11419938896163669
12-Jan-2000 13:30:00,0.9360449692550119,0.05920667259698182,0.11464843819629976
12-Jan-2000 13:35:00,0.942897302957743,0.05917751057724121,0.11509017713493176
12-Jan-2000 13:40:00,0.9496747499041053,0.059149303931902125,0.11552533812418377
12-Jan-2000 13:45:00,0.9563835848461169,0.059122012943323365,0.11595442286872483
12-Jan-2000 13:50:00,0.9630287967308545,0.0590955998736192,0.1163778232145354
12-Jan-2000 13:55:00,0.9696150269364944,0.05907002885711499,0.11679590520151942
12-Jan-2000 14:00:00,0.9756945434720253,0.059045272343395135,0.11719564528710927
12-Jan-2000 14:05:00,0.9795880907847816,0.05902129778767461,0.11746790687531958
12-Jan-2000 14:10:00,0.9820747806071505,0.058998062288309,0.11763656665136861
12-Jan-2000 14:15:00,0.9840007399932188,0.058975537668855604,0.11776196994180384
12-Jan-2000 14:20:00,0.9857430134715944,0.058953698129621895,0.11787250795862102
12-Jan-2000 14:25:00,0.9874497304287582,0.05893251826651323,0.11797948985168998
12-Jan-2000 14:30:00,0.9891756163912991,0.058911973257232686,0.11808713418053744
12-Jan-2000 14:35:00,0.9909391049616623,0.05889203912714527,0.11819689622095561
12-Jan-2000 14:40:00,0.9927445896286181,0.05887269287058172,0.11830915911409307
12-Jan-2000 14:45:00,0.9945914079428242,0.05885391247629483,0.11842391460304656
12-Jan-2000 14:50:00,0.9964771666716529,0.05883567690767578,0.11854101971614375
12-Jan-2000 14:55:00,0.9983989229387326,0.058817966064920665,0.11866028819854309
12-Jan-2000 15:00:00,1.0001553417615785,0.05880076313032396,0.1187758708568949
12-Jan-2000 15:05:00,1.0009140498360367,0.058784049781927146,0.11883580122247746
12-Jan-2000 15:10:00,1.0009924867364361,0.05876780402636954,0.11884655436946509
12-Jan-2000 15:15:00,1.0008155550088011,0.058752009460733445,0.11883743095107274
12-Jan-2000 15:20:00,1.000580418724181,0.05873665081547243,0.11882300874122992
12-Jan-2000 15:25:00,1.0003648492376054,0.058721713184652045,0.11880916813515531
12-Jan-2000 15:30:00,1.000196393816239,0.05870718207156023,0.11879804662227995
12-Jan-2000 15:35:00,1.0000827487676451,0.05869304347650138,0.11879028831194507
12-Jan-2000 15:40:00,1.0000240511172553,0.05867928393493659,0.11878596402511221
12-Jan-2000 15:45:00,1.000017688876973,0.05866589052078546,0.1187849334142277
12-Jan-2000 15:50:00,1.000060145523235,0.05865285083306128,0.11878698440202597
12-Jan-2000 15:55:00,1.000147694865081,0.05864015297580625,0.11879188596845965
12-Jan-2000 16:00:00,1.0001820672521762,0.05862778641811725,0.11879672437317747
12-Jan-2000 16:05:00,0.999751121458476,0.05861328976189936,0.11877598304483918
12-Jan-2000 16:10:00,0.998997680790794,0.05859657116476621,0.11873184532117
12-Jan-2000 16:15:00,0.9981355994150866,0.05858172100203174,0.11867891456551179
12-Jan-2000 16:20:00,0.9972581558263431,0.05856879736689869,0.11862422798872423
12-Jan-2000 16:25:00,0.9964026302094221,0.05855714007637549,0.11857056870838897
12-Jan-2000 16:30:00,0.9955828606180332,0.05854624771621286,0.11851900789900163
12-Jan-2000 16:35:00,0.9948025415452717,0.0585358406814389,0.11846986642700776
12-Jan-2000 16:40:00,0.9940611747943469,0.05852578107139336,0.11842315177668883
12-Jan-2000 16:45:00,0.9933566205077459,0.05851600407897879,0.1183787467215063
12-Jan-2000 16:50:00,0.9926861652631283,0.058506478682867145,0.11833648872137839
12-Jan-2000 16:55:00,0.9920469615634443,0.05849718842995497,0.118296202754055
12-Jan-2000 17:00:00,0.9914362051577436,0.05848812287684065,0.11825771464745669
12-Jan-2000 17:05:00,0.9908512122220126,0.05847927402518982,0.11822085670028036
12-Jan-2000 17:10:00,0.9902894552359198,0.05847063491533956,0.11818547045424502
12-Jan-2000 17:15:00,0.9897485610281537,0.05846219909632829,0.11815140700536793
12-Jan-2000 17:20:00,0.9892262949562365,0.058453960432987805,0.11811852604439786
12-Jan-2000 17:25:00,0.9887205568743602,0.058445913035981296,0.11808669554299925
12-Jan-2000 17:30:00,0.9882293700074148,0.05843805123431422,0.11805579115901338
12-Jan-2000 17:35:00,0.9877508727443766,0.058430369561626026,0.11802569570166616
12-Jan-2000 17:40:00,0.9872833105258185,0.058422862746747704,0.11799629863923208
12-Jan-2000 17:45:00,0.9868250306620584,0.058415525705543155,0.11796749574033168
12-Jan-2000 17:50:00,0.9863744879113474,0.05840835353324624,0.11793918917711373
12-Jan-2000 17:55:00,0.9859302853862678,0.058401341497134975,0.11791128973018858
12-Jan-2000 18:00:00,0.9854911841761107,0.010745108536122297,0.11788371823386498
12-Jan-2000 18:05:00,0.9850560232177362,0.008277262543512314,0.11785640244180856
12-Jan-2000 18:10:00,0.9846225652366597,0.007863257377883863,0.11782923003735574
12-Jan-2000 18:15:00,0.9841839807711896,0.007745313700190014,0.11780184502334452
12-Jan-2000 18:20:00,0.9837282871450259,0.007674742414833401,0.11777354642735835
12-Jan-2000 18:25:00,0.9832421266571005,0.007611848596569178,0.1177434924395224
12-Jan-2000 18:30:00,0.9827140994931423,0.007550577306005824,0.11771093191005853
12-Jan-2000 18:35:00,0.9821360561319227,0.007491290136917461,0.11767530846188731
12-Jan-2000 18:40:00,0.9815030830481921,0.007567535407115046,0.11763627250829756
12-Jan-2000 18:45:00,0.9808128587101225,0.007691259245772406,0.11759364603931688
12-Jan-2000 18:50:00,0.9800648851971051,0.007786917432072365,0.11754737441408346
12-Jan-2000 18:55:00,0.9792598426406528,0.007848233419359762,0.11749748388258105
12-Jan-2000 19:00:00,0.9784852536185351,0.007880346790222653,0.11744650301756969
12-Jan-2000 19:05:00,0.9781326299200601,0.007889247282340191,0.11741861591923236
12-Jan-2000 19:10:00,0.978086701286539,0.00788109422520991,0.11741304430557915
12-Jan-2000 19:15:00,0.9781475353314061,0.007860613982352539,0.11741619096180886
12-Jan-2000 19:20:00,0.978212992727863,0.007831213731913197,0.11742054459614779
12-Jan-2000 19:25:00,0.9782393737329441,0.007795387298169724,0.11742281352442953
12-Jan-2000 19:30:00,0.9782099408359022,0.0077549778262777785,0.11742170488814728
12-Jan-2000 19:35:00,0.9781195534268345,0.007711348788847408,0.11741679388990811
12-Jan-2000 19:40:00,0.9779678734157032,0.00766550583759583,0.11740801749380882
12-Jan-2000 19:45:00,0.9777564807718683,0.007618187796748366,0.11739545807349856
12-Jan-2000 19:50:00,0.9774876786232989,0.007569935367208903,0.11737925359002162
12-Jan-2000 19:55:00,0.9771639885900482,0.007521142826121399,0.11735955992262341
12-Jan-2000 20:00:00,0.9766150274619204,0.007472156563896833,0.11733158695939566
12-Jan-2000 20:05:00,0.9750720674880464,0.0074233411666268624,0.1172476562184505
12-Jan-2000 20:10:00,0.9727689058043325,0.007374698673903408,0.11710970798365268
12-Jan-2000 20:15:00,0.9701056666612186,0.007326220500336932,0.11694479437192624
12-Jan-2000 20:20:00,0.9672925721152281,0.007277953469307103,0.11676823849220909
12-Jan-2000 20:25:00,0.9644242516829052,0.007229958284256628,0.1165870709767818
12-Jan-2000 20:30:00,0.9615412137598577,0.0071822879509097605,0.11640433053669982
12-Jan-2000 20:35:00,0.9586602028779576,0.007134982544562976,0.11622128662746094
12-Jan-2000 20:40:00,0.9557878241663297,0.00708807020240522,0.11603844720202457
12-Jan-2000 20:45:00,0.9529265864239502,0.007041569622191063,0.1158560090067426
12-Jan-2000 20:50:00,0.9500772840063287,0.006995492471847183,0.11567403990107482
12-Jan-2000 20:55:00,0.9472400079105311,0.00694984532123095,0.11549255402479756
12-Jan-2000 21:00:00,0.9441732476037933,0.006904709555972866,0.11530454637686609
12-Jan-2000 21:05:00,0.9397668277400576,0.006860317693800078,0.11504053809796183
12-Jan-2000 21:10:00,0.934302126264423,0.006816488203406289,0.114699428788895
12-Jan-2000 21:15:00,0.9283528524729331,0.006773040956600881,0.11431985633892025
12-Jan-2000 21:20:00,0.9222364117976758,0.006729913011477615,0.11392514681355391
12-Jan-2000 21:25:00,0.9160994561596278,0.006687101717563101,0.11352637157975262
12-Jan-2000 21:30:00,0.9100051930811226,0.006644622953213209,0.11312840595059886
12-Jan-2000 21:35:00,0.9039790701818337,0.006602493683476509,0.11273327924349781
12-Jan-2000 21:40:00,0.8980297751558275,0.006560726778370721,0.11234174955289872
12-Jan-2000 21:45:00,0.8921587268235022,0.006519330456543206,0.11195401423520526
12-Jan-2000 21:50:00,0.886364793089163,0.0064783090843729026,0.11157005826131274
12-Jan-2000 21:55:00,0.8806457897980887,0.006437664164849411,0.1111897864033765
12-Jan-2000 22:00:00,0.8747171368807256,0.006397523704808727,0.11080462063646933
12-Jan-2000 22:05:00,0.8672171047114768,0.0063583186247730215,0.11032709724788478
12-Jan-2000 22:10:00,0.8583796906823764,0.0063197702941934115,0.1097479471517318
12-Jan-2000 22:15:00,0.848893345271452,0.006281513088679206,0.10911367338854723
12-Jan-2000 22:20:00,0.839177386727866,0.00624339802658319,0.10845567328532568
12-Jan-2000 22:25:00,0.8294399941099707,0.0062054193679850584,0.10779009073107415
12-Jan-2000 22:30:00,0.8197774194614181,0.0061676221444146116,0.10712456766994316
12-Jan-2000 22:35:00,0.8102320969321825,0.006130055336842769,0.10646260606273716
12-Jan-2000 22:40:00,0.8008202246955564,0.006092756668036369,0.1058056828238134
12-Jan-2000 22:45:00,0.791546164624168,0.006055751072330666,0.1051543042622638
12-Jan-2000 22:50:00,0.7824090372161158,0.006019053337577619,0.10450857856014481
12-Jan-2000 22:55:00,0.7734052061639375,0.005982671203028613,0.10386837949038465
12-Jan-2000 23:00:00,0.7644735769598878,0.005946660744145769,0.10323169320357878
12-Jan-2000 23:05:00,0.755308496967091,0.005911181017190021,0.1025781083245809
12-Jan-2000 23:10:00,0.745917111830577,0.005876101695801375,0.1019021402054807
12-Jan-2000 23:15:00,0.736440926175898,0.005841289653946084,0.1012135056632372
12-Jan-2000 23:20:00,0.7269804293906565,0.005806701994529123,0.1005201159647255
12-Jan-2000 23:25:00,0.7175892079048214,0.00577234400706514,0.09982643444054867
12-Jan-2000 23:30:00,0.7082918299662958,0.005738234048140168,0.09913463426076047
12-Jan-2000 23:35:00,0.6990984524920928,0.0057043885976950535,0.09844567087794644
12-Jan-2000 23:40:00,0.6900121066403915,0.005670818539983735,0.09775991988187963
12-Jan-2000 23:45:00,0.6810314505972254,0.005637529649994406,0.09707740842540417
12-Jan-2000 23:50:00,0.6721532895288526,0.005604524053239264,0.09639796981139341
12-Jan-2000 23:55:00,0.6633736869295466,0.0055718015456166945,0.09572137524156149
13-Jan-2000 00:00:00,0.6546887666298815,0.00553936053284495,0.09504738943320634
13-Jan-2000 00:05:00,0.6460939331973682,0.005507198631994731,0.09437570856353486
13-Jan-2000 00:10:00,0.6375855290692459,0.0054753130345615636,0.09370608266615116
13-Jan-2000 00:15:00,0.6291600317435241,0.005443700717545733,0.09303827613941099
13-Jan-2000 00:20:00,0.6208133062909463,0.005412358562991283,0.09237201399414231
13-Jan-2000 00:25:00,0.6125413217582958,0.005381283424317827,0.09170699518462021
13-Jan-2000 00:30:00,0.6043403303325313,0.005350472162439987,0.09104293411204982
13-Jan-2000 00:35:00,0.5962072486931594,0.0053199216650522746,0.09037959934720505
13-Jan-2000 00:40:00,0.5881384120751584,0.005289628856635164,0.08971670803296514
13-Jan-2000 00:45:00,0.580131074585727,0.005259590703405207,0.08905402646628825
13-Jan-2000 00:50:00,0.5721827848743207,0.005229804215539387,0.08839135259630136
13-Jan-2000 00:55:00,0.5642908958383763,0.005200266447933297,0.08772847455138923
13-Jan-2000 01:00:00,0.5564522332220081,0.00517097450019549,0.08706511767595017
13-Jan-2000 01:05:00,0.5486649445259268,0.005141925516228364,0.08640107562305112
13-Jan-2000 01:10:00,0.5409282044235469,0.005113116683609246,0.08573627188153976
13-Jan-2000 01:15:00,0.5332392762556997,0.005084545232875649,0.08507048573877582
13-Jan-2000 01:20:00,0.5255951764364413,0.005056208436756541,0.0844034143663841
13-Jan-2000 01:25:00,0.5179940833064843,0.005028103609400012,0.08373485382385047
13-Jan-2000 01:30:00,0.5104345030580006,0.005000228105593514,0.08306463049986301
13-Jan-2000 01:35:00,0.5029146515141988,0.004972579320000795,0.0823925584472251
13-Jan-2000 01:40:00,0.49543239198251166,0.004945154686408997,0.08171838556697875
13-Jan-2000 01:45:00,0.48799191142500864,0.00491795167698731,0.08104227740716337
13-Jan-2000 01:50:00,0.4805947192607117,0.0048909678015655106,0.08036451709296194
13-Jan-2000 01:55:00,0.4732357475768777,0.004864200606928023,0.07968463929890489
13-Jan-2000 02:00:00,0.4659111908579393,0.004837647676121779,0.07900218058641242
13-Jan-2000 02:05:00,0.45861950913264143,0.004811306627779105,0.07831689942209304
13-Jan-2000 02:10:00,0.4513599928603608,0.0047851751154614095,0.07762864112841074
13-Jan-2000 02:15:00,0.4441318858928367,0.004759250827009182,0.07693726915615941
13-Jan-2000 02:20:00,0.43693361465335234,0.004733531483912633,0.07624254136099325
13-Jan-2000 02:25:00,0.4297657265657939,0.004708014840695281,0.07554436998229572
13-Jan-2000 02:30:00,0.4226298795427939,0.004682698684311406,0.07484281667310078
13-Jan-2000 02:35:00,0.41552676943392514,0.004657580833551989,0.07413789575449889
13-Jan-2000 02:40:00,0.40845512843522075,0.004632659138472409,0.07342939653323823
13-Jan-2000 02:45:00,0.4014148418017727,0.00460793147982397,0.0727171772664462
13-Jan-2000 02:50:00,0.39440641283003147,0.004583395768506624,0.07200116919399056
13-Jan-2000 02:55:00,0.38743861697414334,0.0045590499450261605,0.07128168965021944
13-Jan-2000 03:00:00,0.38058966994526205,0.004534848224791357,0.07056397090757936
13-Jan-2000 03:05:00,0.37414726080741006,0.004510688972776053,0.06987592872898113
13-Jan-2000 03:10:00,0.36811165784777555,0.004486681832695152,0.06922711325122358
13-Jan-2000 03:15:00,0.3623346065892293,0.004462898130355167,0.06860324782875024
13-Jan-2000 03:20:00,0.35670665258519585,0.004439349404555563,0.0679919059391513
13-Jan-2000 03:25:00,0.3511657549797762,0.004416024374308146,0.06738568253546812
13-Jan-2000 03:30:00,0.3456799288060302,0.004392907740498397,0.0667806124736145
13-Jan-2000 03:35:00,0.3402341098277197,0.0043699864495114395,0.06617473124257285
13-Jan-2000 03:40:00,0.334822345362428,0.00434725077550978,0.06556717680492752
13-Jan-2000 03:45:00,0.32944323131013414,0.0043246937768988995,0.06495766687811985
13-Jan-2000 03:50:00,0.32409686619612216,0.004302310479499618,0.06434612728926181
13-Jan-2000 03:55:00,0.31878549623764724,0.0042800971960182945,0.0637327032712857
13-Jan-2000 04:00:00,0.3137025247143115,0.004257974592758507,0.06312700388589992
13-Jan-2000 04:05:00,0.30989302329807245,0.004235778838758726,0.06264247174466839
13-Jan-2000 04:10:00,0.307287373350542,0.004213690302784018,0.06230903817138119
13-Jan-2000 04:15:00,0.305364344517586,0.0041918191282240055,0.06206731200142581
13-Jan-2000 04:20:00,0.3037728116910498,0.004170187490935631,0.061871413746440965
13-Jan-2000 04:25:00,0.3023244096784708,0.004148784377675299,0.06169573340511208
13-Jan-2000 04:30:00,0.300926081752196,0.004127591361548047,0.061527351950684345
13-Jan-2000 04:35:00,0.29953454497902127,0.004106591452927897,0.06136013657207987
13-Jan-2000 04:40:00,0.298131314033893,0.004085771184601009,0.06119138054424032
13-Jan-2000 04:45:00,0.2967103099053626,0.004065120439846002,0.061020083180854
13-Jan-2000 04:50:00,0.2952714159114459,0.004044631725901457,0.060846111051283895
13-Jan-2000 04:55:00,0.2938161119477098,0.004024299454871749,0.06066959331055326
13-Jan-2000 05:00:00,0.2925780602761728,0.004004080252813311,0.06050268683710258
13-Jan-2000 05:05:00,0.29270751323066585,0.003983876802660873,0.06047837701545351
13-Jan-2000 05:10:00,0.2939708903972223,0.003963777546747486,0.060609453783598395
13-Jan-2000 05:15:00,0.29576060081965466,0.003943845964909147,0.06081784783937693
13-Jan-2000 05:20:00,0.29772458357101755,0.003924097946814784,0.061053594586801034
13-Jan-2000 05:25:00,0.29969539547541013,0.0039045295378666717,0.061292408545273916
13-Jan-2000 05:30:00,0.3016011774302078,0.0038851314714628974,0.06152376497676341
13-Jan-2000 05:35:00,0.3034154267446449,0.0038658944844563903,0.06174371983691394
13-Jan-2000 05:40:00,0.30513211496684783,0.003846810769995805,0.061951295743663384
13-Jan-2000 05:45:00,0.30675412090499604,0.0038278740923517684,0.06214679923373706
13-Jan-2000 05:50:00,0.30828788370237736,0.003809079529628512,0.06233104737826528
13-Jan-2000 05:55:00,0.30974099888776324,0.003790423169491928,0.06250502209264301
13-Jan-2000 06:00:00,0.31131127330654457,0.06476677624364752,0.06267953089455239
13-Jan-2000 06:05:00,0.31383580832899655,0.06059192739052534,0.06295062110066622
13-Jan-2000 06:10:00,0.31704951637115963,0.059034456608946004,0.0633144709162833
13-Jan-2000 06:15:00,0.3205103787236191,0.058421142728861064,0.06371362483020578
13-Jan-2000 06:20:00,0.32401066895012726,0.05818351585049273,0.06411824850820085
13-Jan-2000 06:25:00,0.32748700708728934,0.05809478477993817,0.06451832774901738
13-Jan-2000 06:30:00,0.3309392751312544,0.05806295004676188,0.06491290795129712
13-Jan-2000 06:35:00,0.3343869271163522,0.058051905061417684,0.0653040681228417
13-Jan-2000 06:40:00,0.3378476185447913,0.058048066247582276,0.06569401189124148
13-Jan-2000 06:45:00,0.34133087825022596,0.058046567614693026,0.06608401787913977
13-Jan-2000 06:50:00,0.34483958666039743,0.05804576423698164,0.0664745427717613
13-Jan-2000 06:55:00,0.3483722629753835,0.058045140334586715,0.06686549795461057
13-Jan-2000 07:00:00,0.352117254882752,0.058048062412263686,0.06726564448861337
13-Jan-2000 07:05:00,0.35690941054883324,0.06162258743152025,0.067764562314022
13-Jan-2000 07:10:00,0.36245068049440105,0.06517907984716581,0.06835316381427187
13-Jan-2000 07:15:00,0.36849701662232054,0.06828551527027624,0.06899117347161945
13-Jan-2000 07:20:00,0.3753243804290618,0.07483995617342576,0.06969720206045854
13-Jan-2000 07:25:00,0.3833879539307561,0.07894421140680576,0.07051572798391505
13-Jan-2000 07:30:00,0.3930999758087635,0.08175627756771489,0.07148716915248683
13-Jan-2000 07:35:00,0.40468655599915243,0.08091415909862439,0.0726358676195869
13-Jan-2000 07:40:00,0.4173843232018013,0.07908782408634495,0.07390447133468205
13-Jan-2000 07:45:00,0.43000009775730724,0.08105905489180557,0.0751632029885022
13-Jan-2000 07:50:00,0.44200966453065604,0.08052845099239035,0.07634905104622595
13-Jan-2000 07:55:00,0.45328249357109135,0.07881693991110761,0.07744733389520261
13-Jan-2000 08:00:00,0.46384834275805387,0.07735766662402102,0.07846242326985503
13-Jan-2000 08:05:00,0.47378857751136455,0.07606710872674387,0.07940460904250125
13-Jan-2000 08:10:00,0.4831857721701596,0.07490423641075702,0.08028422594430087
13-Jan-2000 08:15:00,0.492110211964725,0.07384710227642974,0.08111003678724417
13-Jan-2000 08:20:00,0.5006085799861748,0.07287992486433363,0.08188831582924118
13-Jan-2000 08:25:00,0.5087149227206419,0.07636015475422575,0.08262361599444744
13-Jan-2000 08:30:00,0.5164878501333494,0.0765858937902903,0.0833204924528358
13-Jan-2000 08:35:00,0.5245052632033329,0.07856877078485369,0.08401789874217176
13-Jan-2000 08:40:00,0.5330631841954065,0.07821617778863522,0.08476078480156193
13-Jan-2000 08:45:00,0.5416522219547382,0.0766908464085419,0.08550844129564733
13-Jan-2000 08:50:00,0.5499931990591129,0.07541804883874491,0.08623144900344855
13-Jan-2000 08:55:00,0.5580086439885308,0.07429579506591859,0.08692138088549384
13-Jan-2000 09:00:00,0.5657995621446575,0.07328963608999778,0.08758198541396445
13-Jan-2000 09:05:00,0.5738020273948339,0.07237778546670681,0.08825054108329704
13-Jan-2000 09:10:00,0.5818687510852701,0.07153454747320329,0.08892386413817052
13-Jan-2000 09:15:00,0.5898067196276138,0.07075876589458296,0.08958395311150702
13-Jan-2000 09:20:00,0.5975313004431287,0.07004448153064632,0.09022267745503533
13-Jan-2000 09:25:00,0.6050141599535401,0.06938584937265585,0.09083750251352427
13-Jan-2000 09:30:00,0.6122515174621526,0.06876354921643713,0.09142832918873868
13-Jan-2000 09:35:00,0.6192490090618883,0.06818433471905685,0.09199596792924307
13-Jan-2000 09:40:00,0.6260155905174881,0.06764771335380716,0.09254152780109189
13-Jan-2000 09:45:00,0.632561580663368,0.06714976624909723,0.0930661990395462
13-Jan-2000 09:50:00,0.6388981273545902,0.06668702148025278,0.09357120773151706
13-Jan-2000 09:55:00,0.6450358265368595,0.06625638329430138,0.0940577156489657
13-Jan-2000 10:00:00,0.6511799022373979,0.06585502930709024,0.09453365114197804
13-Jan-2000 10:05:00,0.6581617959699013,0.06548048519884528,0.09506397063037546
13-Jan-2000 10:10:00,0.6656592910765456,0.06513060107142138,0.09563992652374013
13-Jan-2000 10:15:00,0.6732610206085636,0.06480334563853485,0.09622528745832973
13-Jan-2000 10:20:00,0.6807794294811265,0.06449688198273001,0.0968027590539787
13-Jan-2000 10:25:00,0.6881418073901413,0.06420955578314844,0.09736568437314662
13-Jan-2000 10:30:00,0.6953256223173678,0.06393987253652655,0.09791207198855086
13-Jan-2000 10:35:00,0.7023289451170419,0.06368647800884851,0.09844184735284979
13-Jan-2000 10:40:00,0.7091570171377316,0.06344814219875547,0.09895559652177177
13-Jan-2000 10:45:00,0.715817752973346,0.0632200548151572,0.0994541316842799
13-Jan-2000 10:50:00,0.7223197932477933,0.06300384191327912,0.09993831322244025
13-Jan-2000 10:55:00,0.728672534477183,0.06279989796146157,0.10040902665640974
13-Jan-2000 11:00:00,0.7350959074227689,0.06260731297780067,0.10087419910046322
13-Jan-2000 11:05:00,0.7424181532305494,0.06242529046448958,0.10139580698315728
13-Jan-2000 11:10:00,0.750278936079816,0.06225314465638515,0.10196197337875752
13-Jan-2000 11:15:00,0.7582760690627329,0.06209019853323469,0.10253921295926331
13-Jan-2000 11:20:00,0.7662276672565448,0.061935828170918056,0.10311177997817841
13-Jan-2000 11:25:00,0.7740623212102636,0.06178946319000091,0.10367351744800989
13-Jan-2000 11:30:00,0.7817564660414988,0.06165058047512038,0.10422245299279032
13-Jan-2000 11:35:00,0.789306865135599,0.061518698667149124,0.1047583527249135
13-Jan-2000 11:40:00,0.7967178688667123,0.061393373806768875,0.10528166399161555
13-Jan-2000 11:45:00,0.8039953256226787,0.06127419575419636,0.1057929742431989
13-Jan-2000 11:50:00,0.8111453457815003,0.0611607851185531,0.10629287742185586
13-Jan-2000 11:55:00,0.8181747011513569,0.06105279055397772,0.10678199217278975
13-Jan-2000 12:00:00,0.8253056477955556,0.06094987212969264,0.10726776681895114
13-Jan-2000 12:05:00,0.8333707021354799,0.06085172965342148,0.10780897095826879
13-Jan-2000 12:10:00,0.8420319501573318,0.060758107182413666,0.1083953869860792
13-Jan-2000 12:15:00,0.8508626420139205,0.060668740015567386,0.1089947573526188
13-Jan-2000 12:20:00,0.8596655552500092,0.060583380516303076,0.10959075018724118
13-Jan-2000 12:25:00,0.8683696944265445,0.06050179993440515,0.11017748886873753
13-Jan-2000 12:30:00,0.8769542527833643,0.06042378625184348,0.11075327711039593
13-Jan-2000 12:35:00,0.8854171277878189,0.06034914223203352,0.1113179962550288
13-Jan-2000 12:40:00,0.8937615918545431,0.06027768394583047,0.11187198494564034
13-Jan-2000 12:45:00,0.9019929217759092,0.0602092396059396,0.11241572855969757
13-Jan-2000 12:50:00,0.9101179932297088,0.06014364858486948,0.11294981147118809
13-Jan-2000 12:55:00,0.9181422710833952,0.06008076055212251,0.11347475515187462
13-Jan-2000 13:00:00,0.9258356431045336,0.06002044309481097,0.11398390054487835
13-Jan-2000 13:05:00,0.9323416870293201,0.05996256337149545,0.11441971024355704
13-Jan-2000 13:10:00,0.9380979000250305,0.059906982643787715,0.1147976553273005
13-Jan-2000 13:15:00,0.9435298557230883,0.059853586635146054,0.1151496118327642
13-Jan-2000 13:20:00,0.9488199506166388,0.05980226895241066,0.11548983599759914
13-Jan-2000 13:25:00,0.9540393521345887,0.05975292847882439,0.11582394767688134
13-Jan-2000 13:30:00,0.9592147829243872,0.059705469353726684,0.11615407809902971
13-Jan-2000 13:35:00,0.9643563344903853,0.05965980098814845,0.11648103658896454
13-Jan-2000 13:40:00,0.9694677884199777,0.0596158379042732,0.11680514747877624
13-Jan-2000 13:45:00,0.9745502388400511,0.05957349947898901,0.11712652379018584
13-Jan-2000 13:50:00,0.97960396303825,0.05953270965612815,0.11744521189334364
13-Jan-2000 13:55:00,0.9846289661607104,0.05949293187931801,0.11776123602013108
13-Jan-2000 14:00:00,0.989187217001352,0.059453946481015686,0.11806181345994492
13-Jan-2000 14:05:00,0.9916049846718659,0.05941636027551902,0.11823963623250945
13-Jan-2000 14:10:00,0.9926218146356683,0.05938008904468911,0.11831539408249908
13-Jan-2000 14:15:00,0.9930855228698469,0.059345074240592655,0.11834870992503352
13-Jan-2000 14:20:00,0.9933786088088469,0.059311262940744396,0.11836810774094034
13-Jan-2000 14:25:00,0.9936520627251896,0.05927860410320441,0.11838503219086688
13-Jan-2000 14:30:00,0.9939613410763252,0.0592470485742552,0.1184037500949436
13-Jan-2000 14:35:00,0.9943245177714415,0.05921654935240697,0.11842569842412938
13-Jan-2000 14:40:00,0.994745491940524,0.059187061682308806,0.11845123456486499
13-Jan-2000 14:45:00,0.9952229730041426,0.05915854302498364,0.11848031725973059
13-Jan-2000 14:50:00,0.9957538906341383,0.05913095297086078,0.11851276601213684
13-Jan-2000 14:55:00,0.9963346664765828,0.05910425313240877,0.11854835820820254
13-Jan-2000 15:00:00,0.9967658160103142,0.05907841062602941,0.1185812762709961
13-Jan-2000 15:05:00,0.9962249486327203,0.059053390775999956,0.11855992548422344
13-Jan-2000 15:10:00,0.9950413032488524,0.05902915395324409,0.11849173864790696
13-Jan-2000 15:15:00,0.9936078212680338,0.05900566940165246,0.11840422704303796
13-Jan-2000 15:20:00,0.992115138471116,0.058982908460333355,0.11831125831227002
13-Jan-2000 15:25:00,0.9906451731322463,0.058960843395503275,0.11821893715839409
13-Jan-2000 15:30:00,0.9892298680621131,0.05893944745071379,0.11812970410690092
13-Jan-2000 15:35:00,0.987879678484662,0.0589186949554295,0.11804440671318936
13-Jan-2000 15:40:00,0.9865962032195444,0.0588985613586474,0.11796322927266237
13-Jan-2000 15:45:00,0.985377514754353,0.058879023211622576,0.11788608896314873
13-Jan-2000 15:50:00,0.9842203836518358,0.05886005812720339,0.11781280147233653
13-Jan-2000 15:55:00,0.9831211897609106,0.058841644730792404,0.11774314932545785
13-Jan-2000 16:00:00,0.9819891810760807,0.058823738878692244,0.11767442508785049
13-Jan-2000 16:05:00,0.9804324067694107,0.058801407700897056,0.11758236977288418
13-Jan-2000 16:10:00,0.9785662815829927,0.058778122381159495,0.11746780103047698
13-Jan-2000 16:15:00,0.9765881307775812,0.05875777794317521,0.11734409316508644
13-Jan-2000 16:20:00,0.974598711300233,0.058739932761062694,0.11721864005379275
13-Jan-2000 16:25:00,0.9726409808280575,0.05872367952319283,0.11709468444133433
13-Jan-2000 16:30:00,0.9707311739392184,0.05870840641635385,0.11697349529485712
13-Jan-2000 16:35:00,0.9688740085462269,0.05869378633197864,0.11685548060856618
13-Jan-2000 16:40:00,0.9670694335542452,0.05867966017380555,0.1167406879585309
13-Jan-2000 16:45:00,0.9653155154024001,0.05866595224584647,0.11662902015907096
13-Jan-2000 16:50:00,0.9636096480057578,0.05865262451409419,0.11652032616161247
13-Jan-2000 16:55:00,0.9619490510682535,0.05863965497510043,0.11641443872901264
13-Jan-2000 17:00:00,0.9603309622133168,0.058627028245002606,0.11631118944531438
13-Jan-2000 17:05:00,0.9587527047286399,0.05861473170983287,0.1162104138661647
13-Jan-2000 17:10:00,0.9572117661169716,0.05860275402685841,0.11611195587969902
13-Jan-2000 17:15:00,0.9557057974841598,0.05859108456306344,0.1160156706276619
13-Jan-2000 17:20:00,0.9542325388943085,0.058579713188146205,0.11592141799462596
13-Jan-2000 17:25:00,0.952789893015804,0.058568630194895624,0.11582906681979314
13-Jan-2000 17:30:00,0.9513759686240736,0.05855782626312,0.11573849828419243
13-Jan-2000 17:35:00,0.9499890576263937,0.05854729243770465,0.11564960538868961
13-Jan-2000 17:40:00,0.9486275865434038,0.05853702011125058,0.11556228989531737
13-Jan-2000 17:45:00,0.947290083736634,0.05852700100834889,0.11547646006552253
13-Jan-2000 17:50:00,0.9459751560406636,0.05851722717074463,0.11539202911691142
13-Jan-2000 17:55:00,0.9446814772633924,0.05850769094320237,0.11530891431571935
13-Jan-2000 18:00:00,0.9434077883407151,0.011224360378536758,0.11522703692584066
13-Jan-2000 18:05:00,0.9421528556663111,0.009040571553171891,0.11514632129492625
13-Jan-2000 18:10:00,0.940914270113818,0.00874363881340605,0.11506664595039261
13-Jan-2000 18:15:00,0.9396846649750246,0.008639876002741137,0.11498761981975823
13-Jan-2000 18:20:00,0.9384511886073624,0.008562035067719792,0.11490847246375455
13-Jan-2000 18:25:00,0.9371996480830082,0.008488369011088752,0.11482828612658974
13-Jan-2000 18:30:00,0.9359179321862413,0.008416214587651969,0.11474624191322813
13-Jan-2000 18:35:00,0.9345972824500361,0.008382419805673242,0.11466172667828392
13-Jan-2000 18:40:00,0.9332322210539857,0.008499109861120034,0.11457434193087158
13-Jan-2000 18:45:00,0.9318199744556492,0.008613593355486176,0.11448387025360433
13-Jan-2000 18:50:00,0.9303596919038927,0.008690763927878481,0.11439022911723562
13-Jan-2000 18:55:00,0.9288517599604282,0.00873290209386504,0.1142934215662602
13-Jan-2000 19:00:00,0.927382969785304,0.008747037909706814,0.11419601143143256
13-Jan-2000 19:05:00,0.926342247126861,0.008739556608352662,0.11412270265303215
13-Jan-2000 19:10:00,0.9256154151722645,0.008716528570154798,0.11407277295886539
13-Jan-2000 19:15:00,0.9250037963252181,0.008682471159714749,0.11403234121176964
13-Jan-2000 19:20:00,0.9244057930626622,0.008640582716642685,0.11399371904219713
13-Jan-2000 19:25:00,0.9237780560381859,0.008593170822829755,0.11395353842306766
13-Jan-2000 19:30:00,0.9231041904436913,0.008541919031346582,0.11391048613245412
13-Jan-2000 19:35:00,0.9223794062687907,0.008488057900309928,0.11386414332571694
13-Jan-2000 19:40:00,0.9216037057815979,0.008432484889947939,0.1138144636127495
13-Jan-2000 19:45:00,0.920778980124143,0.008375852274456658,0.11376154914596032
13-Jan-2000 19:50:00,0.9199078012883289,0.008318632369755502,0.11370555705430332
13-Jan-2000 19:55:00,0.9189929287290503,0.008261165864212288,0.11364666109363508
13-Jan-2000 20:00:00,0.9178653541659866,0.008203765474552493,0.11357997046792263
13-Jan-2000 20:05:00,0.915761941970122,0.00814678262969429,0.11345658409358965
13-Jan-2000 20:10:00,0.9129150875067934,0.008090174160935328,0.11327839674045354
13-Jan-2000 20:15:00,0.9097227423760043,0.008033898694407226,0.11307316489729495
13-Jan-2000 20:20:00,0.9063944900288268,0.007977984736436154,0.1128566642638747
13-Jan-2000 20:25:00,0.9030248790273026,0.00792248151454014,0.11263615727889947
13-Jan-2000 20:30:00,0.8996543686152597,0.00786743377091418,0.11241478782561343
13-Jan-2000 20:35:00,0.8962996551269511,0.00781287509494225,0.11219387177428536
13-Jan-2000 20:40:00,0.8929673714243148,0.007758828295248358,0.11197394025041532
13-Jan-2000 20:45:00,0.8896599840682584,0.007705307571749459,0.11175520106092089
13-Jan-2000 20:50:00,0.8863782018978237,0.007652320718985286,0.11153772423665805
13-Jan-2000 20:55:00,0.8831220182762565,0.007599870912721387,0.11132152324498794
13-Jan-2000 21:00:00,0.8796509994729513,0.00754805070282231,0.11109938073867637
13-Jan-2000 21:05:00,0.8748607542164704,0.00749712679952744,0.11079956483450981
13-Jan-2000 21:10:00,0.8690313645541844,0.00744687967823625,0.11042077599140263
13-Jan-2000 21:15:00,0.8627333809222677,0.007397099728015301,0.11000284997413247
13-Jan-2000 21:20:00,0.8562835307221759,0.007347715395374721,0.10956992045876777
13-Jan-2000 21:25:00,0.8498286699804095,0.007298723990182885,0.10913351322863475
13-Jan-2000 21:30:00,0.8434318995611718,0.007250143299733471,0.10869870749413515
13-Jan-2000 21:35:00,0.8371182024760531,0.0072019919160632145,0.10826759816021136
13-Jan-2000 21:40:00,0.8308958096288247,0.007154283577462066,0.10784095544241372
13-Jan-2000 21:45:00,0.8247662665457647,0.007107026673297215,0.10741900152448108
13-Jan-2000 21:50:00,0.8187282109955537,0.0070602252162979525,0.10700172685749297
13-Jan-2000 21:55:00,0.8127791396745704,0.007013879992281087,0.10658902141946625
13-Jan-2000 22:00:00,0.8066347011128386,0.006968139757544749,0.10617197981534622
13-Jan-2000 22:05:00,0.7989343664393495,0.006923499337695549,0.10565941789758654
13-Jan-2000 22:10:00,0.7899132416721906,0.006879627162311462,0.10504146722427844
13-Jan-2000 22:15:00,0.7802589105937892,0.006836104342874913,0.10436653630551941
13-Jan-2000 22:20:00,0.7703902738295498,0.006792764241142798,0.10366733896439075
13-Jan-2000 22:25:00,0.7605164081514965,0.006749602108005324,0.10296078590751646
13-Jan-2000 22:30:00,0.750734410186072,0.006706669247140558,0.10225497029918412
13-Jan-2000 22:35:00,0.7410858300739064,0.006664020658826648,0.10155354054652237
13-Jan-2000 22:40:00,0.7315862642971004,0.006621698374364724,0.10085799593632896
13-Jan-2000 22:45:00,0.7222395516391903,0.0065797299517254835,0.10016887669570847
13-Jan-2000 22:50:00,0.7130440969013716,0.006538131517959587,0.09948626087882119
13-Jan-2000 22:55:00,0.7039954134111981,0.006496911267585463,0.09880996923776958
13-Jan-2000 23:00:00,0.6950323355891321,0.006456133321696898,0.0981379204564098
13-Jan-2000 23:05:00,0.6858471363933369,0.00641597904447115,0.09744852575007197
13-Jan-2000 23:10:00,0.6764460764629229,0.006376296731253624,0.09673584513951385
13-Jan-2000 23:15:00,0.6669714298289082,0.006336934319085466,0.09601012670392918
13-Jan-2000 23:20:00,0.6575238252893657,0.0062978433859073105,0.09527970628790193
13-Jan-2000 23:25:00,0.648156461240661,0.006259029904899366,0.09454928624670374
13-Jan-2000 23:30:00,0.6388943413250522,0.00622051432480647,0.09382117605166763
13-Jan-2000 23:35:00,0.6297475554427521,0.006182314840315184,0.0930964191589608
13-Jan-2000 23:40:00,0.6207177716427362,0.006144443302677397,0.09237534212078516
13-Jan-2000 23:45:00,0.6118026450816587,0.006106905805841536,0.09165788241826955
13-Jan-2000 23:50:00,0.6029984534895937,0.006069704337157881,0.09094383346018013
13-Jan-2000 23:55:00,0.5943010501320842,0.006032838261951651,0.09023295503796754
14-Jan-2000 00:00:00,0.5857052695134087,0.0059963053799878974,0.08952489743371798
14-Jan-2000 00:05:00,0.5772067892888813,0.005960102603273452,0.08881935903411559
14-Jan-2000 00:10:00,0.568801339264133,0.0059242263665168,0.08811604359669273
14-Jan-2000 00:15:00,0.5604838786539872,0.005888672866758128,0.08741459856237524
14-Jan-2000 00:20:00,0.5522492574525367,0.00585343819972029,0.08671462207148782
14-Jan-2000 00:25:00,0.5440932969858299,0.005818518435824003,0.08601576995173961
14-Jan-2000 00:30:00,0.5360122338598089,0.005783909661773037,0.08531774978428416
14-Jan-2000 00:35:00,0.5280016947568943,0.005749608002812943,0.08462020187281623
14-Jan-2000 00:40:00,0.5200583711188591,0.005715609634273404,0.08392282558538454
14-Jan-2000 00:45:00,0.5121837089009479,0.005681910787233306,0.08322561392949988
14-Jan-2000 00:50:00,0.5043779352229771,0.005648507750985609,0.08252876451849399
14-Jan-2000 00:55:00,0.4966332585008867,0.005615396873782742,0.08183164314597753
14-Jan-2000 01:00:00,0.4889444294822096,0.005582574562656321,0.08113368209306207
14-Jan-2000 01:05:00,0.4813090744842082,0.005550037282771296,0.0804346229980778
14-Jan-2000 01:10:00,0.473723681768224,0.0055177815565181235,0.07973414463321779
14-Jan-2000 01:15:00,0.4661844938902448,0.005485803962500862,0.07903183619324576
14-Jan-2000 01:20:00,0.45868923554150104,0.0054541011344700395,0.07832741484805755
14-Jan-2000 01:25:00,0.45123611631738436,0.005422669760241667,0.07762064509399162
14-Jan-2000 01:30:00,0.44382310271892245,0.005391506580625779,0.0769112872523998
14-Jan-2000 01:35:00,0.4364473222472457,0.005360608388364131,0.07619898242583348
14-Jan-2000 01:40:00,0.429107628977773,0.00532997202709408,0.07548350675148971
14-Jan-2000 01:45:00,0.42180326529775836,0.005299594390325364,0.07476469119749217
14-Jan-2000 01:50:00,0.41453324687947446,0.005269472420454912,0.07404235476046175
14-Jan-2000 01:55:00,0.407296799885681,0.005239603107789619,0.07331628190295277
14-Jan-2000 02:00:00,0.4000943685301661,0.0052099834896010555,0.07258641088980931
14-Jan-2000 02:05:00,0.3929254854816665,0.005180610649198297,0.07185258280869734
14-Jan-2000 02:10:00,0.38581500286053555,0.005151481715024709,0.07111641170027853
14-Jan-2000 02:15:00,0.37876260326282396,0.0051225938597789095,0.07037914351862459
14-Jan-2000 02:20:00,0.37175055818240355,0.005093944299550551,0.06963863277272349
14-Jan-2000 02:25:00,0.3647714919008312,0.005065530292979576,0.0688938152026203
14-Jan-2000 02:30:00,0.3578227593072037,0.005037349140443201,0.06814418777602045
14-Jan-2000 02:35:00,0.35090316418275463,0.00500939818325647,0.06738943485224744
14-Jan-2000 02:40:00,0.3440136099315927,0.0049816748028778945,0.06662942903459981
14-Jan-2000 02:45:00,0.33715611326582384,0.0049541764201372525,0.06586419649498133
14-Jan-2000 02:50:00,0.3303336559598597,0.004926900494494938,0.06509387685667425
14-Jan-2000 02:55:00,0.32354795071694936,0.004899844523315567,0.06431852156121999
14-Jan-2000 03:00:00,0.31685606856995485,0.004872955729779694,0.06354083429928356
14-Jan-2000 03:05:00,0.3105734567517533,0.004846118267845376,0.06279433175230213
14-Jan-2000 03:10:00,0.3047071026152916,0.004819458557261289,0.06209136441751092
14-Jan-2000 03:15:00,0.2991062778697612,0.004793057382268483,0.06141603076186097
14-Jan-2000 03:20:00,0.2936590445446622,0.004766927001460151,0.06075424897534852
14-Jan-2000 03:25:00,0.2883035484934418,0.004741054001709725,0.06009769320592165
14-Jan-2000 03:30:00,0.2830102468505887,0.004715420708155536,0.0594421816777707
14-Jan-2000 03:35:00,0.2777676767834141,0.004690012164088836,0.05878591640534734
14-Jan-2000 03:40:00,0.2725734954737103,0.004664817251870006,0.058128413516301755
14-Jan-2000 03:45:00,0.26742913819804304,0.0046398280220736,0.05746971999824509
14-Jan-2000 03:50:00,0.2623381602600753,0.004615038748054395,0.05681020779739274
14-Jan-2000 03:55:00,0.2573059808367743,0.0045904451516497425,0.05615051859544434
14-Jan-2000 04:00:00,0.2525363092425724,0.004565957002530225,0.05550229307695518
14-Jan-2000 04:05:00,0.24910496638700136,0.004541388419940739,0.05499886753306399
14-Jan-2000 04:10:00,0.24691157500180522,0.004516944601488259,0.05467341626513684
14-Jan-2000 04:15:00,0.24540055296128369,0.004492750310496787,0.054453637411810564
14-Jan-2000 04:20:00,0.24420539901190616,0.004468830248403512,0.05428459780236449
14-Jan-2000 04:25:00,0.24313553041378266,0.004445171566335862,0.05413639586338444
14-Jan-2000 04:30:00,0.24210263681364852,0.004421753148758237,0.053994647142240025
14-Jan-2000 04:35:00,0.2410710254079894,0.004398555601019864,0.053853437535497484
14-Jan-2000 04:40:00,0.24003029289017022,0.004375563565373926,0.05371079415648191
14-Jan-2000 04:45:00,0.23898128686615697,0.004352765498208488,0.05356838812098406
14-Jan-2000 04:50:00,0.23792926353349692,0.004330152833873924,0.05342361671019236
14-Jan-2000 04:55:00,0.23688070140865486,0.004307719165080447,0.053278260899949366
14-Jan-2000 05:00:00,0.23608179370030774,0.004285415424585707,0.05314703965470612
14-Jan-2000 05:05:00,0.23671225322836492,0.004263131461773534,0.05318314725305066
14-Jan-2000 05:10:00,0.2385011657792213,0.004240967153804847,0.05340189065935989
14-Jan-2000 05:15:00,0.2408089427655925,0.004218994307337254,0.05371382784668057
14-Jan-2000 05:20:00,0.24327449055349806,0.004197230829216331,0.05404989721625051
14-Jan-2000 05:25:00,0.245733353856472,0.0041756721307603765,0.0543872347053597
14-Jan-2000 05:30:00,0.24812099160573137,0.004154307607957269,0.05471175078109567
14-Jan-2000 05:35:00,0.2504187404384518,0.004133126671961759,0.0550238664257569
14-Jan-2000 05:40:00,0.25262743538051063,0.004112120395534488,0.05532218459070926
14-Jan-2000 05:45:00,0.2547552724339254,0.0040912816405620864,0.055607880364138766
14-Jan-2000 05:50:00,0.25681247624008763,0.004070604763686596,0.05588247443765168
14-Jan-2000 05:55:00,0.25880908997394664,0.004050085269336849,0.05614747023062126
14-Jan-2000 06:00:00,0.26093100326948365,0.06477071323780392,0.05641420079995589
14-Jan-2000 06:05:00,0.2639786092507279,0.0605989659305906,0.05678351363189233
14-Jan-2000 06:10:00,0.26772725902531863,0.05904296580504165,0.05725478372962003
14-Jan-2000 06:15:00,0.27175608162355164,0.05843020895543712,0.057767572344574025
14-Jan-2000 06:20:00,0.2758584409494706,0.05819277045663645,0.05828901726402381
14-Jan-2000 06:25:00,0.27997036692036614,0.05810405718477293,0.05880785224981153
14-Jan-2000 06:30:00,0.28409326042696376,0.05807216549137114,0.05932315587417964
14-Jan-2000 06:35:00,0.2882481712139086,0.05806103305678021,0.05983722772326935
14-Jan-2000 06:40:00,0.29247981298393255,0.058057095686717436,0.0603552616178663
14-Jan-2000 06:45:00,0.2967821848761481,0.05805549538446563,0.060878036227289864
14-Jan-2000 06:50:00,0.3011387313419303,0.05805459030050125,0.06140325807726404
14-Jan-2000 06:55:00,0.30553668868651923,0.05805386573760378,0.06192927923537884
14-Jan-2000 07:00:00,0.3101605074750821,0.05805677025950673,0.062464661797529165
14-Jan-2000 07:05:00,0.31585059992979203,0.0580590597217802,0.06310627889265331
14-Jan-2000 07:10:00,0.322276943806441,0.058059551089469384,0.06384145961624435
14-Jan-2000 07:15:00,0.3289672208684692,0.058059331698136235,0.06460762667854486
14-Jan-2000 07:20:00,0.3356900686498344,0.05805883407529685,0.06537246942991176
14-Jan-2000 07:25:00,0.3423499402387843,0.05805823032240684,0.06612297720124476
14-Jan-2000 07:30:00,0.3489112917923428,0.05805758891381186,0.06685468973964274
14-Jan-2000 07:35:00,0.35536387874274017,0.05805693705699566,0.06756668999502426
14-Jan-2000 07:40:00,0.36170739627307197,0.058056285523502865,0.0682594056589314
14-Jan-2000 07:45:00,0.36794586388344114,0.05805563853907505,0.06893378164385275
14-Jan-2000 07:50:00,0.374083736148406,0.05805499772313716,0.06959083746604343
14-Jan-2000 07:55:00,0.3801252544231407,0.058054363658025,0.07023150789966054
14-Jan-2000 08:00:00,0.38607464105967493,0.058053736514056584,0.07085667420213138
14-Jan-2000 08:05:00,0.3919362382573136,0.0580531162985032,0.07146719943476132
14-Jan-2000 08:10:00,0.39771403193583477,0.05805250295473256,0.07206387071581423
14-Jan-2000 08:15:00,0.40341111893757187,0.058051896401701636,0.0726473679838458
14-Jan-2000 08:20:00,0.40903014503909935,0.05805129654964737,0.07321827822359259
14-Jan-2000 08:25:00,0.4145735627688656,0.05805070330633148,0.07377714367119366
14-Jan-2000 08:30:00,0.42004364922163767,0.058050116579501376,0.07432446640035018
14-Jan-2000 08:35:00,0.42544288477621023,0.05804953627784618,0.07486073494846536
14-Jan-2000 08:40:00,0.4307735303838442,0.05804896231137476,0.07538642331012954
14-Jan-2000 08:45:00,0.4360373376754928,0.05804839459152308,0.0759019262402555
14-Jan-2000 08:50:00,0.4412359981542557,0.05804783303120295,0.07640761245484116
14-Jan-2000 08:55:00,0.4463714746965484,0.05804727754478704,0.07690386193400503
14-Jan-2000 09:00:00,0.4515415071027397,0.0580467280095613,0.07739506053267538
14-Jan-2000 09:05:00,0.45715963312603586,0.0580461843413189,0.07792024237882031
14-Jan-2000 09:10:00,0.4630743984184096,0.05804564652999576,0.07847525175889876
14-Jan-2000 09:15:00,0.4690686756475926,0.05804511448987366,0.07903711462214526
14-Jan-2000 09:20:00,0.4750367720825413,0.0580445881299496,0.07959402464898868
14-Jan-2000 09:25:00,0.4809356313089279,0.05804406736558463,0.08014122863409896
14-Jan-2000 09:30:00,0.4867507251857936,0.058043552117249944,0.08067720334477392
14-Jan-2000 09:35:00,0.49247889627885044,0.058043042308624136,0.08120174689956242
14-Jan-2000 09:40:00,0.49812131372466184,0.05804253786550321,0.08171512509964911
14-Jan-2000 09:45:00,0.5036812669640787,0.058042038715268175,0.08221781429042588
14-Jan-2000 09:50:00,0.5091625827902656,0.05804154478664189,0.08271035346494379
14-Jan-2000 09:55:00,0.5145684702626885,0.05804105600957687,0.08319321725102247
14-Jan-2000 10:00:00,0.5200957294818955,0.0580405722486154,0.08367444716124364
14-Jan-2000 10:05:00,0.5265676814854906,0.05804009343471912,0.08422616918619977
14-Jan-2000 10:10:00,0.5336712761206815,0.05803961962351734,0.08483929464977608
14-Jan-2000 10:15:00,0.5409786825658307,0.05803915073875868,0.08547156302640697
14-Jan-2000 10:20:00,0.5482860125282528,0.05803868669468216,0.08610171103564765
14-Jan-2000 10:25:00,0.5555108068399193,0.058038227415465236,0.0867212111345596
14-Jan-2000 10:30:00,0.5626261647105316,0.05803777283284129,0.0873272816383743
14-Jan-2000 10:35:00,0.569629206737287,0.058037322882829395,0.08791975176068566
14-Jan-2000 10:40:00,0.5765189335557044,0.05803687750390905,0.08849878734953133
14-Jan-2000 10:45:00,0.5832975231658135,0.0580364366361395,0.08906478449875595
14-Jan-2000 10:50:00,0.5899689508325869,0.058036000220787407,0.08961829318041677
14-Jan-2000 10:55:00,0.5965380190702894,0.05803556820014895,0.09015992986410895
14-Jan-2000 11:00:00,0.6032113364031071,0.05803514046021879,0.09069764579151611
14-Jan-2000 11:05:00,0.6108259519661774,0.058034716945028125,0.09129994497007306
14-Jan-2000 11:10:00,0.6190323158631785,0.05803429770395283,0.09195525069305294
14-Jan-2000 11:15:00,0.6274125725064833,0.05803388267304279,0.09262494072201219
14-Jan-2000 11:20:00,0.6357750192375968,0.05803347178082591,0.09329056416255872
14-Jan-2000 11:25:00,0.644043990361011,0.05803306496443231,0.09394492084410888
14-Jan-2000 11:30:00,0.6521931086837769,0.05803266216736984,0.09458563399646583
14-Jan-2000 11:35:00,0.660216408570179,0.05803226333670947,0.0952122950940032
14-Jan-2000 11:40:00,0.6681164540302736,0.05803186842154027,0.095825278457143
14-Jan-2000 11:45:00,0.6758989952774014,0.058031477372238786,0.09642526493452852
14-Jan-2000 11:50:00,0.6835696902401983,0.058031090140153625,0.09701293444645516
14-Jan-2000 11:55:00,0.6911339808057096,0.05803070667745737,0.09758892282680603
14-Jan-2000 12:00:00,0.6988137263793871,0.058030326887599286,0.09816130221537236
14-Jan-2000 12:05:00,0.7074395911959666,0.05802995072492933,0.09879416450515227
14-Jan-2000 12:10:00,0.71663537339947,0.0580295782333723,0.0994739214580807
14-Jan-2000 12:15:00,0.7259947808173782,0.05802920935895906,0.10016565927839953
14-Jan-2000 12:20:00,0.7353359314373378,0.05802884404174905,0.10085317786091882
14-Jan-2000 12:25:00,0.7445866229442781,0.0580284822292784,0.10153015789904697
14-Jan-2000 12:30:00,0.7537221185313292,0.058028123874492465,0.10219452929385665
14-Jan-2000 12:35:00,0.7627379057406264,0.058027768933325646,0.1028460132831687
14-Jan-2000 12:40:00,0.7716365937100866,0.05802741736337923,0.10348497308270652
14-Jan-2000 12:45:00,0.7804229879427352,0.05802706912330974,0.10411196968320126
14-Jan-2000 12:50:00,0.7891029849253398,0.058026724172563035,0.10472760744961579
14-Jan-2000 12:55:00,0.7976826419947572,0.05802638247126102,0.10533253161752162
14-Jan-2000 13:00:00,0.8059504376659719,0.05802604402368843,0.10592030950523873
14-Jan-2000 13:05:00,0.8130915965014958,0.05802570879140985,0.10643282544378338
14-Jan-2000 13:10:00,0.8194863458384346,0.05802537665684717,0.10688339757409533
14-Jan-2000 13:15:00,0.8255427786170079,0.058025047589911616,0.10730454505628244
14-Jan-2000 13:20:00,0.8314498444876626,0.05802472156746019,0.10771196103478675
14-Jan-2000 13:25:00,0.8372870475873804,0.05802439856098727,0.10811231390530726
14-Jan-2000 13:30:00,0.8430864103447974,0.058024078538286,0.10850831308613428
14-Jan-2000 13:35:00,0.8488608213358104,0.058023761465561555,0.10890106201340878
14-Jan-2000 13:40:00,0.8546145999825695,0.05802344730859664,0.10929097096423869
14-Jan-2000 13:45:00,0.8603486709918763,0.0580231360332763,0.1096781629214419
14-Jan-2000 13:50:00,0.8660626380384515,0.05802282760581719,0.11006265195155508
14-Jan-2000 13:55:00,0.8717556487200675,0.05802252199285991,0.11044441177081112
14-Jan-2000 14:00:00,0.8770272045335877,0.05802221924183968,0.11081109008964923
14-Jan-2000 14:05:00,0.8802880488369167,0.05802191932388804,0.11105563852512393
14-Jan-2000 14:10:00,0.8821575049491137,0.05802162205800107,0.1111933666793364
14-Jan-2000 14:15:00,0.8834370972589203,0.05802132742425759,0.11128353314734993
14-Jan-2000 14:20:00,0.8845159027893835,0.05802103541721046,0.11135663464265351
14-Jan-2000 14:25:00,0.8855592566847792,0.05802074602139047,0.11142582703772841
14-Jan-2000 14:30:00,0.8866327490623835,0.058020459213804415,0.11149639557393813
14-Jan-2000 14:35:00,0.8877598291929312,0.05802017496781203,0.11157027794949045
14-Jan-2000 14:40:00,0.8889466721489222,0.0580198932553559,0.11164803292483291
14-Jan-2000 14:45:00,0.8901925907689096,0.05801961404800395,0.11172966805166513
14-Jan-2000 14:50:00,0.8914943140621883,0.05801933731740515,0.11181498078775699
14-Jan-2000 14:55:00,0.8928477187015699,0.05801906303547454,0.1119036969205549
14-Jan-2000 15:00:00,0.8940683489616791,0.05801879121223737,0.1119901217929205
14-Jan-2000 15:05:00,0.894371271069857,0.05801852182285607,0.11202289636147836
14-Jan-2000 15:10:00,0.8940114876835795,0.05801825476967518,0.11200547145868273
14-Jan-2000 15:15:00,0.8933858118936352,0.05801799003087426,0.1119663604031383
14-Jan-2000 15:20:00,0.8926938204968992,0.05801772759223008,0.11192097365314578
14-Jan-2000 15:25:00,0.8920208869801706,0.05801746743510098,0.11187605360481324
14-Jan-2000 15:30:00,0.8914001220020514,0.05801720953742794,0.1118342783857499
14-Jan-2000 15:35:00,0.8908422050752761,0.05801695387553453,0.11179656404808419
14-Jan-2000 15:40:00,0.8903485382670697,0.05801670042519322,0.11176309155309695
14-Jan-2000 15:45:00,0.8899168475449587,0.058016449162129384,0.11173374683756233
14-Jan-2000 15:50:00,0.8895435183939873,0.05801620006224178,0.11170830520310769
14-Jan-2000 15:55:00,0.8892245525322217,0.05801595310169021,0.11168650724220934
14-Jan-2000 16:00:00,0.8888696234647646,0.05801570827437407,0.11166550479501074
14-Jan-2000 16:05:00,0.8880897969728921,0.05801517916324337,0.11161995801913231
14-Jan-2000 16:10:00,0.8869988642679691,0.05801237167546819,0.1115506629817552
14-Jan-2000 16:15:00,0.8857922930297919,0.05800977487367924,0.11147158792460783
14-Jan-2000 16:20:00,0.8845700667955817,0.05800815611819385,0.11139046774673857
14-Jan-2000 16:25:00,0.8833748132337449,0.05800723743268569,0.11131069322177436
14-Jan-2000 16:30:00,0.8822225539204722,0.05800669852675301,0.11123358332472681
14-Jan-2000 16:35:00,0.881117816713409,0.05800634111574459,0.11115955131983937
14-Jan-2000 16:40:00,0.880060381254259,0.05800606418592586,0.11108863176063863
14-Jan-2000 16:45:00,0.8790482817305496,0.058005821432174066,0.11102071313365494
14-Jan-2000 16:50:00,0.8780794404086354,0.058005593111100005,0.11095565845996445
14-Jan-2000 16:55:00,0.8771520930766065,0.05800537127567549,0.110893353417949
14-Jan-2000 17:00:00,0.8762642902224269,0.0580051528848612,0.11083367694634776
14-Jan-2000 17:05:00,0.8754137700019198,0.05800493682785889,0.11077648611591565
14-Jan-2000 17:10:00,0.8745981098004025,0.05800472271445755,0.11072162436237938
14-Jan-2000 17:15:00,0.8738148839494354,0.058004510408998455,0.11066893270373691
14-Jan-2000 17:20:00,0.8730617459556577,0.058004299860126535,0.11061825624327933
14-Jan-2000 17:25:00,0.8723364601732793,0.05800409104212483,0.11056944683213644
14-Jan-2000 17:30:00,0.8716369081269899,0.058003883936129,0.11052236377934009
14-Jan-2000 17:35:00,0.8709610881793963,0.05800367852471855,0.11047687387859499
14-Jan-2000 17:40:00,0.8703071153544841,0.05800347479063507,0.11043285145017814
14-Jan-2000 17:45:00,0.8696732164613897,0.05800327271661834,0.11039017814242318
14-Jan-2000 17:50:00,0.8690577214837955,0.05800307228546987,0.11034874232192464
14-Jan-2000 17:55:00,0.8684590655776009,0.05800287348012551,0.11030843921511121
14-Jan-2000 18:00:00,0.8678757797844662,0.008848280350760837,0.11026917039193176
14-Jan-2000 18:05:00,0.8673064441447179,0.004519221399747662,0.11023084239956597
14-Jan-2000 18:10:00,0.8667484610936197,0.002944457075952419,0.11019331466980946
14-Jan-2000 18:15:00,0.8661941820467262,0.002248637184836411,0.11015616068170181
14-Jan-2000 18:20:00,0.8656303561578281,0.0019282265961431222,0.11011855037475993
14-Jan-2000 18:25:00,0.8650423022372761,0.0017846286126979895,0.11007949436158229
14-Jan-2000 18:30:00,0.8644174257366021,0.001725186552513891,0.11003810608355166
14-Jan-2000 18:35:00,0.8637465942567728,0.0017008738500122564,0.10999372076064773
14-Jan-2000 18:40:00,0.8630240960469153,0.001688916896651342,0.10994590746351536
14-Jan-2000 18:45:00,0.8622469878164606,0.0016806029587107787,0.10989443025686717
14-Jan-2000 18:50:00,0.8614143837465563,0.0016732457939747753,0.10983919996468382
14-Jan-2000 18:55:00,0.860526841364343,0.0016661724443263223,0.10978023174987182
14-Jan-2000 19:00:00,0.859671087367952,0.0016592359719966778,0.10972019508981348
14-Jan-2000 19:05:00,0.8592347727523018,0.001716938836673415,0.10968469955933262
14-Jan-2000 19:10:00,0.8591040837017926,0.001822203045225768,0.10967300368006822
14-Jan-2000 19:15:00,0.8590809477644569,0.0018931815342997287,0.10967069315798532
14-Jan-2000 19:20:00,0.8590640254264377,0.0019249032951091716,0.10966978184689673
14-Jan-2000 19:25:00,0.8590101399149239,0.0019304400207763675,0.10966677726657109
14-Jan-2000 19:30:00,0.8589030931421368,0.001922105365255723,0.10966032836933183
14-Jan-2000 19:35:00,0.8587383245087505,0.0019160978404600415,0.10965001755690346
14-Jan-2000 19:40:00,0.8585160823482743,0.0019223541831304757,0.10963581599265586
14-Jan-2000 19:45:00,0.8582385057701845,0.0019280051803063562,0.10961784938652008
14-Jan-2000 19:50:00,0.8579084073032546,0.001931016608441627,0.10959629991936144
14-Jan-2000 19:55:00,0.85752877465571,0.0019316300726182427,0.10957136598407301
14-Jan-2000 20:00:00,0.8569312686056391,0.0019303965773789327,0.10953802080685665
14-Jan-2000 20:05:00,0.8553554631646497,0.0019278518481281686,0.10944577427685036
14-Jan-2000 20:10:00,0.8530336538370731,0.0019242211587487358,0.109296609669854
14-Jan-2000 20:15:00,0.8503631900200282,0.0019197097730755976,0.10911927930868137
14-Jan-2000 20:20:00,0.8475536855619813,0.0019145252161261038,0.1089301485806469
14-Jan-2000 20:25:00,0.8446998520254536,0.0019088436538003768,0.10873676224240274
14-Jan-2000 20:30:00,0.8418422442604498,0.0019028024797862228,0.1085423879249885
14-Jan-2000 20:35:00,0.8389976548055851,0.0018965051532188865,0.10834839517661768
14-Jan-2000 20:40:00,0.8361726073298903,0.0018900284795163066,0.10815533030314692
14-Jan-2000 20:45:00,0.8333694299785463,0.001883429136943786,0.10796339683001045
14-Jan-2000 20:50:00,0.8305887153064064,0.0018767488326256263,0.10777265819424192
14-Jan-2000 20:55:00,0.8278303399432984,0.0018700182055240426,0.10758311901177915
14-Jan-2000 21:00:00,0.8248539954952026,0.0018632700731389706,0.10738732921775998
14-Jan-2000 21:05:00,0.8205567116132438,0.0018565487035450752,0.10711121438934704
14-Jan-2000 21:10:00,0.8152184385417044,0.0018498404046690066,0.10675339605525663
14-Jan-2000 21:15:00,0.8094097442658289,0.0018431328969340465,0.10635508381981786
14-Jan-2000 21:20:00,0.8034477043621486,0.0018364273067887028,0.1059412875365374
14-Jan-2000 21:25:00,0.7974792470941852,0.0018297298318658316,0.10552394334273571
14-Jan-2000 21:30:00,0.7915674336188264,0.0018230469429798856,0.10510830512304671
14-Jan-2000 21:35:00,0.7857372158919504,0.0018163838784089775,0.10469654224317688
14-Jan-2000 21:40:00,0.7799967995365837,0.0018097444910067338,0.10428944741952295
14-Jan-2000 21:45:00,0.7743472311758364,0.0018031314868425115,0.10388722675508869
14-Jan-2000 21:50:00,0.7687866085671662,0.0017965467130224557,0.10348982439255068
14-Jan-2000 21:55:00,0.7633121144759272,0.0017899913993447414,0.10309710494018233
14-Jan-2000 22:00:00,0.757638372563287,0.00178348202138736,0.10269982644584037
14-Jan-2000 22:05:00,0.7504036984112822,0.0017770700949957976,0.10220366830833819
14-Jan-2000 22:10:00,0.7418448563530093,0.0017707198979521202,0.10159841402254602
14-Jan-2000 22:15:00,0.7326502287345698,0.0017643880242292646,0.10093416670782529
14-Jan-2000 22:20:00,0.7232393856846491,0.0017580594409311388,0.10024479325728955
14-Jan-2000 22:25:00,0.7138220816104669,0.0017517361621911351,0.09954785095506113
14-Jan-2000 22:30:00,0.7044946497725851,0.0017454250859202712,0.09885166055400639
14-Jan-2000 22:35:00,0.6952993931235462,0.001739132613419024,0.09816002865092496
14-Jan-2000 22:40:00,0.6862526509044091,0.0017328633250555266,0.0974745886255733
14-Jan-2000 22:45:00,0.6773577813851259,0.001726620135662245,0.09679587286544412
14-Jan-2000 22:50:00,0.6686128953610866,0.0017204047688575868,0.0961239409756481
14-Jan-2000 22:55:00,0.6600135995959648,0.0017142181783332525,0.09545861590838751
14-Jan-2000 23:00:00,0.6514975352680283,0.0017080685081277372,0.09479769286137738
14-Jan-2000 23:05:00,0.6427551310573942,0.0017019765103025522,0.09411866821002086
14-Jan-2000 23:10:00,0.6337937374878784,0.0016959216043412088,0.09341540775447033
14-Jan-2000 23:15:00,0.6247566868408779,0.0016898871028297163,0.0926986009315846
14-Jan-2000 23:20:00,0.615744279499041,0.001683870054554854,0.09197687467721344
14-Jan-2000 23:25:00,0.6068099195689353,0.0016778800404049746,0.0912550975102081
14-Jan-2000 23:30:00,0.5979787252680213,0.001671916121025884,0.09053568654236598
14-Jan-2000 23:35:00,0.5892596985198824,0.0016659776497449123,0.08981965316931084
14-Jan-2000 23:40:00,0.5806547511696503,0.0016600656805206733,0.08910731308261198
14-Jan-2000 23:45:00,0.5721624507099158,0.0016541809692332487,0.08839868434358208
14-Jan-2000 23:50:00,0.5637791502280545,0.001648323886163653,0.08769358836851408
14-Jan-2000 23:55:00,0.55549954484041,0.0016424945526817309,0.08699167551151317
15-Jan-2000 00:00:00,0.5473185006240354,0.0016366929505704977,0.08629257341051702
15-Jan-2000 00:05:00,0.5392315567816977,0.0016309189875960523,0.08559596025499228
15-Jan-2000 00:10:00,0.5312335766094546,0.0016251725336102816,0.08490147015666417
15-Jan-2000 00:15:00,0.5233198146685234,0.0016194534396683636,0.08420871556246674
15-Jan-2000 00:20:00,0.5154861834433944,0.0016137615479446977,0.08351737519373255
15-Jan-2000 00:25:00,0.5077302742198949,0.0016080966967894333,0.08282719542479937
15-Jan-2000 00:30:00,0.5000534905948971,0.0016024587232834786,0.08213835169546951
15-Jan-2000 00:35:00,0.49244917050732373,0.0015968474645086208,0.0814504032339341
15-Jan-2000 00:40:00,0.4849105576251639,0.0015912627581799188,0.08076271740145219
15-Jan-2000 00:45:00,0.4774326807097698,0.0015857044429530309,0.08007481759844116
15-Jan-2000 00:50:00,0.47001094112927366,0.0015801723585648594,0.07938626294081606
15-Jan-2000 00:55:00,0.4626430402903387,0.001574666345903157,0.07869676226871203
15-Jan-2000 01:00:00,0.45532738304816345,0.0015691862470303363,0.07800615865932614
15-Jan-2000 01:05:00,0.44806102982444307,0.001563731905194422,0.07731416223612424
15-Jan-2000 01:10:00,0.44083992901511054,0.0015583031648212908,0.07662036923027347
15-Jan-2000 01:15:00,0.433660808338793,0.0015528998715116924,0.07592436970947178
15-Jan-2000 01:20:00,0.4265218481101519,0.0015475218720316767,0.07522591022802026
15-Jan-2000 01:25:00,0.4194215226732491,0.0015421690143059103,0.07452476584556722
15-Jan-2000 01:30:00,0.41235781684412365,0.0015368411473988609,0.07382067784617011
15-Jan-2000 01:35:00,0.4053293367112087,0.0015315381215149715,0.07311338203116924
15-Jan-2000 01:40:00,0.398336149233586,0.0015262597879808996,0.07240277915330834
15-Jan-2000 01:45:00,0.3913774299147251,0.001521005999239763,0.07168871146391874
15-Jan-2000 01:50:00,0.38447204792384126,0.001515776608835453,0.07097227729667832
15-Jan-2000 01:55:00,0.3776262189570886,0.0015105714714104786,0.07025518410277228
15-Jan-2000 02:00:00,0.37082089262025525,0.0015053904426889147,0.06953531412282096
15-Jan-2000 02:05:00,0.36404750981219036,0.0015002333794695002,0.06881148283854562
15-Jan-2000 02:10:00,0.35730244910650283,0.0014951001396153328,0.06808309455385582
15-Jan-2000 02:15:00,0.35058363540224324,0.001489990582045692,0.06734974406372427
15-Jan-2000 02:20:00,0.3438910816334001,0.0014849045667236296,0.06661122178216425
15-Jan-2000 02:25:00,0.3372257496142994,0.0014798419546483287,0.0658674468747748
15-Jan-2000 02:30:00,0.3305895369364589,0.0014748026078457393,0.06511843209255329
15-Jan-2000 02:35:00,0.32398349656659814,0.0014697863893594926,0.06436415518142564
15-Jan-2000 02:40:00,0.3174095267615736,0.0014647931632408302,0.06360458674854001
15-Jan-2000 02:45:00,0.3108705840621996,0.0014598227945384077,0.06283989969113449
15-Jan-2000 02:50:00,0.30436825008149293,0.0014548751492935628,0.06207011467804933
15-Jan-2000 02:55:00,0.29790429249756056,0.001449950094526809,0.061295244575125855
15-Jan-2000 03:00:00,0.2915358291014014,0.001445046826308516,0.060518095600019424
15-Jan-2000 03:05:00,0.2855823119908501,0.0014408310631264993,0.059774275621455146
15-Jan-2000 03:10:00,0.2800495044984947,0.0014370721955376572,0.05907692141460282
15-Jan-2000 03:15:00,0.274784241210021,0.0014333354710010717,0.058409097531252646
15-Jan-2000 03:20:00,0.2696736284786964,0.0014296079880524873,0.05775585770593916
15-Jan-2000 03:25:00,0.26465539483035627,0.0014258898414398165,0.05710843175277265
15-Jan-2000 03:30:00,0.2596998802368298,0.00142218171714603,0.05646237771219441
15-Jan-2000 03:35:00,0.2547958184183864,0.0014184841932350543,0.05581585086621927
15-Jan-2000 03:40:00,0.24994130579446017,0.0014147976567080304,0.05516837053282589
15-Jan-2000 03:45:00,0.24513911658272758,0.0014111223371650247,0.054520175366240486
15-Jan-2000 03:50:00,0.24039416049071125,0.0014074583559418952,0.053871621398921876
15-Jan-2000 03:55:00,0.2357117118966191,0.0014038057655545498,0.05323388154224779
15-Jan-2000 04:00:00,0.23129806338271203,0.001400174758990731,0.05259888894847186
15-Jan-2000 04:05:00,0.22824015833200975,0.0013965829246725366,0.052116338392073726
15-Jan-2000 04:10:00,0.22642484777607105,0.0013930019389656633,0.051823872673708526
15-Jan-2000 04:15:00,0.2252853108263171,0.0013894233119492647,0.05164387844024757
15-Jan-2000 04:20:00,0.2244513353170414,0.0013858472679262122,0.05151708858909893
15-Jan-2000 04:25:00,0.22373215519351994,0.0013822756800690758,0.05141138928863391
15-Jan-2000 04:30:00,0.22304068188658788,0.0013787103827835193,0.05131160018790108
15-Jan-2000 04:35:00,0.2223428118952262,0.0013751528083603393,0.051211453150958784
15-Jan-2000 04:40:00,0.22162963633819452,0.001371603984561343,0.0511090203255008
15-Jan-2000 04:45:00,0.22090326331802804,0.001368064618151081,0.05100432451978027
15-Jan-2000 04:50:00,0.2201699185492411,0.0013645351819056865,0.05089816529643192
15-Jan-2000 04:55:00,0.21943674461310103,0.001361015984373738,0.05079156364149439
15-Jan-2000 05:00:00,0.2189533445551639,0.001357511612066171,0.050699620597209186
15-Jan-2000 05:05:00,0.21990831604711042,0.0013540318145673952,0.05078390771561767
15-Jan-2000 05:10:00,0.22201802249836886,0.0013505641291115433,0.051059309425728505
15-Jan-2000 05:15:00,0.22463380217299134,0.0013471033424199601,0.0514249569079997
15-Jan-2000 05:20:00,0.22739289322810982,0.0013436489888976131,0.05181777170675531
15-Jan-2000 05:25:00,0.23013261851400124,0.0013402017486324087,0.05220876914551494
15-Jan-2000 05:30:00,0.2327910769179204,0.0013367624258622765,0.05258676056925878
15-Jan-2000 05:35:00,0.2353520071301564,0.0013333316952213047,0.05294865815890801
15-Jan-2000 05:40:00,0.23781812192747093,0.0013299100668550967,0.053294735157404384
15-Jan-2000 05:45:00,0.24019897563066403,0.001326497908979076,0.053628276665678064
15-Jan-2000 05:50:00,0.24250586729630536,0.001323095479772125,0.05395064538684223
15-Jan-2000 05:55:00,0.24474950096779166,0.0013197029555105557,0.05425920847389984
15-Jan-2000 06:00:00,0.24711773137333895,0.06476355272264689,0.05456727649614927
15-Jan-2000 06:05:00,0.2504157556400391,0.060555503341258914,0.05498295219991949
15-Jan-2000 06:10:00,0.25441287573392013,0.05897972596283932,0.05550267761135137
15-Jan-2000 06:15:00,0.2586839701942273,0.05836049944977954,0.05606363700976626
15-Jan-2000 06:20:00,0.263021341159426,0.058120697754932914,0.05663167151011122
15-Jan-2000 06:25:00,0.26736208148302953,0.058031414090644336,0.05719529982556484
15-Jan-2000 06:30:00,0.2717092781343217,0.057999711581521826,0.057753814459686734
15-Jan-2000 06:35:00,0.27608575609760705,0.05798907370520185,0.0583100396678548
15-Jan-2000 06:40:00,0.28050871176329645,0.05798574443417558,0.058866492501622646
15-Jan-2000 06:45:00,0.28498469402591337,0.057984788639486695,0.05942420483552042
15-Jan-2000 06:50:00,0.2895402634293593,0.05798453514203934,0.05998564105770063
15-Jan-2000 06:55:00,0.294160189130701,0.0579844588181755,0.06055072209065875
15-Jan-2000 07:00:00,0.2990124763781724,0.05798758689571777,0.06112568036181383
15-Jan-2000 07:05:00,0.30493382330319757,0.057990104959763526,0.061808781666669615
15-Jan-2000 07:10:00,0.3115866079112495,0.057991067713980486,0.06258611960766809
15-Jan-2000 07:15:00,0.318494061678038,0.0579914113477046,0.06339305416150012
15-Jan-2000 07:20:00,0.3254225403112462,0.05799150853691254,0.06419637029401051
15-Jan-2000 07:25:00,0.33227691694801126,0.057991507734114475,0.06498285590602158
15-Jan-2000 07:30:00,0.33902437129837176,0.05799146810376557,0.06574839151440351
15-Jan-2000 07:35:00,0.3456556739631402,0.05799141322708781,0.06649229776149385
15-Jan-2000 07:40:00,0.3521710563764635,0.05799135250207409,0.06721516426108913
15-Jan-2000 07:45:00,0.35857478471780113,0.05799128967316638,0.067918060571549
15-Jan-2000 07:50:00,0.3648720744015476,0.057991226231243025,0.06860216042595332
15-Jan-2000 07:55:00,0.371067936111027,0.05799116276889889,0.06926857332761731
15-Jan-2000 08:00:00,0.3771664496754723,0.05799109952067447,0.06991824909018679
15-Jan-2000 08:05:00,0.3831715017006619,0.05799103657840009,0.0705520615030821
15-Jan-2000 08:10:00,0.3890872506142399,0.05799097397703294,0.07117085800500803
15-Jan-2000 08:15:00,0.39491756368986686,0.057990911728879845,0.0717754358044271
15-Jan-2000 08:20:00,0.40066590926214063,0.05799084983722835,0.07236652338398727
15-Jan-2000 08:25:00,0.40633490635937825,0.057990788301787416,0.07294472458356395
15-Jan-2000 08:30:00,0.41192698317017384,0.05799072712085555,0.07351059166682543
15-Jan-2000 08:35:00,0.417444404943322,0.057990666292181574,0.07406463714112896
15-Jan-2000 08:40:00,0.4228893908100734,0.05799060581330909,0.07460734122419539
15-Jan-2000 08:45:00,0.4282644325629966,0.057990545681715785,0.07513919661504036
15-Jan-2000 08:50:00,0.43357137691067277,0.05799048589486403,0.07566062456558725
15-Jan-2000 08:55:00,0.43881188111767244,0.05799042645022844,0.0761720022744774
15-Jan-2000 09:00:00,0.4440842077475557,0.05799036734117182,0.07667779242393871
15-Jan-2000 09:05:00,0.449802552165739,0.057990308565000814,0.07721748715089262
15-Jan-2000 09:10:00,0.45581451772419807,0.05799025012688812,0.07778680097946837
15-Jan-2000 09:15:00,0.46190365049369586,0.05799019202380173,0.07836259025513763
15-Jan-2000 09:20:00,0.4679644350599177,0.05799013425200938,0.07893298475412618
15-Jan-2000 09:25:00,0.47395367920574516,0.05799007680833179,0.07949319213401997
15-Jan-2000 09:30:00,0.4798563334901958,0.057990019690015805,0.08004165367749688
15-Jan-2000 09:35:00,0.4856694616237281,0.057989962894538526,0.08057817296217115
15-Jan-2000 09:40:00,0.49139470472463254,0.05798990641949022,0.0811030910191478
15-Jan-2000 09:45:00,0.4970349245089421,0.05798985026252604,0.0816168727584989
15-Jan-2000 09:50:00,0.5025940059952428,0.05798979442133357,0.08212005662181497
15-Jan-2000 09:55:00,0.5080758974799078,0.05798973889362835,0.0826132053896916
15-Jan-2000 10:00:00,0.513677697665452,0.057989683669584804,0.0831044343886057
15-Jan-2000 10:05:00,0.5202241820298542,0.05798962874673263,0.08366648754259785
15-Jan-2000 10:10:00,0.5274014169762098,0.05798957413675439,0.08429015880530868
15-Jan-2000 10:15:00,0.5347808056538644,0.057989519836287876,0.0849328122906319
15-Jan-2000 10:20:00,0.5421576206199694,0.05798946584075646,0.0855729797573792
15-Jan-2000 10:25:00,0.5494856004181188,0.057989412146601596,0.08620303495190576
15-Jan-2000 10:30:00,0.5575489461751083,0.05798935875101707,0.08686564455682888
15-Jan-2000 10:35:00,0.5695877093329019,0.057989305651593555,0.08777864438087041
15-Jan-2000 10:40:00,0.5928013886091146,0.06207904967397153,0.0894664185205385
15-Jan-2000 10:45:00,0.6317428696936366,0.06980974893776119,0.0923824631609587
15-Jan-2000 10:50:00,0.6810395778941258,0.07882350206672208,0.0961322458858826
15-Jan-2000 10:55:00,0.7345283719828561,0.08658783360381286,0.10010317903029405
15-Jan-2000 11:00:00,0.7998941676324114,0.0961544031616781,0.10455334530464629
15-Jan-2000 11:05:00,0.8923081804222635,0.12214911898803085,0.1105195191791286
15-Jan-2000 11:10:00,1.0200275797817602,0.15327456883416915,0.11839638930244231
15-Jan-2000 11:15:00,1.160313305959948,0.17884472100777613,0.1267198870293673
15-Jan-2000 11:20:00,1.323307163741761,0.20389040799980085,0.13577636171609872
15-Jan-2000 11:25:00,1.5420323319133726,0.2430580730480535,0.14660456155415447
15-Jan-2000 11:30:00,1.8327453268214358,0.27392533372569666,0.16011972356671503
15-Jan-2000 11:35:00,2.1770783704226635,0.29949040555136336,0.17514658607761777
15-Jan-2000 11:40:00,2.5001325102068503,0.30548085915839795,0.1884500053998295
15-Jan-2000 11:45:00,2.7983475083170206,0.3129786735498386,0.199995963529607
15-Jan-2000 11:50:00,3.0756367124818604,0.30555573539941744,0.21008633037759697
15-Jan-2000 11:55:00,3.345657193618692,0.29654634121803847,0.219422032777655
15-Jan-2000 12:00:00,3.612101755172988,0.28425655644115905,0.22823258754288775
15-Jan-2000 12:05:00,3.863299655959327,0.2894909084384556,0.23643579839161724
15-Jan-2000 12:10:00,4.073241851983493,0.26884312335780486,0.2431202846549127
15-Jan-2000 12:15:00,4.22946404518897,0.24393386480432147,0.2480099514791194
15-Jan-2000 12:20:00,4.354865275335624,0.22003883253818235,0.251808761064381
15-Jan-2000 12:25:00,4.4748269164334875,0.21773301558657726,0.2553337967645684
15-Jan-2000 12:30:00,4.582808758707216,0.23139414821045678,0.2584692582602419
15-Jan-2000 12:35:00,4.696911825253198,0.22728797665857828,0.2616566469322713
15-Jan-2000 12:40:00,4.829874075061736,0.22852030752835553,0.2652948473474673
15-Jan-2000 12:45:00,4.989628388595298,0.2288004597180242,0.2695897292451059
15-Jan-2000 12:50:00,5.0,0.2207555781141431,0.2705689600038654
15-Jan-2000 12:55:00,5.0,0.2020750914492983,0.2705690255796451
15-Jan-2000 13:00:00,5.0,0.20560121811331739,0.270569025551556
15-Jan-2000 13:05:00,5.0,0.21076518044267972,0.2705690255516165
15-Jan-2000 13:10:00,5.0,0.2258215764818923,0.2705690255516165
15-Jan-2000 13:15:00,5.0,0.24356817026780275,0.27056902555161527
15-Jan-2000 13:20:00,5.0,0.25594775477411,0.27056902555161644
15-Jan-2000 13:25:00,5.0,0.2751064661391259,0.2705690255516169
15-Jan-2000 13:30:00,5.0,0.2830790151457951,0.27056902555161544
15-Jan-2000 13:35:00,5.0,0.2692230639839629,0.2705690255516165
15-Jan-2000 13:40:00,5.0,0.25488584759720484,0.2705690255516154
15-Jan-2000 13:45:00,5.0,0.24825534760044826,0.2705690255516169
15-Jan-2000 13:50:00,5.0,0.24047592312164595,0.27056902555161544
15-Jan-2000 13:55:00,5.0,0.223478348519766,0.2705690255516154
15-Jan-2000 14:00:00,5.0,0.2080210959120597,0.2705690255516154
15-Jan-2000 14:05:00,5.0,0.197171820300673,0.2705690255516165
15-Jan-2000 14:10:00,5.0,0.18624636958606208,0.2705690255516165
15-Jan-2000 14:15:00,5.0,0.18208993066912985,0.2705690255516153
15-Jan-2000 14:20:00,5.0,0.18405983270371393,0.27056902555161655
15-Jan-2000 14:25:00,5.0,0.1985595228991166,0.2705690255516154
15-Jan-2000 14:30:00,5.0,0.20366650315511173,0.2705690255516154
15-Jan-2000 14:35:00,5.0,0.19024963004630602,0.270569025551617
15-Jan-2000 14:40:00,5.0,0.17201113222828837,0.2705690255516154
15-Jan-2000 14:45:00,5.0,0.16402838697358332,0.270569025551617
15-Jan-2000 14:50:00,5.0,0.16069776329153487,0.27056902555161694
15-Jan-2000 14:55:00,5.0,0.1491931000006152,0.27056902555161544
15-Jan-2000 15:00:00,5.0,0.14484307253701403,0.2705690255516152
15-Jan-2000 15:05:00,5.0,0.14034397227444395,0.27056902555161544
15-Jan-2000 15:10:00,5.0,0.13616664886072533,0.27056902555161655
15-Jan-2000 15:15:00,5.0,0.12822962364262647,0.27056902555161666
15-Jan-2000 15:20:00,5.0,0.12548398682580497,0.27056902555161655
15-Jan-2000 15:25:00,5.0,0.11972172171421949,0.27056902555161655
15-Jan-2000 15:30:00,5.0,0.11355260946372835,0.27056902555161655
15-Jan-2000 15:35:00,5.0,0.10829199083138635,0.27056902555161655
15-Jan-2000 15:40:00,5.0,0.1036883453367017,0.27056902555161655
15-Jan-2000 15:45:00,5.0,0.09966111524945942,0.27056902555161655
15-Jan-2000 15:50:00,4.998798494241832,0.09608210014620547,0.2705472661478853
15-Jan-2000 15:55:00,4.994473342995707,0.0929050418064063,0.27044397883013954
15-Jan-2000 16:00:00,4.986716915435399,0.09010138930347404,0.2702484065452438
15-Jan-2000 16:05:00,4.975366685192454,0.08759138498304869,0.2699531000641828
15-Jan-2000 16:10:00,4.9611705009898275,0.08532183149503655,0.26957347905018547
15-Jan-2000 16:15:00,4.944859989672579,0.0832959706634613,0.2691342504869688
15-Jan-2000 16:20:00,4.9268309621107145,0.08148021090068638,0.26864564265038704
15-Jan-2000 16:25:00,4.907505571320867,0.07982854510671425,0.2681182994134626
15-Jan-2000 16:30:00,4.888237484695141,0.07833627099428096,0.26758316658376546
15-Jan-2000 16:35:00,4.869643797018794,0.07696232344934195,0.26706777002326165
15-Jan-2000 16:40:00,4.851899629120525,0.07571428645501506,0.26657081736291005
15-Jan-2000 16:45:00,4.834972485901578,0.07457928479588029,0.2660996830548599
15-Jan-2000 16:50:00,4.8188516091690685,0.07802646903859811,0.2656464427625604
15-Jan-2000 16:55:00,4.803419003997909,0.07812030805951507,0.2652158698056996
15-Jan-2000 17:00:00,4.78897253497025,0.07656857742441628,0.26480330804363644
15-Jan-2000 17:05:00,4.780675908669547,0.08108701361100018,0.2645300559221594
15-Jan-2000 17:10:00,4.784531460257794,0.08848774419994594,0.2645796445753029
15-Jan-2000 17:15:00,4.798771565384648,0.0917645317164084,0.26494236826175765
15-Jan-2000 17:20:00,4.816845289488397,0.09867118141327402,0.265441495247742
15-Jan-2000 17:25:00,4.832381746596682,0.10131802934991208,0.26589421716884043
15-Jan-2000 17:30:00,4.842173315912881,0.09831842805036842,0.2661929628398351
15-Jan-2000 17:35:00,4.8462613364108345,0.10105050940313476,0.2663291211790553
15-Jan-2000 17:40:00,4.847112890844084,0.09911008720243612,0.26636049917982296
15-Jan-2000 17:45:00,4.847517372293937,0.09536473889558954,0.26637113082191954
15-Jan-2000 17:50:00,4.8478568432080165,0.09222610324131872,0.2663820755531222
15-Jan-2000 17:55:00,4.8475798065392395,0.08948783711331902,0.26637845259405435
15-Jan-2000 18:00:00,4.845314569385071,0.06451786586535069,0.26632790998951356
15-Jan-2000 18:05:00,4.839832048548636,0.06245906309002485,0.2661907802575059
15-Jan-2000 18:10:00,4.831026996996689,0.0601550541570155,0.2659604164687868
15-Jan-2000 18:15:00,4.81932403528788,0.057846808718736965,0.26564728816195265
15-Jan-2000 18:20:00,4.805265658914313,0.055600609548475455,0.26526392346478367
15-Jan-2000 18:25:00,4.791675605880063,0.0582879193930884,0.2648751057372231
15-Jan-2000 18:30:00,4.7821015407413014,0.07892853995547092,0.2645851515208634
15-Jan-2000 18:35:00,4.778980433254321,0.08966566391242821,0.26446677529601526
15-Jan-2000 18:40:00,4.781256090034097,0.09537598648921831,0.2645132541396223
15-Jan-2000 18:45:00,4.7856456941182115,0.09168339394451147,0.26463167234109525
15-Jan-2000 18:50:00,4.7888526810254675,0.08584145103304675,0.2647331508046167
15-Jan-2000 18:55:00,4.788331239734737,0.08097308083494223,0.26473701160775726
15-Jan-2000 19:00:00,4.783930224334163,0.0766841226935259,0.26462944588843224
15-Jan-2000 19:05:00,4.776626529182949,0.07282226652823429,0.2644377772546265
15-Jan-2000 19:10:00,4.766656237398109,0.06934945772312666,0.26417073017431214
15-Jan-2000 19:15:00,4.754229940543529,0.06618085468650466,0.2638333090471206
15-Jan-2000 19:20:00,4.739735519933691,0.06326317656742407,0.2634358747886973
15-Jan-2000 19:25:00,4.723475494299218,0.06055797513402157,0.2629867412442128
15-Jan-2000 19:30:00,4.705777157420324,0.05808570895379842,0.2624952573548553
15-Jan-2000 19:35:00,4.686866851092272,0.05576999977058807,0.26196743766226416
15-Jan-2000 19:40:00,4.6669723285423235,0.05362510725205302,0.26141009955011907
15-Jan-2000 19:45:00,4.646261905370928,0.051614941823913914,0.26082745312749245
15-Jan-2000 19:50:00,4.6248840414826144,0.049759916273818386,0.26022421242117005
15-Jan-2000 19:55:00,4.602974930575473,0.04804389835693829,0.25960363162746614
15-Jan-2000 20:00:00,4.5803535822900505,0.046405677679083567,0.2589646871277722
15-Jan-2000 20:05:00,4.5560399492455605,0.04487373926405043,0.2582776261054575
15-Jan-2000 20:10:00,4.530594303049457,0.04342501910232909,0.25755249776069944
15-Jan-2000 20:15:00,4.5046764441683935,0.04208488017214234,0.256809545148839
15-Jan-2000 20:20:00,4.478533408070944,0.04084008673207042,0.2560571272654511
15-Jan-2000 20:25:00,4.452329000157882,0.03968030571181171,0.2553002680478374
15-Jan-2000 20:30:00,4.426098173743206,0.03859738116520886,0.25454008248764154
15-Jan-2000 20:35:00,4.399916347287662,0.037537585298528596,0.2537789743311183
15-Jan-2000 20:40:00,4.373792924270523,0.03653267764829832,0.25301696751858976
15-Jan-2000 20:45:00,4.347774485080397,0.03556643949014824,0.2522558252806901
15-Jan-2000 20:50:00,4.32187334254995,0.03463489119800178,0.2514955043244777
15-Jan-2000 20:55:00,4.296113132073566,0.033756932632494,0.2507377853426437
15-Jan-2000 21:00:00,4.2701465525379465,0.03292916413175128,0.2499764373818636
15-Jan-2000 21:05:00,4.242408358414364,0.03214854610303342,0.24916475271156596
15-Jan-2000 21:10:00,4.213528547061502,0.03141048708914924,0.2483111638864234
15-Jan-2000 21:15:00,4.184313041799528,0.030711599440287098,0.2474411915395646
15-Jan-2000 21:20:00,4.155169912600451,0.030049161045158222,0.24656885629056075
15-Jan-2000 21:25:00,4.126214218903789,0.029417490484842712,0.24569873879460977
15-Jan-2000 21:30:00,4.097536034965544,0.02877881214996296,0.2448336391312513
15-Jan-2000 21:35:00,4.069122805422692,0.028167815295506646,0.24397344638150428
15-Jan-2000 21:40:00,4.04103255881125,0.02758631115339795,0.24311971685267333
15-Jan-2000 21:45:00,4.013674101507014,0.02702936764644539,0.24228048349676387
15-Jan-2000 21:50:00,3.989615263089017,0.026471776563759916,0.24152138506840526
15-Jan-2000 21:55:00,3.9709667092626315,0.02593711987786375,0.24092335932087797
15-Jan-2000 22:00:00,3.9572286179534535,0.02542726821125362,0.24048031988039734
15-Jan-2000 22:05:00,3.948591763195718,0.02494211440563738,0.24018118051694426
15-Jan-2000 22:10:00,3.9471732418729757,0.02447846847134194,0.24010099721317185
15-Jan-2000 22:15:00,3.9543685105908613,0.024034258643140682,0.2402730093102074
15-Jan-2000 22:20:00,3.9709503677723337,0.02360823183835047,0.24073802168575953
15-Jan-2000 22:25:00,3.9957843426536566,0.023199460589670425,0.24146040510385366
15-Jan-2000 22:30:00,4.025673430794947,0.02280713253458172,0.2423576909968007
15-Jan-2000 22:35:00,4.057617781593251,0.022430485652632903,0.24332110200234758
15-Jan-2000 22:40:00,4.090641171567385,0.022068778016877524,0.24432166387169543
15-Jan-2000 22:45:00,4.119290265414649,0.03099301106690219,0.2452246185101627
15-Jan-2000 22:50:00,4.13847346092802,0.041657388503153356,0.2458495504766928
15-Jan-2000 22:55:00,4.1500261644405105,0.06516167580819933,0.24622671390220227
15-Jan-2000 23:00:00,4.15525586072915,0.09010848334222456,0.24641819513436627
15-Jan-2000 23:05:00,4.153149899446077,0.11057016042737991,0.24638892944418833
15-Jan-2000 23:10:00,4.146287582113554,0.12338721910291119,0.2461992052506461
15-Jan-2000 23:15:00,4.13556819655891,0.13917584969907168,0.2458907792715194
15-Jan-2000 23:20:00,4.1258519271689575,0.13965748322065036,0.24558932595538888
15-Jan-2000 23:25:00,4.117899231461791,0.12896206198502566,0.2453392450566633
15-Jan-2000 23:30:00,4.113095326704327,0.11942872474203127,0.2451826642025948
15-Jan-2000 23:35:00,4.108061492870859,0.11064612472022567,0.24503995408822526
15-Jan-2000 23:40:00,4.099595614760905,0.10305154162609168,0.2448051228654272
15-Jan-2000 23:45:00,4.086836542181526,0.09640073451961707,0.24444097485380759
15-Jan-2000 23:50:00,4.070101468146441,0.090473228605672,0.2439532142098323
15-Jan-2000 23:55:00,4.050033940496959,0.08522663202797728,0.2433600695799474
16-Jan-2000 00:00:00,4.027234205511174,0.0805259486172124,0.2426795513146463
16-Jan-2000 00:05:00,4.002179870181053,0.0763026271133332,0.24192617474513825
16-Jan-2000 00:10:00,3.9752922049199633,0.07246835596993902,0.24111216782202863
16-Jan-2000 00:15:00,3.9469137133260075,0.06900947495788981,0.24024810812507164
16-Jan-2000 00:20:00,3.9173356167492304,0.070491119769309,0.23934248043426565
16-Jan-2000 00:25:00,3.8867806475535547,0.06881983928769977,0.23840213066949575
16-Jan-2000 00:30:00,3.8554613720996853,0.06546287827101858,0.23743326941729875
16-Jan-2000 00:35:00,3.823530508561526,0.07838439887264562,0.23644058905245338
16-Jan-2000 00:40:00,3.791140617757081,0.09442473072016357,0.23542859972074867
16-Jan-2000 00:45:00,3.7583991498103626,0.09688677734383364,0.2344006888967654
16-Jan-2000 00:50:00,3.7253982661421388,0.10204423834259303,0.23337120940215791
16-Jan-2000 00:55:00,3.6922444572113204,0.10258465942408475,0.23232004811449544
16-Jan-2000 01:00:00,3.6590493837157987,0.111737624627374,0.23126215449916118
16-Jan-2000 01:05:00,3.6259176759570284,0.12251931317532512,0.2302008704678323
16-Jan-2000 01:10:00,3.592944441266291,0.12843940679330584,0.2291392616892819
16-Jan-2000 01:15:00,3.5588747255954143,0.15805327091445676,0.22802992545210116
16-Jan-2000 01:20:00,3.5275260563709776,0.1641425393235228,0.22699564392248206
16-Jan-2000 01:25:00,3.500549481874179,0.1657267034190366,0.22609050373722556
16-Jan-2000 01:30:00,3.477284050194631,0.1626354251455641,0.22531344746783433
16-Jan-2000 01:35:00,3.456041964464328,0.15785759411534644,0.2246043989368225
16-Jan-2000 01:40:00,3.4370097257515217,0.1553724885103331,0.2239655349884405
16-Jan-2000 01:45:00,3.4205854728710414,0.1584297556617613,0.22340982267119627
16-Jan-2000 01:50:00,3.405474645538018,0.15017355786281236,0.22290676208446003
16-Jan-2000 01:55:00,3.3910180346027796,0.13797362370465008,0.22243128909513601
16-Jan-2000 02:00:00,3.374400563960211,0.12601695919885983,0.22188223043515928
16-Jan-2000 02:05:00,3.361102206462094,0.12449049720637018,0.22142402458032806
16-Jan-2000 02:10:00,3.3514462081843868,0.11713264041501169,0.22106244124376284
16-Jan-2000 02:15:00,3.3487573965351904,0.11287024946604816,0.22093405519837137
16-Jan-2000 02:20:00,3.3506212780157427,0.13690924601224116,0.22098045918311468
16-Jan-2000 02:25:00,3.353460510647244,0.1341009522301609,0.22106949781143018
16-Jan-2000 02:30:00,3.3599792627933565,0.12321018613747334,0.2212557283412171
16-Jan-2000 02:35:00,3.3712542831803947,0.11471362325337706,0.22159865636388817
16-Jan-2000 02:40:00,3.3856233509422218,0.11092873352266505,0.2220833023477067
16-Jan-2000 02:45:00,3.3962958543933,0.10459435016203575,0.22246651603880074
16-Jan-2000 02:50:00,3.4017764657959613,0.09764284530610501,0.22267773641543484
16-Jan-2000 02:55:00,3.4038937146513923,0.09155796178967732,0.22276110195161103
16-Jan-2000 03:00:00,3.4037758505850193,0.08620529774048129,0.22277140793998446
16-Jan-2000 03:05:00,3.4010795608625077,0.08141254587227859,0.2226984049155383
16-Jan-2000 03:10:00,3.395364408407175,0.07711096282090177,0.222526590118248
16-Jan-2000 03:15:00,3.386795917458882,0.07320938488517717,0.2222579978720455
16-Jan-2000 03:20:00,3.37568811613477,0.06968628385600113,0.22190246720038095
16-Jan-2000 03:25:00,3.3624384258733704,0.06649852337007438,0.2214728226176721
16-Jan-2000 03:30:00,3.347369252201179,0.06354183294368396,0.22097947757268227
16-Jan-2000 03:35:00,3.3307924301677567,0.06080727360691605,0.22043232962108417
16-Jan-2000 03:40:00,3.312987866456121,0.05830562066303613,0.21984007232430014
16-Jan-2000 03:45:00,3.2956217639190175,0.05598761180279287,0.21924028327453993
16-Jan-2000 03:50:00,3.2907055120093105,0.06846581144500918,0.21895982230137268
16-Jan-2000 03:55:00,3.3041383608280137,0.08402745775238611,0.21932285068864965
16-Jan-2000 04:00:00,3.331157237108182,0.08747984244225393,0.2201468240676788
16-Jan-2000 04:05:00,3.3712467314071666,0.08329137264712605,0.22142463445773547
16-Jan-2000 04:10:00,3.416878830706298,0.08450029163604021,0.2229325310763327
16-Jan-2000 04:15:00,3.4580989231610233,0.08624145606808288,0.22434165827476568
16-Jan-2000 04:20:00,3.489233832482255,0.08264824473422493,0.22542635025355
16-Jan-2000 04:25:00,3.510160967768089,0.07798200733238206,0.22616679314019625
16-Jan-2000 04:30:00,3.5224507734998105,0.07851057150776469,0.22661372658826684
16-Jan-2000 04:35:00,3.527661122420234,0.0759871694980247,0.22682066255268873
16-Jan-2000 04:40:00,3.5271534813190595,0.07200800127162972,0.22683436219053052
16-Jan-2000 04:45:00,3.5220002992896347,0.06854807609471145,0.2266907782512668
16-Jan-2000 04:50:00,3.5130819537305973,0.06541387656684056,0.22642003561106425
16-Jan-2000 04:55:00,3.5010900860222818,0.06255141210464604,0.22604459654509804
16-Jan-2000 05:00:00,3.487035608371669,0.05991127481955115,0.2255908670131318
16-Jan-2000 05:05:00,3.473076399920824,0.05749288136386786,0.22513244258870246
16-Jan-2000 05:10:00,3.4586381406855913,0.055219178415261194,0.22466297654595624
16-Jan-2000 05:15:00,3.443200888168599,0.05310824937993455,0.22416095852794865
16-Jan-2000 05:20:00,3.4267243110624532,0.0511386055724633,0.22362327366469187
16-Jan-2000 05:25:00,3.4092805832542386,0.04932009707513994,0.22305172026735812
16-Jan-2000 05:30:00,3.39098689297183,0.04762780452682214,0.2224497160689378
16-Jan-2000 05:35:00,3.3719736369171835,0.04601463345035576,0.22182137769008697
16-Jan-2000 05:40:00,3.352357343058156,0.044501776297364085,0.2211698933632004
16-Jan-2000 05:45:00,3.3322398663349135,0.04308099537790056,0.22049918979997593
16-Jan-2000 05:50:00,3.3117110730622477,0.04176578785833545,0.21981199723970654
16-Jan-2000 05:55:00,3.290850101492852,0.040543219387902014,0.21911101518573983
16-Jan-2000 06:00:00,3.26998311815356,0.07216822196585479,0.21840292463019612
16-Jan-2000 06:05:00,3.250244628985476,0.06965558844691788,0.21772745798229673
16-Jan-2000 06:10:00,3.2312327102683938,0.06839961420356858,0.2170788262972166
16-Jan-2000 06:15:00,3.212438792533384,0.06763151486437119,0.2164377376484162
16-Jan-2000 06:20:00,3.1936781532294343,0.06705943808985702,0.21579647850299039
16-Jan-2000 06:25:00,3.1749125598016907,0.06657603833588813,0.21515318897267924
16-Jan-2000 06:30:00,3.1561523217369674,0.06614202884024506,0.21450804471777055
16-Jan-2000 06:35:00,3.137419601370025,0.06574256666431234,0.21386176619544428
16-Jan-2000 06:40:00,3.118736777194843,0.06537134236434097,0.21321512870226683
16-Jan-2000 06:45:00,3.100123544590953,0.06502498460268116,0.2125688313127043
16-Jan-2000 06:50:00,3.0815966554719796,0.06470117123836595,0.21192347803554545
16-Jan-2000 06:55:00,3.063170287080227,0.0643980131997353,0.2112795876313984
16-Jan-2000 07:00:00,3.045111904893851,0.06412552784082533,0.2106421158961111
16-Jan-2000 07:05:00,3.028506492223703,0.0638885246762365,0.21005001949680574
16-Jan-2000 07:10:00,3.012910993482087,0.06365896048309133,0.20949644729140093
16-Jan-2000 07:15:00,2.9977763363320604,0.06343165289705423,0.20896009212149153
16-Jan-2000 07:20:00,2.982873359507955,0.06320779443516292,0.20843145936969312
16-Jan-2000 07:25:00,2.9681219126418728,0.06299366042811934,0.20790716308599427
16-Jan-2000 07:30:00,2.953497002641623,0.06279081148727647,0.20738613365690756
16-Jan-2000 07:35:00,2.938992614130652,0.06259895444646174,0.20686810977386255
16-Jan-2000 07:40:00,2.9246088390763862,0.062417512982239416,0.20635309551762143
16-Jan-2000 07:45:00,2.9103474551642186,0.06224584254596976,0.2058411721954935
16-Jan-2000 07:50:00,2.8962107958100054,0.062083307544089326,0.20533243861973932
16-Jan-2000 07:55:00,2.8822052528378985,0.06192930718186785,0.2048271285586206
16-Jan-2000 08:00:00,2.868331537356009,0.06178328232007457,0.20432534913389133
16-Jan-2000 08:05:00,2.8545877281981733,0.06164471546899864,0.2038270501292142
16-Jan-2000 08:10:00,2.840973256648065,0.061513128455095184,0.2033322299397829
16-Jan-2000 08:15:00,2.8274880505499063,0.061388079443004666,0.20284091008199587
16-Jan-2000 08:20:00,2.8141321109283903,0.061269159923232924,0.20235311394367472
16-Jan-2000 08:25:00,2.800912277195904,0.061155991873461026,0.2018690582572704
16-Jan-2000 08:30:00,2.7878267035465503,0.06104822515195528,0.201388812492541
16-Jan-2000 08:35:00,2.7748704324604305,0.06094553512717939,0.200912193734739
16-Jan-2000 08:40:00,2.7620413354015834,0.06084762052932598,0.20043913795744422
16-Jan-2000 08:45:00,2.7493382216256945,0.06075420150422908,0.19996962438243773
16-Jan-2000 08:50:00,2.7367597624199527,0.06066501784985989,0.1995036298841081
16-Jan-2000 08:55:00,2.724304628136587,0.0605798274168554,0.19904112960193077
16-Jan-2000 09:00:00,2.7120951496145214,0.06049839860387475,0.19858440571608443
16-Jan-2000 09:05:00,2.700686194567222,0.060420521596638646,0.19815369892278858
16-Jan-2000 09:10:00,2.6905237450545307,0.06034601111554125,0.19776411085691575
16-Jan-2000 09:15:00,2.6823507764787338,0.06027468265969119,0.19744466257557175
16-Jan-2000 09:20:00,2.6757674132089697,0.06020636297370042,0.19719130249106948
16-Jan-2000 09:25:00,2.66968944139275,0.06014089078116054,0.19696135933472367
16-Jan-2000 09:30:00,2.6643914140621923,0.06007811566884353,0.196755096527829
16-Jan-2000 09:35:00,2.6599722228159846,0.060017897007699966,0.19658579678413407
16-Jan-2000 09:40:00,2.6555996763199214,0.05996010308541241,0.19642265888494825
16-Jan-2000 09:45:00,2.6509864021342353,0.05990461039059772,0.19624920918772185
16-Jan-2000 09:50:00,2.648398599333317,0.05985130299424869,0.19612281744280755
16-Jan-2000 09:55:00,2.6567655912278902,0.059800071998276305,0.19634034126971722
16-Jan-2000 10:00:00,2.6771386371292953,0.059750807721312894,0.1970486443248633
16-Jan-2000 10:05:00,2.702245224887316,0.05970341438583635,0.19797368572669
16-Jan-2000 10:10:00,2.7263929673395273,0.05965781451472203,0.19889039846820236
16-Jan-2000 10:15:00,2.746699350275848,0.05961392118325488,0.1996708047389126
16-Jan-2000 10:20:00,2.7627197121508273,0.05957165149057815,0.20028967449160048
16-Jan-2000 10:25:00,2.7748291691029925,0.05953092819652975,0.20075955335197154
16-Jan-2000 10:30:00,2.7836237745070873,0.05949116226719164,0.20110181988086093
16-Jan-2000 10:35:00,2.7905494289736636,0.059452229592531936,0.2013628796677763
16-Jan-2000 10:40:00,2.7970948674116394,0.059414683557655217,0.20160397032993768
16-Jan-2000 10:45:00,2.8028799391150057,0.059378458612821844,0.20182411210836446
16-Jan-2000 10:50:00,2.806911053027214,0.05934349440562511,0.20198399320023966
16-Jan-2000 10:55:00,2.808968958656739,0.059309734726930824,0.20207165749254358
16-Jan-2000 11:00:00,2.8095207895152052,0.05927712237723567,0.20209711576059153
16-Jan-2000 11:05:00,2.8099275435166247,0.05924560769020944,0.20211314508385858
16-Jan-2000 11:10:00,2.809730052946221,0.05921515121963299,0.2021111715638686
16-Jan-2000 11:15:00,2.8085883121722333,0.05918570723974622,0.20207570423953092
16-Jan-2000 11:20:00,2.8064821209557835,0.059157231811374514,0.20200467117029067
16-Jan-2000 11:25:00,2.8034979794846118,0.05912968379581114,0.2019008351148777
16-Jan-2000 11:30:00,2.7997447744793775,0.05910302452001369,0.20176809333734788
16-Jan-2000 11:35:00,2.795327198585082,0.05907721743344438,0.20161028004212056
16-Jan-2000 11:40:00,2.790339231748054,0.05905222787761544,0.20143085641938763
16-Jan-2000 11:45:00,2.784862963532515,0.05902802292834821,0.20123285382562525
16-Jan-2000 11:50:00,2.7789697013829397,0.059004571275951455,0.20101890180785326
16-Jan-2000 11:55:00,2.772721658487506,0.058981843125131134,0.20079129294998102
16-Jan-2000 12:00:00,2.7664914673079783,0.058959807237403274,0.20055804404390273
16-Jan-2000 12:05:00,2.761456174406862,0.058938436780806486,0.20036537665072104
16-Jan-2000 12:10:00,2.757010585675002,0.058917711152957,0.20019947447749875
16-Jan-2000 12:15:00,2.752644406282843,0.058897605181010955,0.20003846577607362
16-Jan-2000 12:20:00,2.748187262278686,0.05887809450235339,0.199874568343905
16-Jan-2000 12:25:00,2.743600433589628,0.058859156249098765,0.19970582226912717
16-Jan-2000 12:30:00,2.7388881598872414,0.058840768851955355,0.19953221226443715
16-Jan-2000 12:35:00,2.7340667622372936,0.05882291184021491,0.19935429091324558
16-Jan-2000 12:40:00,2.7291546795021144,0.05880556571386966,0.19917272867525085
16-Jan-2000 12:45:00,2.724169491917779,0.0587887118611986,0.19898817699228522
16-Jan-2000 12:50:00,2.719127177479663,0.05877233249924477,0.19880123198992483
16-Jan-2000 12:55:00,2.714042450581345,0.05875641062562187,0.1986124404406463
16-Jan-2000 13:00:00,2.708613737905307,0.05874093197251259,0.1984162877641576
16-Jan-2000 13:05:00,2.7017318321017845,0.05872588089458875,0.1981687045238564
16-Jan-2000 13:10:00,2.694036066774465,0.0587112388701825,0.19788492970548707
16-Jan-2000 13:15:00,2.686082283181593,0.05869699202933943,0.19758867584912052
16-Jan-2000 13:20:00,2.6780827737179917,0.058683127359255044,0.19728939379141652
16-Jan-2000 13:25:00,2.670113320472905,0.05866963213040299,0.19699046420908942
16-Jan-2000 13:30:00,2.662206837130671,0.05865649395723059,0.19669329053973364
16-Jan-2000 13:35:00,2.6543726541637676,0.05864370087300791,0.19639836393319549
16-Jan-2000 13:40:00,2.646614033239212,0.05863124135955627,0.19610581944565988
16-Jan-2000 13:45:00,2.638933829098147,0.05861910434861472,0.19581577841017597
16-Jan-2000 13:50:00,2.6313344414396966,0.0586072792102464,0.1955283455894286
16-Jan-2000 13:55:00,2.6238178410531607,0.05859575573621223,0.19524360979811792
16-Jan-2000 14:00:00,2.6158223803517626,0.05858452711211093,0.19495070483197702
16-Jan-2000 14:05:00,2.6052479560340087,0.058573583930003344,0.19456622381847177
16-Jan-2000 14:10:00,2.5930871825022304,0.05856291161646169,0.19411082815638808
16-Jan-2000 14:15:00,2.5803952338468403,0.058552501980157885,0.19362907629194184
16-Jan-2000 14:20:00,2.5676248172192038,0.05854234764068119,0.19314114375886607
16-Jan-2000 14:25:00,2.5549463917502613,0.05853244112588017,0.19265477801526687
16-Jan-2000 14:30:00,2.542420499818344,0.05852277496658949,0.192172792953595
16-Jan-2000 14:35:00,2.5300673941464225,0.05851334183325791,0.1916961746549845
16-Jan-2000 14:40:00,2.517891898508426,0.05850413460749803,0.19122521944209067
16-Jan-2000 14:45:00,2.505907868513559,0.05849514640915887,0.1907601597737697
16-Jan-2000 14:50:00,2.494483860768074,0.0584863706016285,0.19031049807596542
16-Jan-2000 14:55:00,2.4856741830202895,0.06120289650067087,0.18994248499712613
16-Jan-2000 15:00:00,2.4803758736404853,0.07374338962763546,0.18971950127197057
16-Jan-2000 15:05:00,2.475681817100851,0.11014492902044802,0.1895380022152136
16-Jan-2000 15:10:00,2.4701063971506563,0.2114925453447471,0.18932417289095144
16-Jan-2000 15:15:00,2.464254679957458,0.2607872888112842,0.18909590407847693
16-Jan-2000 15:20:00,2.458353377710717,0.24091092561448693,0.18886618385698425
16-Jan-2000 15:25:00,2.4526157529781054,0.21250931542484072,0.18863891393970939
16-Jan-2000 15:30:00,2.447727814781895,0.18999649055660137,0.1884413735464862
16-Jan-2000 15:35:00,2.443981081677815,0.17266682877278536,0.1882875773685035
16-Jan-2000 15:40:00,2.441042849037917,0.1574584385400517,0.1881658114826192
16-Jan-2000 15:45:00,2.4391549309610605,0.14620104962525807,0.18808727857339705
16-Jan-2000 15:50:00,2.4376832509391595,0.1358559278865566,0.1880261560248796
16-Jan-2000 15:55:00,2.4366178843551203,0.12725873798314002,0.18798221982805216
16-Jan-2000 16:00:00,2.435752423482709,0.12083465070145691,0.18794960863259424
16-Jan-2000 16:05:00,2.434268041401766,0.11462504176235841,0.18789524744245517
16-Jan-2000 16:10:00,2.432380580876249,0.10923235190589867,0.1878230417327662
16-Jan-2000 16:15:00,2.4302973753536503,0.10451919243596516,0.18774212506486412
16-Jan-2000 16:20:00,2.42809272497154,0.10038368733079807,0.18765612097913675
16-Jan-2000 16:25:00,2.425780237781402,0.09673103607739741,0.1875658189688715
16-Jan-2000 16:30:00,2.423354189016165,0.09347381205967017,0.18747106016446416
16-Jan-2000 16:35:00,2.4208044782952585,0.09060475318679351,0.18737144941679165
16-Jan-2000 16:40:00,2.418121638047537,0.08805198646439773,0.18726659475240587
16-Jan-2000 16:45:00,2.4152983118118514,0.08574289348206329,0.18715618076684062
16-Jan-2000 16:50:00,2.4123294821017502,0.08367477834904949,0.18703998376440678
16-Jan-2000 16:55:00,2.409212179673549,0.08182132138546692,0.18691786249439718
16-Jan-2000 17:00:00,2.405945098012564,0.08013985931359849,0.18678974316256602
16-Jan-2000 17:05:00,2.4025282502492606,0.07861794575825683,0.18665560562748734
16-Jan-2000 17:10:00,2.3989626899893994,0.07722295757891881,0.18651547208888122
16-Jan-2000 17:15:00,2.395250287105477,0.07595104881265531,0.18636939801493452
16-Jan-2000 17:20:00,2.391393546173892,0.07479487633845532,0.18621746481371232
16-Jan-2000 17:25:00,2.387395459190775,0.07374140932704606,0.1860597738935028
16-Jan-2000 17:30:00,2.383259385930464,0.07277937942791148,0.1858964418456957
16-Jan-2000 17:35:00,2.378988957014902,0.07189630453276165,0.18572759654152257
16-Jan-2000 17:40:00,2.374587996161402,0.07108428504917634,0.185553374000371
16-Jan-2000 17:45:00,2.370060458174517,0.07033813446825138,0.18537391589517901
16-Jan-2000 17:50:00,2.3654103794807586,0.06965123358169473,0.1851893675670528
16-Jan-2000 17:55:00,2.36064183844545,0.06901775526610171,0.18499987643725366
16-Jan-2000 18:00:00,2.3557589234800127,0.03716768949461472,0.1848055907322746
16-Jan-2000 18:05:00,2.35076565639765,0.03617722018992993,0.18460665762280293
16-Jan-2000 18:10:00,2.3456646432470816,0.035175302439046464,0.1844031862127537
16-Jan-2000 18:15:00,2.340453393886721,0.0344968240043587,0.1841951046139812
16-Jan-2000 18:20:00,2.3351246597012008,0.033824717392542426,0.1839821281466181
16-Jan-2000 18:25:00,2.329670889250203,0.033105318155558006,0.18376392652910786
16-Jan-2000 18:30:00,2.324087176193518,0.03237730776421104,0.183540261328752
16-Jan-2000 18:35:00,2.318371810453752,0.031661584776293585,0.1833110217410102
16-Jan-2000 18:40:00,2.3125257667588106,0.030968737532740237,0.1830762093696884
16-Jan-2000 18:45:00,2.306551877003577,0.03030365654028024,0.18283590634169528
16-Jan-2000 18:50:00,2.3004540775956923,0.029668116152860635,0.18259024416915112
16-Jan-2000 18:55:00,2.2942368828665614,0.029038261006569997,0.182339381069591
16-Jan-2000 19:00:00,2.2880216334387518,0.028416117952301822,0.18208583521793317
16-Jan-2000 19:05:00,2.282322584906852,0.027822774845148505,0.18185061867188596
16-Jan-2000 19:10:00,2.2769595021473372,0.027257343905776044,0.18163118055300662
16-Jan-2000 19:15:00,2.271670714615952,0.026698655542106303,0.18141589810585085
16-Jan-2000 19:20:00,2.266337550800815,0.02615322260133895,0.18119911070862363
16-Jan-2000 19:25:00,2.2609160107042015,0.025632259812455996,0.18097865010397537
16-Jan-2000 19:30:00,2.2553925257033782,0.025134474240278988,0.1807538048153475
16-Jan-2000 19:35:00,2.249765122864921,0.02465848510397182,0.1805244240164516
16-Jan-2000 19:40:00,2.244036077756372,0.02420302376098229,0.18029056433867205
16-Jan-2000 19:45:00,2.238209136753462,0.02376692197876793,0.18005235564783645
16-Jan-2000 19:50:00,2.2322884849315785,0.023349100133249784,0.17980995097765254
16-Jan-2000 19:55:00,2.2262783681873533,0.022948557669988254,0.17956350812804256
16-Jan-2000 20:00:00,2.219950057324978,0.022564680846043215,0.1793084091215667
16-Jan-2000 20:05:00,2.2123027691096113,0.0221970555189021,0.1790029840756911
16-Jan-2000 20:10:00,2.203700955048172,0.021844120474642292,0.1786526882174671
16-Jan-2000 20:15:00,2.194671320119217,0.021504862823732544,0.17828106554412956
16-Jan-2000 20:20:00,2.1854641944704847,0.02117858228003086,0.17790005022742014
16-Jan-2000 20:25:00,2.17618182274642,0.020864681817799186,0.1775145877401056
16-Jan-2000 20:30:00,2.1668647510231804,0.020560708318085874,0.1771266409013416
16-Jan-2000 20:35:00,2.157529363392869,0.020253417604693756,0.17673699478926713
16-Jan-2000 20:40:00,2.1481827555805064,0.019954510016006052,0.1763459801760922
16-Jan-2000 20:45:00,2.13882846265516,0.019665153388112425,0.1759537536005875
16-Jan-2000 20:50:00,2.129468642514633,0.019384961588291658,0.17556040448324056
16-Jan-2000 20:55:00,2.120104905443229,0.019113533886839115,0.1751659959190571
16-Jan-2000 21:00:00,2.1104149066045226,0.018850907749039532,0.17476380605780328
16-Jan-2000 21:05:00,2.0989555486297227,0.018597434634088195,0.1742927736636285
16-Jan-2000 21:10:00,2.0861717362667886,0.0183517548850381,0.1737573183827193
16-Jan-2000 21:15:00,2.0728183419182336,0.018113080405848435,0.1731914526292596
16-Jan-2000 21:20:00,2.059277747563353,0.017873610977515185,0.17261370891948602
16-Jan-2000 21:25:00,2.0457119022041352,0.01763731761442443,0.17203211576188404
16-Jan-2000 21:30:00,2.032185487193266,0.017406946897825567,0.17144992326855873
16-Jan-2000 21:35:00,2.018723441114892,0.01718244642936571,0.17086840637662784
16-Jan-2000 21:40:00,2.0053348511765683,0.016963642213875984,0.17028804667720035
16-Jan-2000 21:45:00,1.9920228341396267,0.01675035391659622,0.1697090197757035
16-Jan-2000 21:50:00,1.9787886308702864,0.016542402110359226,0.16913140208536417
16-Jan-2000 21:55:00,1.9656327740199102,0.016339610519313805,0.16855523573923878
16-Jan-2000 22:00:00,1.9521798121271157,0.01614241101816309,0.1679724297774013
16-Jan-2000 22:05:00,1.9366667813067258,0.0159519615230006,0.167306498276342
16-Jan-2000 22:10:00,1.919483642100939,0.01576661874032309,0.16655597665059763
16-Jan-2000 22:15:00,1.901540662593915,0.015585295606577527,0.16576220408318001
16-Jan-2000 22:20:00,1.8833542361072502,0.015407648913808462,0.16495072316952525
16-Jan-2000 22:25:00,1.8651634704405151,0.015233627606863621,0.16413370055999607
16-Jan-2000 22:30:00,1.847071950477612,0.015063248622760195,0.1633165065740587
16-Jan-2000 22:35:00,1.8291232544195493,0.014896517760852209,0.16250145591933923
16-Jan-2000 22:40:00,1.8113349218038084,0.014733411620929083,0.1616895293610859
16-Jan-2000 22:45:00,1.7937130526670275,0.014573880275609904,0.16088112010600822
16-Jan-2000 22:50:00,1.776258555150884,0.014417855853438027,0.1600763539866217
16-Jan-2000 22:55:00,1.758969895364618,0.014265262497378861,0.15927522976881375
16-Jan-2000 23:00:00,1.7417709606151501,0.014116214686710052,0.15847603535264423
16-Jan-2000 23:05:00,1.7242729701016595,0.01397107169136109,0.1576614454363786
16-Jan-2000 23:10:00,1.7065030959406873,0.01382923793911664,0.15682832806764666
16-Jan-2000 23:15:00,1.6886504602104986,0.01369030335544164,0.1559853933941379
16-Jan-2000 23:20:00,1.6708408403849473,0.013554113965331743,0.15513910233884093
16-Jan-2000 23:25:00,1.6531387958037784,0.013420616004921442,0.154292918948434
16-Jan-2000 23:30:00,1.6355738575311332,0.013289779468157927,0.15344849263964536
16-Jan-2000 23:35:00,1.618158144173183,0.013161571236920806,0.15260654869297818
16-Jan-2000 23:40:00,1.6008955326392011,0.013035948932424523,0.1517673688912392
16-Jan-2000 23:45:00,1.5837861096176338,0.01291286186741459,0.15093102630468172
16-Jan-2000 23:50:00,1.566828695331592,0.012792253690287024,0.15009751527670745
16-Jan-2000 23:55:00,1.550022284872444,0.012674064873487819,0.1492668255014412
17-Jan-2000 00:00:00,1.5333667479858728,0.012558234584841036,0.14843900169304908
17-Jan-2000 00:05:00,1.5168598589537179,0.012444701956426371,0.1476139967928595
17-Jan-2000 00:10:00,1.5004991110060282,0.012333406889830058,0.1467917304069239
17-Jan-2000 00:15:00,1.4842847181740015,0.01222429053894056,0.1459722193978668
17-Jan-2000 00:20:00,1.4682155902747769,0.012117295580678495,0.14515550174811162
17-Jan-2000 00:25:00,1.4522895792419885,0.012012366351236772,0.14434150015830574
17-Jan-2000 00:30:00,1.436511078307497,0.011909448899376033,0.1435301918502844
17-Jan-2000 00:35:00,1.4210424675515207,0.011808490990084351,0.14272837639249022
17-Jan-2000 00:40:00,1.405929239952547,0.011705951603581,0.1419409175070452
17-Jan-2000 00:45:00,1.3911132666325075,0.01160284420745183,0.14116519095534058
17-Jan-2000 00:50:00,1.3765610463311324,0.011501267167177129,0.1403992752885383
17-Jan-2000 00:55:00,1.362236247652416,0.011401394067510603,0.13964157230520688
17-Jan-2000 01:00:00,1.3481160696931263,0.0113031921391079,0.1388907545311849
17-Jan-2000 01:05:00,1.3341775441051114,0.011206613174303902,0.13814583657760743
17-Jan-2000 01:10:00,1.3204040478292405,0.011111612408426683,0.13740584534230446
17-Jan-2000 01:15:00,1.306780101873271,0.011018148956518595,0.1366701337251976
17-Jan-2000 01:20:00,1.2932905339839271,0.010926184820936108,0.13593782946249133
17-Jan-2000 01:25:00,1.279925863335791,0.010835684145466162,0.13520851048744284
17-Jan-2000 01:30:00,1.2666736439193813,0.010746612742595607,0.13448149809603818
17-Jan-2000 01:35:00,1.2535277182692812,0.010658937797633009,0.1337564845517967
17-Jan-2000 01:40:00,1.240477892810428,0.01057262767964098,0.1330329370855655
17-Jan-2000 01:45:00,1.2275249302535285,0.010487651816225043,0.13231104620200557
17-Jan-2000 01:50:00,1.2146848953370468,0.010403980606603845,0.13159197249525334
17-Jan-2000 01:55:00,1.2019425241750508,0.010321585357828615,0.13087389527731202
17-Jan-2000 02:00:00,1.189286649324345,0.010240438235172641,0.13015678671529968
17-Jan-2000 02:05:00,1.1767081197580487,0.010160512221387039,0.1294401720429746
17-Jan-2000 02:10:00,1.164203398947471,0.010081781081661483,0.12872384676546952
17-Jan-2000 02:15:00,1.1517673565613271,0.010004219332404574,0.12800752030250662
17-Jan-2000 02:20:00,1.1393984493994374,0.009927802212725474,0.12729305832316926
17-Jan-2000 02:25:00,1.127092883536058,0.009852505657908435,0.12658653774759282
17-Jan-2000 02:30:00,1.1148481076137604,0.009778306274474013,0.12586927838258502
17-Jan-2000 02:35:00,1.1026632746388936,0.009705181316551677,0.12515146745770764
17-Jan-2000 02:40:00,1.0905354981547752,0.009633108663390648,0.12443282234546117
17-Jan-2000 02:45:00,1.0784643223479584,0.009562066797884496,0.12371215536692715
17-Jan-2000 02:50:00,1.066446704692372,0.009492034786026237,0.12299059683348353
17-Jan-2000 02:55:00,1.0544813937678528,0.009422992257224028,0.12226923461890762
17-Jan-2000 03:00:00,1.042620127464423,0.00935479195710004,0.1215481835168871
17-Jan-2000 03:05:00,1.0311598656408942,0.009287140196244815,0.12084404272665902
17-Jan-2000 03:10:00,1.0201085600885573,0.00922034472705242,0.12016230871739836
17-Jan-2000 03:15:00,1.0093218344166741,0.009154580124840342,0.11949475721288284
17-Jan-2000 03:20:00,0.9986941188018467,0.009089858991487653,0.11883437819158736
17-Jan-2000 03:25:00,0.9881679015595544,0.009025156667204777,0.11817720016335156
17-Jan-2000 03:30:00,0.9777128914278356,0.008957803614493299,0.11752111666779856
17-Jan-2000 03:35:00,0.9673144812834844,0.008890471349413218,0.11686505586396465
17-Jan-2000 03:40:00,0.9569657191938328,0.008823876993810055,0.11620852082572615
17-Jan-2000 03:45:00,0.9466620554612689,0.00875810768068096,0.11555118196790215
17-Jan-2000 03:50:00,0.9364024243791098,0.008693148845324832,0.11489291436167696
17-Jan-2000 03:55:00,0.9261871099592742,0.008628975130374056,0.11423371762049675
17-Jan-2000 04:00:00,0.9161948034258509,0.008565321593036947,0.11357866535881375
17-Jan-2000 04:05:00,0.9074170783862153,0.008501656552976435,0.1129879191961947
17-Jan-2000 04:10:00,0.8997976428584366,0.008438557407600312,0.11247606223671937
17-Jan-2000 04:15:00,0.8928492520837386,0.008376361747678501,0.11201196576695846
17-Jan-2000 04:20:00,0.8862512234060396,0.008315123397229673,0.11157245153407902
17-Jan-2000 04:25:00,0.8798371077228178,0.008254795532792564,0.11114507994742986
17-Jan-2000 04:30:00,0.8735261294751087,0.008195311644106959,0.11072373604025422
17-Jan-2000 04:35:00,0.8672801536202411,0.008136611656440352,0.11030551062844218
17-Jan-2000 04:40:00,0.8610806590667831,0.008078647421733122,0.10988900728344868
17-Jan-2000 04:45:00,0.8549184566995582,0.008021381696030184,0.1094735283989224
17-Jan-2000 04:50:00,0.8487889723867956,0.007964785666106216,0.10905873001770391
17-Jan-2000 04:55:00,0.842689645544909,0.007908836622399482,0.10864442836458478
17-Jan-2000 05:00:00,0.8368364042935822,0.00785338591091352,0.1082370855563789
17-Jan-2000 05:05:00,0.8323206142693743,0.0077981153625169665,0.10790792783209512
17-Jan-2000 05:10:00,0.8289384946109283,0.007743325021699579,0.1076638849692248
17-Jan-2000 05:15:00,0.8261311775071127,0.00768921344870295,0.10746532217687013
17-Jan-2000 05:20:00,0.8235804686455689,0.007635819436468478,0.10728735320149242
17-Jan-2000 05:25:00,0.8211350873139062,0.007583120219852198,0.1071178759202052
17-Jan-2000 05:30:00,0.818726126959777,0.0075310788378227375,0.10695133665949491
17-Jan-2000 05:35:00,0.8163223641817574,0.007479660188358777,0.10678521208768403
17-Jan-2000 05:40:00,0.8139094460396364,0.007428834863102697,0.10661834102475924
17-Jan-2000 05:45:00,0.8114805752004486,0.007378579036957279,0.10645017216168412
17-Jan-2000 05:50:00,0.8090324029164663,0.007328873389627018,0.10628043151712904
17-Jan-2000 05:55:00,0.8065631784749077,0.0072797019992079425,0.10610897258717353
17-Jan-2000 06:00:00,0.8042359341944658,0.06475301559647632,0.10594085586458558
17-Jan-2000 06:05:00,0.8028030127317725,0.06070568886175585,0.10582723941996787
17-Jan-2000 06:10:00,0.8020701007730945,0.0591903837611603,0.10576868263829776
17-Jan-2000 06:15:00,0.8016514824487039,0.05859281441021129,0.10573645496550337
17-Jan-2000 06:20:00,0.8013471887698996,0.058360462735550726,0.1057142082459454
17-Jan-2000 06:25:00,0.8010753451079458,0.05827235842781149,0.10569497681558387
17-Jan-2000 06:30:00,0.800809054929241,0.05823916974606287,0.10567634119375716
17-Jan-2000 06:35:00,0.8005431158252014,0.058225981542410585,0.10565774287749437
17-Jan-2000 06:40:00,0.8002789450085535,0.058219719536562235,0.1056392333138594
17-Jan-2000 06:45:00,0.8000187312546106,0.058215724550647475,0.10562096987339871
17-Jan-2000 06:50:00,0.7997637333211838,0.05821243091370085,0.10560305650791225
17-Jan-2000 06:55:00,0.7995141703218511,0.05820935105854489,0.10558552155898575
17-Jan-2000 07:00:00,0.7994421039200615,0.05821089774965826,0.10557376857879686
17-Jan-2000 07:05:00,0.8003238987814367,0.05821183568923762,0.10562112080493291
17-Jan-2000 07:10:00,0.8019212623845858,0.058210442362931415,0.10572531846225836
17-Jan-2000 07:15:00,0.8038331099954122,0.05820815313560208,0.10585586813006001
17-Jan-2000 07:20:00,0.8058532839722591,0.058205537570612066,0.1059959027369064
17-Jan-2000 07:25:00,0.8078904600469112,0.058202821364491446,0.10613783673550313
17-Jan-2000 07:30:00,0.8099062142362932,0.058200093626950486,0.10627846388082221
17-Jan-2000 07:35:00,0.8118850674432695,0.05819738917812078,0.10641648890088089
17-Jan-2000 07:40:00,0.8138212367513226,0.05819472126408667,0.10655142711381671
17-Jan-2000 07:45:00,0.8157129686213604,0.05819209456626703,0.10668312938225141
17-Jan-2000 07:50:00,0.8175602185942776,0.05818951037491669,0.1068115879221946
17-Jan-2000 07:55:00,0.8193636735692176,0.05818696864631599,0.106936854661934
17-Jan-2000 08:00:00,0.8211243431857917,0.05818446882057835,0.10705900724932124
17-Jan-2000 08:05:00,0.8228433876761749,0.058182010146487,0.10717813474282653
17-Jan-2000 08:10:00,0.8245220435933939,0.05817959181029624,0.10729433156755531
17-Jan-2000 08:15:00,0.8261615837725734,0.05817721298654679,0.10740769444211405
17-Jan-2000 08:20:00,0.8277632951183795,0.05817487285789591,0.10751832063800153
17-Jan-2000 08:25:00,0.8293284682496331,0.058172570622611025,0.10762630718541677
17-Jan-2000 08:30:00,0.83085838919222,0.05817030549718823,0.1077317503211558
17-Jan-2000 08:35:00,0.8323543334081419,0.058168076717043,0.10783474506362355
17-Jan-2000 08:40:00,0.8338175608861684,0.058165883536428424,0.10793538491306906
17-Jan-2000 08:45:00,0.8352493100928791,0.058163725228084856,0.10803376147518419
17-Jan-2000 08:50:00,0.8366507931731023,0.058161601082760715,0.10812996412689134
17-Jan-2000 08:55:00,0.8380231936922199,0.05815951040873467,0.10822407986903536
17-Jan-2000 09:00:00,0.8394573820309295,0.05815745238658867,0.10831895941980756
17-Jan-2000 09:05:00,0.8413474064748416,0.058155426354483834,0.10844118761098162
17-Jan-2000 09:10:00,0.8435630838804061,0.05815343193788742,0.10858886033369762
17-Jan-2000 09:15:00,0.8459035072923438,0.05815146848776151,0.10874696513328204
17-Jan-2000 09:20:00,0.8482684736655758,0.05814953534599814,0.10890748020473821
17-Jan-2000 09:25:00,0.8506151587500151,0.058147631888517425,0.10906692083036773
17-Jan-2000 09:30:00,0.852926774130377,0.05814575752000131,0.10922390593340803
17-Jan-2000 09:35:00,0.855197624344424,0.058143911666377106,0.10937795676930126
17-Jan-2000 09:40:00,0.8574265810192325,0.05814209377038274,0.10952896721568846
17-Jan-2000 09:45:00,0.8596143315296205,0.0581403032892835,0.10967697965823986
17-Jan-2000 09:50:00,0.8617622439539119,0.05813853969370103,0.10982209234536597
17-Jan-2000 09:55:00,0.8638719093362641,0.05813680246690371,0.10996442195913117
17-Jan-2000 10:00:00,0.866129777543323,0.05813509086806344,0.11010970961653996
17-Jan-2000 10:05:00,0.8693343754433567,0.058133404402384466,0.11031119627944123
17-Jan-2000 10:10:00,0.8732045371775268,0.05813174302200489,0.11056374243928986
17-Jan-2000 10:15:00,0.8773337085430196,0.058130106217186076,0.11083720811306212
17-Jan-2000 10:20:00,0.8815231230020091,0.05812849345244953,0.11111588600454858
17-Jan-2000 10:25:00,0.8856888509371147,0.05812690423486973,0.11139305834767739
17-Jan-2000 10:30:00,0.8897982395935831,0.05812533810509472,0.11166609792123582
17-Jan-2000 10:35:00,0.8938401887954933,0.058123794625448984,0.11193410537304176
17-Jan-2000 10:40:00,0.89781234927314,0.058122273373162406,0.11219688347757623
17-Jan-2000 10:45:00,0.9017158405188452,0.05812077393711646,0.11245451067580155
17-Jan-2000 10:50:00,0.905553310243074,0.05811929591628522,0.11270718339457128
17-Jan-2000 10:55:00,0.9093275546675756,0.05811783891895615,0.11295511888593904
17-Jan-2000 11:00:00,0.9132472895427651,0.05811640236944362,0.11320454587785658
17-Jan-2000 11:05:00,0.918186675741552,0.0581149858948951,0.11351302414525886
17-Jan-2000 11:10:00,0.9237592210006415,0.058113589480433284,0.1138697213045388
17-Jan-2000 11:15:00,0.9295319682106365,0.05811221273372224,0.11424233946381183
17-Jan-2000 11:20:00,0.9353182424719867,0.05811085524281211,0.11461623907234444
17-Jan-2000 11:25:00,0.9410475178392487,0.05810951662990613,0.11498584704260503
17-Jan-2000 11:30:00,0.9466958179022275,0.05810819654348359,0.11534926607109479
17-Jan-2000 11:35:00,0.9522571175950442,0.05810689464861715,0.1157060185763844
17-Jan-2000 11:40:00,0.9577319773724996,0.058105610621591426,0.11605614769325483
17-Jan-2000 11:45:00,0.9631234676935037,0.058104344147324086,0.11639988381404191
17-Jan-2000 11:50:00,0.968435632707436,0.05810309491816656,0.11673753777794765
17-Jan-2000 11:55:00,0.9736721013233675,0.058101862633301776,0.1170693953754615
17-Jan-2000 12:00:00,0.9790678510651991,0.05810064683951418,0.117402493313737
17-Jan-2000 12:05:00,0.9854922040213068,0.058099447252358695,0.11779351797639931
17-Jan-2000 12:10:00,0.9925197672157303,0.058098263877135924,0.11822861245055387
17-Jan-2000 12:15:00,0.9997275242444724,0.058097096407905134,0.11867711039213052
17-Jan-2000 12:20:00,1.0069366921075513,0.05809594452369204,0.11912548424480963
17-Jan-2000 12:25:00,1.0140815311552493,0.058094807931259,0.11956871289986555
17-Jan-2000 12:30:00,1.0211406293579446,0.05809368635819806,0.12000517650322189
17-Jan-2000 12:35:00,1.0281097899124918,0.05809257954499741,0.12043454830999543
17-Jan-2000 12:40:00,1.0349904494532642,0.058091487240704565,0.12085695557370857
17-Jan-2000 12:45:00,1.0417859186961647,0.05809040920085701,0.12127265556443415
17-Jan-2000 12:50:00,1.048500238144891,0.058089345186552115,0.1216819573771675
17-Jan-2000 12:55:00,1.0551379038805866,0.058088294963977063,0.12208518917399887
17-Jan-2000 13:00:00,1.0614669444649942,0.05808725843790582,0.12247602886327445
17-Jan-2000 13:05:00,1.0666173868023465,0.0580862353836364,0.12280000527244103
17-Jan-2000 13:10:00,1.0710279430291716,0.05808522533745319,0.12307127196705576
17-Jan-2000 13:15:00,1.0751304639612067,0.058084228107557555,0.12331969645210746
17-Jan-2000 13:20:00,1.0791107066343555,0.058083243525686556,0.12355833114757801
17-Jan-2000 13:25:00,1.0830412413263037,0.058082271409454676,0.12379325923754216
17-Jan-2000 13:30:00,1.0869491860327771,0.05808131156753318,0.12402645855717444
17-Jan-2000 13:35:00,1.0908439995029346,0.05808036380611086,0.12425836798804311
17-Jan-2000 13:40:00,1.0947286633903088,0.05807942793241924,0.12448922272123261
17-Jan-2000 13:45:00,1.0986038176709179,0.058078503756291644,0.12471908464336394
17-Jan-2000 13:50:00,1.1024692809710928,0.058077591090800504,0.12494795470359993
17-Jan-2000 13:55:00,1.1063246052894846,0.058076689752458895,0.12517581377096781
17-Jan-2000 14:00:00,1.1097276094289905,0.05807579979809246,0.1253906380892542
17-Jan-2000 14:05:00,1.110971577526925,0.05807492105985496,0.12548971100689066
17-Jan-2000 14:10:00,1.110797382334385,0.05807405292565883,0.12549128617413308
17-Jan-2000 14:15:00,1.1100691540486005,0.05807319526106255,0.1254525493702963
17-Jan-2000 14:20:00,1.1091776115572725,0.05807234797555426,0.12540099015959932
17-Jan-2000 14:25:00,1.1082771276884857,0.058071510950624426,0.12534766192871763
17-Jan-2000 14:30:00,1.1074245925909592,0.05807068404731404,0.12529670454178973
17-Jan-2000 14:35:00,1.1066387503108146,0.05806986711768299,0.12524953032291666
17-Jan-2000 14:40:00,1.105923857283181,0.05806906001134614,0.12520650865556882
17-Jan-2000 14:45:00,1.10527883901903,0.05806826257852094,0.12516762155799013
17-Jan-2000 14:50:00,1.1047007668239184,0.05806747467130605,0.12513271368745804
17-Jan-2000 14:55:00,1.104186156668557,0.058066696144195025,0.12510158616011466
17-Jan-2000 15:00:00,1.1035331925909573,0.05806592696139271,0.12506873005934763
17-Jan-2000 15:05:00,1.1019013816641776,0.058065166988985895,0.12498446896402142
17-Jan-2000 15:10:00,1.099601908509139,0.05806441588890111,0.12485400141297179
17-Jan-2000 15:15:00,1.097064357459901,0.05806367354007071,0.12470535670679671
17-Jan-2000 15:20:00,1.094490263858189,0.05806293984413296,0.12455269781098
17-Jan-2000 15:25:00,1.091959789265945,0.05806221469147832,0.1244018059770583
17-Jan-2000 15:30:00,1.0895016149164451,0.058061497964110434,0.12425481643826518
17-Jan-2000 15:35:00,1.0871239163034543,0.05806078954078258,0.12411239567679153
17-Jan-2000 15:40:00,1.0848269940425745,0.05806008929999181,0.12397464010279655
17-Jan-2000 15:45:00,1.0826082586104604,0.058059397121378774,0.12384143317951536
17-Jan-2000 15:50:00,1.0804641584575596,0.0580587128863091,0.12371258436981354
17-Jan-2000 15:55:00,1.0783908821276258,0.0580580364781107,0.12358770018192183
17-Jan-2000 16:00:00,1.076290190955279,0.0580573678298696,0.12346418388053952
17-Jan-2000 16:05:00,1.0737479023752883,0.05805627641702118,0.12331741462820699
17-Jan-2000 16:10:00,1.0709036833664725,0.05805276792926693,0.12314931604509742
17-Jan-2000 16:15:00,1.0679683215760627,0.058049630621008354,0.12297356809404093
17-Jan-2000 16:20:00,1.0650424434089667,0.058047555961507576,0.12279730874602654
17-Jan-2000 16:25:00,1.0621658613411713,0.0580462223903251,0.12262345492374907
17-Jan-2000 16:30:00,1.0593522017771644,0.05804528863508132,0.12245305432062512
17-Jan-2000 16:35:00,1.0566045751507773,0.058044547199696005,0.12228639421777758
17-Jan-2000 16:40:00,1.053922045127447,0.058043893274541236,0.12212346530380574
17-Jan-2000 16:45:00,1.051302238981173,0.058043279054193035,0.1219641492996101
17-Jan-2000 16:50:00,1.0487423847841604,0.058042684207001836,0.12180829500662932
17-Jan-2000 16:55:00,1.0462396091708126,0.05804210053957936,0.12165574103154601
17-Jan-2000 17:00:00,1.04379121429512,0.058041524885609284,0.12150633354650021
17-Jan-2000 17:05:00,1.0413946265265372,0.058040956049482235,0.12135992622821348
17-Jan-2000 17:10:00,1.0390473768514745,0.05804039356905368,0.12121637824268798
17-Jan-2000 17:15:00,1.036747101080717,0.0580398372408972,0.12107555423165886
17-Jan-2000 17:20:00,1.0344915436429072,0.05803928694757837,0.12093732461551039
17-Jan-2000 17:25:00,1.0322785576746774,0.05803874259843107,0.120801565715724
17-Jan-2000 17:30:00,1.0301060995799993,0.05803820411069516,0.12066815955854861
17-Jan-2000 17:35:00,1.0279722207268158,0.05803767140413101,0.120536993405983
17-Jan-2000 17:40:00,1.0258750662480907,0.058037144399744584,0.12040795961645023
17-Jan-2000 17:45:00,1.0238128865316718,0.05803662301962878,0.120280956239159
17-Jan-2000 17:50:00,1.0217849321872299,0.0580361071870135,0.12015591398779366
17-Jan-2000 17:55:00,1.019791846863364,0.05803559682632421,0.12003290499092029
17-Jan-2000 18:00:00,1.0178302876576786,0.009014235302118779,0.11991175097843151
17-Jan-2000 18:05:00,1.015897837475655,0.004906493816949951,0.11979229548069016
17-Jan-2000 18:10:00,1.0139916104723274,0.0035394003645835776,0.11967438825664449
17-Jan-2000 18:15:00,1.0121042925507218,0.0030058977146447314,0.11955765212621881
17-Jan-2000 18:20:00,1.0102234949898203,0.002794173032161173,0.11944137283379717
17-Jan-2000 18:25:00,1.0083355446315165,0.0027091819766914505,0.11932470192480142
17-Jan-2000 18:30:00,1.0064286540220169,0.0026729674680061725,0.11920687527533153
17-Jan-2000 18:35:00,1.004494141503887,0.0026532086452031004,0.11908731083922551
17-Jan-2000 18:40:00,1.0025263951053154,0.0026383097017426485,0.11896561908340669
17-Jan-2000 18:45:00,1.0005222996057055,0.002624767933874823,0.11884157194509312
17-Jan-2000 18:50:00,0.9984806123697473,0.0026116827220701196,0.11871506423282774
17-Jan-2000 18:55:00,0.9964014147947959,0.0026226987013400704,0.11858607904335611
17-Jan-2000 19:00:00,0.9943713959948466,0.0027297798406102918,0.11845708018888247
17-Jan-2000 19:05:00,0.9927809517004285,0.002804540541951407,0.11835197622323247
17-Jan-2000 19:10:00,0.9915158576676364,0.002834011712690885,0.1182700920470076
17-Jan-2000 19:15:00,0.9903760733707314,0.002871486897781771,0.11819797460759326
17-Jan-2000 19:20:00,0.9892589474764945,0.002903121166594655,0.1181281461779802
17-Jan-2000 19:25:00,0.9881203951962532,0.0029256557684164716,0.11805731108571807
17-Jan-2000 19:30:00,0.9869434778151182,0.00294009713287462,0.11798416639116201
17-Jan-2000 19:35:00,0.9857229574661932,0.002948043689988508,0.11790827788358545
17-Jan-2000 19:40:00,0.9844584461449111,0.0029509438741296247,0.11782957442913908
17-Jan-2000 19:45:00,0.9831514842532538,0.002949979527527554,0.11774813092110101
17-Jan-2000 19:50:00,0.9818043231971333,0.0029460822361372535,0.11766407742148395
17-Jan-2000 19:55:00,0.9804194266604356,0.002939974643861069,0.11757756180312562
17-Jan-2000 20:00:00,0.9788271672398904,0.002932250353616876,0.11748381636840441
17-Jan-2000 20:05:00,0.9762613039938262,0.002923420010613299,0.1173353628809605
17-Jan-2000 20:10:00,0.9729533347013857,0.002913696280980782,0.11713394865077692
17-Jan-2000 20:15:00,0.9693024972098996,0.0029032551880711454,0.11690646614654192
17-Jan-2000 20:20:00,0.9655192595659595,0.0028922741776778475,0.11666822202251759
17-Jan-2000 20:25:00,0.9616985263372674,0.0028809057915637564,0.11642626267722334
17-Jan-2000 20:30:00,0.9578807734829644,0.002869269842591491,0.1161836333529412
17-Jan-2000 20:35:00,0.9540825630736623,0.0028574566542188392,0.11594159706809715
17-Jan-2000 20:40:00,0.9503105074633806,0.0028455331000989976,0.11570066813089079
17-Jan-2000 20:45:00,0.9465669824028007,0.0028335482861420198,0.11546104321800434
17-Jan-2000 20:50:00,0.94285262350042,0.00282153811612168,0.1152227859379576
17-Jan-2000 20:55:00,0.9391674645125289,0.002809528763213695,0.11498591245774185
17-Jan-2000 21:00:00,0.9352710348859418,0.00279755636102498,0.11474341830703609
17-Jan-2000 21:05:00,0.9300573829233543,0.0027856852716386386,0.1144257449908851
17-Jan-2000 21:10:00,0.9238044194455293,0.0027738857032161618,0.11403153096578092
17-Jan-2000 21:15:00,0.917083138417603,0.002762125834075855,0.11359933836407121
17-Jan-2000 21:20:00,0.9102111376796684,0.0027503981430214495,0.11315258874219063
17-Jan-2000 21:25:00,0.9033358982185011,0.002738706996555304,0.11270247785974977
17-Jan-2000 21:30:00,0.8965205574060865,0.00272705963743713,0.11225393400906475
17-Jan-2000 21:35:00,0.889789680662844,0.0027154626340878253,0.1118089569408849
17-Jan-2000 21:40:00,0.8831518379001575,0.0027039210029339176,0.1113683058599924
17-Jan-2000 21:45:00,0.8766086317942527,0.002692438280731003,0.11093220493353242
17-Jan-2000 21:50:00,0.8701587030446288,0.002681016835012553,0.11050064461566801
17-Jan-2000 21:55:00,0.8637991752055362,0.002669658173588752,0.11007350393710177
17-Jan-2000 22:00:00,0.8572462701042225,0.002658391796299271,0.10964212590539754
17-Jan-2000 22:05:00,0.8491438755120772,0.002647316447702146,0.10911848430221475
17-Jan-2000 22:10:00,0.8397239935772453,0.0026363703129774966,0.10849300692579976
17-Jan-2000 22:15:00,0.8296702396130837,0.00262546877751153,0.10781231875837374
17-Jan-2000 22:20:00,0.8194001619716781,0.0026145786747464594,0.10710794278856697
17-Jan-2000 22:25:00,0.8091233771872244,0.002603701093264667,0.10639628479621989
17-Jan-2000 22:30:00,0.7989360597125482,0.00259284841021111,0.1056851286552172
17-Jan-2000 22:35:00,0.7888799333234633,0.0025820330478184333,0.10497797049702497
17-Jan-2000 22:40:00,0.7789710665315698,0.002571264217707185,0.10427630309883508
17-Jan-2000 22:45:00,0.7692132568044617,0.002560547899370129,0.10358064415077749
17-Jan-2000 22:50:00,0.7596052899353909,0.0025498876632675045,0.10289106539373463
17-Jan-2000 22:55:00,0.7501439595473188,0.0025392854848580964,0.10220748631952845
17-Jan-2000 23:00:00,0.74076824849061,0.0025287558676717254,0.10152789848720724
17-Jan-2000 23:05:00,0.73117260768148,0.002518338250870737,0.10083155900064833
17-Jan-2000 23:10:00,0.721362452966944,0.00250799757262339,0.10011275581363684
17-Jan-2000 23:15:00,0.7114783925583092,0.002497701221168153,0.09938127520869622
17-Jan-2000 23:20:00,0.7016198591156173,0.0024874411364841044,0.09864506766512517
17-Jan-2000 23:25:00,0.6918410002757608,0.0024772208891543014,0.09790871351975881
17-Jan-2000 23:30:00,0.6821667568709235,0.0024670462666364244,0.09717446974305866
17-Jan-2000 23:35:00,0.6726062383371927,0.002456921858433695,0.09644325743966613
17-Jan-2000 23:40:00,0.6631612533821412,0.0024468505455866375,0.09571537148865927
17-Jan-2000 23:45:00,0.6538303473121123,0.0024368338782031224,0.09499082081612303
17-Jan-2000 23:50:00,0.6446096871170344,0.0024268725471716544,0.09426939934840128
17-Jan-2000 23:55:00,0.6354956775536129,0.0024169667378702705,0.0935508944275008
18-Jan-2000 00:00:00,0.6264842959333847,0.0024071163544633306,0.09283506500601871
18-Jan-2000 00:05:00,0.6175704529484048,0.002397321150775589,0.0921215777557141
18-Jan-2000 00:10:00,0.6087491624178075,0.0023875808030027657,0.09141008204419841
18-Jan-2000 00:15:00,0.6000161933772087,0.0023778949488381176,0.0907002612371188
18-Jan-2000 00:20:00,0.5913670994170163,0.0023682632080607568,0.08999180883455107
18-Jan-2000 00:25:00,0.5827976166680013,0.0023586851931885595,0.08928438310044419
18-Jan-2000 00:30:00,0.5743043317891631,0.0023491605149054792,0.08857771920865852
18-Jan-2000 00:35:00,0.565883795178259,0.0023396887848073874,0.08787155253844176
18-Jan-2000 00:40:00,0.5575317249679836,0.002330269616752219,0.08716554212309129
18-Jan-2000 00:45:00,0.5492442317843488,0.002320902627526013,0.08645934520772017
18-Jan-2000 00:50:00,0.5410186598252071,0.002311587437143233,0.08575270086481944
18-Jan-2000 00:55:00,0.5328582258652701,0.002302323668986153,0.08504573554859578
18-Jan-2000 01:00:00,0.524763113784536,0.0022931109498480146,0.08433864584567377
18-Jan-2000 01:05:00,0.5167267258413761,0.0022839489099349404,0.08363088670341828
18-Jan-2000 01:10:00,0.508743635195489,0.002274837182846365,0.08292192163331051
18-Jan-2000 01:15:00,0.5008093724414516,0.00226577540554953,0.08221131546584025
18-Jan-2000 01:20:00,0.49292025415828444,0.0022567632183432915,0.08149866024708154
18-Jan-2000 01:25:00,0.4850743561105751,0.0022478002648247727,0.08078370132234321
18-Jan-2000 01:30:00,0.47727019118604475,0.0022388861918520046,0.08006624111286198
18-Jan-2000 01:35:00,0.46950558232996603,0.0022300206495077745,0.07934601877426332
18-Jan-2000 01:40:00,0.4617793386741087,0.002221203291064352,0.07862282100022291
18-Jan-2000 01:45:00,0.45409072651024124,0.002212433772947402,0.07789649271922047
18-Jan-2000 01:50:00,0.4464389974752126,0.0022037117547000873,0.0771668812328494
18-Jan-2000 01:55:00,0.4388220073967604,0.0021950368989494835,0.07643371219157416
18-Jan-2000 02:00:00,0.43123889033877166,0.0021864088713700915,0.0756967522812409
18-Jan-2000 02:05:00,0.42368968061397494,0.0021778273406530273,0.07495588809465678
18-Jan-2000 02:10:00,0.4161749911009753,0.0021692919784702747,0.07421105018095901
18-Jan-2000 02:15:00,0.40869477931800197,0.002160802459441386,0.07346213745779295
18-Jan-2000 02:20:00,0.40124894294361696,0.0021523584611027554,0.07270900477263523
18-Jan-2000 02:25:00,0.3938401264894875,0.0021439596638726716,0.0719515813908822
18-Jan-2000 02:30:00,0.3865004267588388,0.0021356057510229834,0.07119261109464742
18-Jan-2000 02:35:00,0.3792184296977885,0.002127296408645949,0.07043204756983935
18-Jan-2000 02:40:00,0.37197982962977183,0.0021190313256226156,0.06966800686379226
18-Jan-2000 02:45:00,0.36477904884116064,0.002110810193592368,0.06889963067547336
18-Jan-2000 02:50:00,0.357614729744101,0.0021026327069240654,0.06812655745841621
18-Jan-2000 02:55:00,0.3504867001661423,0.002094498562686505,0.06734858697900746
18-Jan-2000 03:00:00,0.34345060698626695,0.0020863939860879016,0.06656819905354526
18-Jan-2000 03:05:00,0.3368177606275499,0.0020782924507082383,0.06581692807409995
18-Jan-2000 03:10:00,0.33059883047454525,0.002070228700229376,0.06510665696007961
18-Jan-2000 03:15:00,0.32464779949846984,0.0020622205998457777,0.0644227190847948
18-Jan-2000 03:20:00,0.3188562269316937,0.0020542693750763568,0.06375210161002835
18-Jan-2000 03:25:00,0.31316345348670954,0.0020463712373599108,0.0630870878228975
18-Jan-2000 03:30:00,0.3075397332133297,0.002038522091396887,0.062423706301187674
18-Jan-2000 03:35:00,0.3019727425192539,0.0020307187682917734,0.06176018732691621
18-Jan-2000 03:40:00,0.2964591446554343,0.0020229590700238183,0.06109595461057881
18-Jan-2000 03:45:00,0.2909997681173138,0.002015241524405311,0.060430988166733306
18-Jan-2000 03:50:00,0.28559853113055506,0.0020075651388019988,0.05976568826739824
18-Jan-2000 03:55:00,0.28026035980961345,0.001999929218840185,0.059100642518999956
18-Jan-2000 04:00:00,0.2751844685788019,0.0019923102909944605,0.05844668312940652
18-Jan-2000 04:05:00,0.2714317975278018,0.001984665874487455,0.057928544975422464
18-Jan-2000 04:10:00,0.26891553077006236,0.001977050534563612,0.05757831425141533
18-Jan-2000 04:15:00,0.26709554698076954,0.0019694915978875622,0.0573294907068018
18-Jan-2000 04:20:00,0.26561240974647027,0.0019619928357109723,0.05713116764913345
18-Jan-2000 04:25:00,0.2642763893132991,0.0019545505727184523,0.05695528070443879
18-Jan-2000 04:30:00,0.2629968737303239,0.0019471599418617676,0.05678806652949382
18-Jan-2000 04:35:00,0.2617346356395891,0.0019398167340989047,0.05662337879471273
18-Jan-2000 04:40:00,0.26047553813458424,0.001932517723975754,0.05645885993565851
18-Jan-2000 04:45:00,0.2592170237513597,0.0019252605464627449,0.0562939372598923
18-Jan-2000 04:50:00,0.25796144543616456,0.0019180434882870609,0.05612882064690821
18-Jan-2000 04:55:00,0.2567128900688247,0.001910865301664498,0.05596401856536838
18-Jan-2000 05:00:00,0.2557120968305534,0.0019037133488915955,0.05581320959070864
18-Jan-2000 05:05:00,0.25612625089359936,0.0018965616263185272,0.055822818619662075
18-Jan-2000 05:10:00,0.25769793650588557,0.00188943731224052,0.05600479889001764
18-Jan-2000 05:15:00,0.25979863866436803,0.001882356863449499,0.05627102887625003
18-Jan-2000 05:20:00,0.26207000648747564,0.0018753236073052936,0.05656598622512409
18-Jan-2000 05:25:00,0.26434631567935324,0.0018683361625857226,0.056863397178892584
18-Jan-2000 05:30:00,0.2665602810886528,0.0018613921052643809,0.05715245517748574
18-Jan-2000 05:35:00,0.26869026392247397,0.0018544891489014582,0.05742957497478542
18-Jan-2000 05:40:00,0.27073447852525284,0.001847625419227802,0.05769431050390378
18-Jan-2000 05:45:00,0.2726991347093755,0.0018407994465595417,0.05794747727160772
18-Jan-2000 05:50:00,0.27459293771186805,0.0018340100897213116,0.0581902948095446
18-Jan-2000 05:55:00,0.2764248592252993,0.0018272564573407692,0.058424034900892645
18-Jan-2000 06:00:00,0.2783779150242986,0.06476547901258144,0.05865939762820759
18-Jan-2000 06:05:00,0.2812458401154166,0.06056108692650714,0.05899253977755513
18-Jan-2000 06:10:00,0.28481194942265337,0.05898796236810042,0.059423671067192506
18-Jan-2000 06:15:00,0.2886609192561328,0.05836978634493079,0.059895641210104884
18-Jan-2000 06:20:00,0.2926031471333128,0.05813040559478524,0.060378262521074214
18-Jan-2000 06:25:00,0.29657845579685177,0.05804126032300863,0.06086235534898392
18-Jan-2000 06:30:00,0.30056852266367917,0.05800957391923243,0.06134438796872329
18-Jan-2000 06:35:00,0.30458728192897555,0.05799890172538835,0.061825640851136184
18-Jan-2000 06:40:00,0.30864902416985984,0.05799551853437145,0.06230798550256212
18-Jan-2000 06:45:00,0.31275950127318597,0.0579945018023108,0.06279229444285819
18-Jan-2000 06:50:00,0.3169169401060419,0.05799418523432738,0.06327848211792782
18-Jan-2000 06:55:00,0.3211146756940532,0.057994045501062956,0.06376582962731586
18-Jan-2000 07:00:00,0.3255382728234822,0.057997170653567166,0.06426297056566628
18-Jan-2000 07:05:00,0.33102446895396853,0.057999684714983894,0.06486371258872399
18-Jan-2000 07:10:00,0.3372511118949996,0.05800060799188126,0.06555655038727122
18-Jan-2000 07:15:00,0.343750981537689,0.058000898393157675,0.06628143525821298
18-Jan-2000 07:20:00,0.3502925891245155,0.058000937209872566,0.06700697488410946
18-Jan-2000 07:25:00,0.3567792139107657,0.05800087630795603,0.06772026778151093
18-Jan-2000 07:30:00,0.3631748862092428,0.05800077620314913,0.06841681216065708
18-Jan-2000 07:35:00,0.36946951812994394,0.05800066100978001,0.06909563620113379
18-Jan-2000 07:40:00,0.3756620695441537,0.05800054033429447,0.06975701571382657
18-Jan-2000 07:45:00,0.3817550045367356,0.05800041800076192,0.07040164927153254
18-Jan-2000 07:50:00,0.3877523493085561,0.05800029552860276,0.07103038221774914
18-Jan-2000 07:55:00,0.39365852495883974,0.058000173518706975,0.07164409421141137
18-Jan-2000 08:00:00,0.39947774410610876,0.05800005220591655,0.07224361005651388
18-Jan-2000 08:05:00,0.4052132630627798,0.05799993167922159,0.0728296277161761
18-Jan-2000 08:10:00,0.41086801618646857,0.05799981196953359,0.07340277159154067
18-Jan-2000 08:15:00,0.4164447161556955,0.057999693084660776,0.0739636168911579
18-Jan-2000 08:20:00,0.42194592826026195,0.05799957502325556,0.07451269637933784
18-Jan-2000 08:25:00,0.4273745072901601,0.05799945778036908,0.0750505464441844
18-Jan-2000 08:30:00,0.43273268883311083,0.05799934134966496,0.07557764176443818
18-Jan-2000 08:35:00,0.43802239583391,0.057999225724301405,0.07609439573129158
18-Jan-2000 08:40:00,0.4432456043357708,0.05799911089727868,0.07660120309967156
18-Jan-2000 08:45:00,0.44840435168499737,0.057998996861585966,0.07709846277962748
18-Jan-2000 08:50:00,0.45350031556156434,0.0579988836102484,0.0775865175067604
18-Jan-2000 08:55:00,0.4585353194929408,0.057998771136353454,0.07806571712511952
18-Jan-2000 09:00:00,0.46360669455217013,0.057998659425254395,0.07854034411400708
18-Jan-2000 09:05:00,0.46912645309000084,0.057998548469811576,0.07904873460414062
18-Jan-2000 09:10:00,0.474943297437039,0.05799843827777688,0.07958677541685218
18-Jan-2000 09:15:00,0.48084081643024307,0.05799832884140746,0.08013189333291865
18-Jan-2000 09:20:00,0.4867143229346634,0.05799822015166479,0.08067252965412543
18-Jan-2000 09:25:00,0.49252115021566634,0.057998112200589556,0.0812040396647408
18-Jan-2000 09:30:00,0.49824623991523737,0.0579980049810616,0.08172486694137904
18-Jan-2000 09:35:00,0.5038864826522308,0.05799789848642251,0.08223478321939039
18-Jan-2000 09:40:00,0.5094430121604733,0.057997792710260086,0.08273403918865933
18-Jan-2000 09:45:00,0.5149192388751098,0.057997687646301005,0.08322309589491617
18-Jan-2000 09:50:00,0.5203185038275837,0.05799758328837353,0.0837024472031252
18-Jan-2000 09:55:00,0.5256434582440441,0.05799747963038099,0.084172495332269
18-Jan-2000 10:00:00,0.5310899342801968,0.05799737665217083,0.08464112609225527
18-Jan-2000 10:05:00,0.5374791707030766,0.05799727434738557,0.08517946309425514
18-Jan-2000 10:10:00,0.544500104437973,0.057997172736078996,0.08577864437309798
18-Jan-2000 10:15:00,0.5517269822061481,0.0579970718102204,0.08639710881808067
18-Jan-2000 10:20:00,0.5589561391669714,0.057996971559556555,0.08701387138294311
18-Jan-2000 10:25:00,0.566105170573795,0.057996871975759166,0.08762048471100636
18-Jan-2000 10:30:00,0.5731488360855678,0.05799677305193813,0.08821429764565528
18-Jan-2000 10:35:00,0.5800815511087065,0.057996674781959606,0.08879498314539545
18-Jan-2000 10:40:00,0.5869012297218783,0.05799657716005745,0.08936254930029625
18-Jan-2000 10:45:00,0.5936100880021081,0.05799648018065956,0.08991736720530535
18-Jan-2000 10:50:00,0.6002124228918988,0.057996383838303085,0.09045999999745885
18-Jan-2000 10:55:00,0.6067135538796693,0.057996288127604954,0.09099108189834407
18-Jan-2000 11:00:00,0.6133198632712071,0.057996193030556364,0.09151850644722866
18-Jan-2000 11:05:00,0.6208669501603611,0.057996098541765684,0.09211003829481418
18-Jan-2000 11:10:00,0.6290060845069929,0.05799600467915815,0.0927542638195903
18-Jan-2000 11:15:00,0.6373203097335253,0.05799591143545939,0.09341297304918635
18-Jan-2000 11:20:00,0.6456185375589908,0.05799581880155981,0.09406795044578378
18-Jan-2000 11:25:00,0.653824241770892,0.05799572677010172,0.09471198274188916
18-Jan-2000 11:30:00,0.6619109843961171,0.05799563533501012,0.09534268779030167
18-Jan-2000 11:35:00,0.6698735863448697,0.05799554449086885,0.09595969398945038
18-Jan-2000 11:40:00,0.6777147689847951,0.05799545423258772,0.09656340364795536
18-Jan-2000 11:45:00,0.6854392040970169,0.057995364555239744,0.09715440219714143
18-Jan-2000 11:50:00,0.6930523291077483,0.05799527545399357,0.09773332090855545
18-Jan-2000 11:55:00,0.7005602444289262,0.0579951869240891,0.09830082844148214
18-Jan-2000 12:00:00,0.7081840020852983,0.05799509894939125,0.09886490992604684
18-Jan-2000 12:05:00,0.7167531558506745,0.05799501152531389,0.09948910292013922
18-Jan-2000 12:10:00,0.7258925434042434,0.057994924667935446,0.10015996958249647
18-Jan-2000 12:15:00,0.7351977059890278,0.05799483837066022,0.10084299691588469
18-Jan-2000 12:20:00,0.7444853920025445,0.05799475262536833,0.1015220289268591
18-Jan-2000 12:25:00,0.7536831554884014,0.057994667425546834,0.10219073621732735
18-Jan-2000 12:30:00,0.762767137242755,0.05799458276581644,0.10284711755514052
18-Jan-2000 12:35:00,0.7717319137713246,0.05799449864138588,0.10349084635056535
18-Jan-2000 12:40:00,0.7805795757884161,0.05799441504774419,0.10412222561454688
18-Jan-2000 12:45:00,0.7893162691473875,0.0579943319805242,0.10474186754632299
18-Jan-2000 12:50:00,0.7979479476939444,0.05799424943544549,0.10535042610880735
18-Jan-2000 12:55:00,0.8064794709466916,0.057994167408282525,0.10594843336947352
18-Jan-2000 13:00:00,0.814699554972983,0.057994085905317384,0.10652948639148531
18-Jan-2000 13:05:00,0.8217941215083863,0.05799400492254997,0.10703584817873395
18-Jan-2000 13:10:00,0.8281423639266549,0.05799392443680201,0.1074806910570829
18-Jan-2000 13:15:00,0.8341521747339536,0.05799384444577001,0.10789631364747809
18-Jan-2000 13:20:00,0.84001250703434,0.05799376494874821,0.10829831517747525
18-Jan-2000 13:25:00,0.8458033243828614,0.05799368594367165,0.10869334440543225
18-Jan-2000 13:30:00,0.8515570925478291,0.05799360742749993,0.1090841379683233
18-Jan-2000 13:35:00,0.8572859797469743,0.05799352939672457,0.1094717491227392
18-Jan-2000 13:40:00,0.8629942026000328,0.05799345184765282,0.10985656825228038
18-Jan-2000 13:45:00,0.8686827982851768,0.05799337477653397,0.11023872371829586
18-Jan-2000 13:50:00,0.874351635838272,0.0579932981796123,0.11061824199521397
18-Jan-2000 13:55:00,0.8800003929911839,0.057993222053155796,0.11099512636129161
18-Jan-2000 14:00:00,0.8852291622943301,0.057993146413471926,0.11135717290584518
18-Jan-2000 14:05:00,0.8884451865867222,0.05799307125792632,0.11159753342936642
18-Jan-2000 14:10:00,0.890270060282787,0.05799299654574808,0.11173163651722844
18-Jan-2000 14:15:00,0.8915051471149424,0.057992922276145706,0.11181842468280767
18-Jan-2000 14:20:00,0.892539513449264,0.057992848451905825,0.11188824073869387
18-Jan-2000 14:25:00,0.8935385105044085,0.05799277507326741,0.11195417638640286
18-Jan-2000 14:30:00,0.8945677534146007,0.057992702138532116,0.11202149269585289
18-Jan-2000 14:35:00,0.8956507225150678,0.057992629645018966,0.11209212021893708
18-Jan-2000 14:40:00,0.8967936259910645,0.05799255758962579,0.1121666175065261
18-Jan-2000 14:45:00,0.897995809052048,0.05799248596908745,0.112244994534338
18-Jan-2000 14:50:00,0.8992540307784229,0.057992414780090054,0.11232705202302047
18-Jan-2000 14:55:00,0.9005641977956453,0.05799234401931659,0.11241251918919426
18-Jan-2000 15:00:00,0.90174191458292,0.057992273693217654,0.11249572904005471
18-Jan-2000 15:05:00,0.9020021204566016,0.057992203799244725,0.11252554482496381
18-Jan-2000 15:10:00,0.9015996686687124,0.05799213431592059,0.11250539186387752
18-Jan-2000 15:15:00,0.9009314546716869,0.057992065241242924,0.11246365719997939
18-Jan-2000 15:20:00,0.9001971219800766,0.05799199657512027,0.11241568585201783
18-Jan-2000 15:25:00,0.8994820754487166,0.057991928316273915,0.11236819215280411
18-Jan-2000 15:30:00,0.8988194426490758,0.05799186046248291,0.11232384348642915
18-Jan-2000 15:35:00,0.8982199239905874,0.05799179301105211,0.1122835533882515
18-Jan-2000 15:40:00,0.8976849411138097,0.05799172595908472,0.11224750358208058
18-Jan-2000 15:45:00,0.8972122376238603,0.0579916593036098,0.1122155819564429
18-Jan-2000 15:50:00,0.8967982144714257,0.05799159304164552,0.11218756609970522
18-Jan-2000 15:55:00,0.8964388866422799,0.05799152717022352,0.11216319887884062
18-Jan-2000 16:00:00,0.8960439482253019,0.057991461691044945,0.1121396447470605
18-Jan-2000 16:05:00,0.8952244269208367,0.0579911729198529,0.1120916684229226
18-Jan-2000 16:10:00,0.8940940388819321,0.05798871361848334,0.11202005864134185
18-Jan-2000 16:15:00,0.8928482750586885,0.057986372208876216,0.11193872466812947
18-Jan-2000 16:20:00,0.8915871438349725,0.05798495966262173,0.11185537004140439
18-Jan-2000 16:25:00,0.8903532872305269,0.05798422394950258,0.11177337220012105
18-Jan-2000 16:30:00,0.8891627367744029,0.057983857349536275,0.11169404535702371
18-Jan-2000 16:35:00,0.8880200284289976,0.057983667103321375,0.11161780174963623
18-Jan-2000 16:40:00,0.8869249523870433,0.057983554463755124,0.1115446766006424
18-Jan-2000 16:45:00,0.885875494381235,0.05798347400710053,0.11147455790260831
18-Jan-2000 16:50:00,0.8848690513194433,0.057983406320084946,0.11140728324730177
18-Jan-2000 16:55:00,0.883902890952162,0.05798334357902375,0.11134267699855667
18-Jan-2000 17:00:00,0.8829743250722526,0.057983282793143395,0.11128056428815236
18-Jan-2000 17:05:00,0.8820807794985682,0.057983222877722985,0.11122077659041607
18-Jan-2000 17:10:00,0.8812198208263922,0.0579831634612295,0.11116315403550509
18-Jan-2000 17:15:00,0.8803891570578138,0.05798310442462595,0.11110754575069202
18-Jan-2000 17:20:00,0.8795866306720016,0.05798304573262434,0.11105380949128085
18-Jan-2000 17:25:00,0.8788102099483401,0.057982987375386916,0.11100181114149614
18-Jan-2000 17:30:00,0.8780579775204047,0.05798292934977114,0.1109514240118703
18-Jan-2000 17:35:00,0.877328122357692,0.05798287165391368,0.11090252827308808
18-Jan-2000 17:40:00,0.8766189353064756,0.057982814285923216,0.11085501065557894
18-Jan-2000 17:45:00,0.8759288068250065,0.05798275724371103,0.11080876430765162
18-Jan-2000 17:50:00,0.8752562238006579,0.05798270052505265,0.11076368864331113
18-Jan-2000 17:55:00,0.8745997631342564,0.057982644127662596,0.11071968897167471
18-Jan-2000 18:00:00,0.8739580867399327,0.008744787905979419,0.11067667613977016
18-Jan-2000 18:05:00,0.8733298957984909,0.004269445648058344,0.11063456530242487
18-Jan-2000 18:10:00,0.8727127070271774,0.0025408681353103636,0.11059322412726685
18-Jan-2000 18:15:00,0.872098987363557,0.0017026902534778246,0.11055223534290728
18-Jan-2000 18:20:00,0.8714755967959209,0.0012622740235113845,0.11051077929804114
18-Jan-2000 18:25:00,0.8708279695989883,0.0010339495050482358,0.11046787764975677
18-Jan-2000 18:30:00,0.8701436237631627,0.0009272360130703894,0.11042265445700623
18-Jan-2000 18:35:00,0.8694135192537938,0.0008838696222905712,0.11037445356442037
18-Jan-2000 18:40:00,0.8686320101469973,0.0008681463305923301,0.11032284993157757
18-Jan-2000 18:45:00,0.8677962067034718,0.016579226516142583,0.1102676118456929
18-Jan-2000 18:50:00,0.8669129339540856,0.041021034065867476,0.1102088137862851
18-Jan-2000 18:55:00,0.8661681545497469,0.06755655623096389,0.11015451863845128
18-Jan-2000 19:00:00,0.8666381716955969,0.13124728029997138,0.11016210728767867
18-Jan-2000 19:05:00,0.8689069718420591,0.22032051896728153,0.11029593080847888
18-Jan-2000 19:10:00,0.8719321150226795,0.2765914791080555,0.11049217623292179
18-Jan-2000 19:15:00,0.8753853705128104,0.2476176915003423,0.1107168645085072
18-Jan-2000 19:20:00,0.8797180510199888,0.21368653202886045,0.11099269774897816
18-Jan-2000 19:25:00,0.8853016852527755,0.18811685798302444,0.11134359080334094
18-Jan-2000 19:30:00,0.8923568116143429,0.16846076955930703,0.11178983814860853
18-Jan-2000 19:35:00,0.9014452358943689,0.15115004609160596,0.11237085599200315
18-Jan-2000 19:40:00,0.910615550875504,0.13830791517407443,0.11296077149937116
18-Jan-2000 19:45:00,0.9212115915697294,0.12645983025631574,0.11364444003016691
18-Jan-2000 19:50:00,0.9306649225203989,0.11774296056738061,0.11425505364168774
18-Jan-2000 19:55:00,0.9411468792115354,0.10929870714498811,0.1149306251654847
18-Jan-2000 20:00:00,0.9513657201870204,0.10192589462067762,0.11559391031313024
18-Jan-2000 20:05:00,0.9603901536131882,0.09543258871146344,0.11618533589705166
18-Jan-2000 20:10:00,0.9684544028250294,0.089655615792743,0.11670684073315145
18-Jan-2000 20:15:00,0.9759340224147645,0.08452831191446379,0.11718560781950128
18-Jan-2000 20:20:00,0.9829954684737574,0.07993978924805005,0.11763478338401229
18-Jan-2000 20:25:00,0.9896974616946789,0.07580707295339804,0.11805930969607493
18-Jan-2000 20:30:00,0.9960572797531868,0.07206211236576716,0.11846085476404583
18-Jan-2000 20:35:00,1.002078571774761,0.06868230935730482,0.11883998262344628
18-Jan-2000 20:40:00,1.0077616430937106,0.0655856355825336,0.11919693755276109
18-Jan-2000 20:45:00,1.0131075797024267,0.06273847450830838,0.11953196815363326
18-Jan-2000 20:50:00,1.0181192431450694,0.06009117623016294,0.11984541140385961
18-Jan-2000 20:55:00,1.0228015101511776,0.05766177287273096,0.12013771151524053
18-Jan-2000 21:00:00,1.0268907926307516,0.055376218673214135,0.12040185055123646
18-Jan-2000 21:05:00,1.029201170157374,0.053257135469314584,0.12056625461291424
18-Jan-2000 21:10:00,1.030118631962799,0.05127665853212974,0.12063586593072584
18-Jan-2000 21:15:00,1.0302749982675472,0.04944810124766872,0.120652704243298
18-Jan-2000 21:20:00,1.0299944521091362,0.047749739374725673,0.12063995297294908
18-Jan-2000 21:25:00,1.0294199681123046,0.04612856423220125,0.12060796966113486
18-Jan-2000 21:30:00,1.028613914512247,0.04461025326155262,0.12056124445179012
18-Jan-2000 21:35:00,1.0276053075504001,0.043181580559970026,0.12050181780915024
18-Jan-2000 21:40:00,1.0264097103685808,0.0418598289885821,0.12043073740316511
18-Jan-2000 21:45:00,1.0250373227709804,0.04063171660196554,0.12034865312803726
18-Jan-2000 21:50:00,1.023496214430194,0.039487025648217405,0.12025605595473911
18-Jan-2000 21:55:00,1.021793582763839,0.038414191698403176,0.12015337160120582
18-Jan-2000 22:00:00,1.019643762962743,0.037360035807812844,0.1200328042287663
18-Jan-2000 22:05:00,1.0156664434244476,0.03636948385731746,0.11981241618755956
18-Jan-2000 22:10:00,1.0101222233890021,0.035409215692500155,0.11948564316676401
18-Jan-2000 22:15:00,1.0037255754689813,0.03448981260154181,0.11909743960673665
18-Jan-2000 22:20:00,0.9969129743392104,0.03362271637619035,0.11867796397007901
18-Jan-2000 22:25:00,0.9899002146156941,0.03280410570473586,0.11824252860134118
18-Jan-2000 22:30:00,0.9827876993710742,0.032030494291890296,0.1177983234604977
18-Jan-2000 22:35:00,0.9756217582698085,0.03129872020178668,0.1173486469008419
18-Jan-2000 22:40:00,0.9684244704886218,0.03060590067208212,0.11689505435331952
18-Jan-2000 22:45:00,0.9612065804945052,0.02994938264771566,0.11643828748869109
18-Jan-2000 22:50:00,0.9539729906159584,0.02931571622294077,0.11597867920035816
18-Jan-2000 22:55:00,0.9467262345129155,0.028680227799377254,0.11551637047223717
18-Jan-2000 23:00:00,0.9394106504411471,0.028074957650460256,0.11504982311003505
18-Jan-2000 23:05:00,0.9317202189673996,0.027499551783482137,0.11456058587104441
18-Jan-2000 23:10:00,0.9236720338575153,0.026944800858023813,0.11404434075718617
18-Jan-2000 23:15:00,0.9154177122455297,0.026391517900605666,0.11351049226911186
18-Jan-2000 23:20:00,0.9070641609931301,0.025861981811271462,0.11296651370486673
18-Jan-2000 23:25:00,0.8986697318355116,0.025356040829833795,0.11241663770213405
18-Jan-2000 23:30:00,0.8902631217673862,0.024872306876527115,0.11186297530058548
18-Jan-2000 23:35:00,0.881858629347091,0.024409497149404654,0.11130655342455797
18-Jan-2000 23:40:00,0.8734635484286138,0.023966428962417123,0.11074789101631252
18-Jan-2000 23:45:00,0.8650813190631349,0.023542006013281637,0.11018722881487299
18-Jan-2000 23:50:00,0.8567129430449199,0.023135209271873968,0.10962462181317752
18-Jan-2000 23:55:00,0.8483593228144567,0.02274509220619153,0.10906010250066514
19-Jan-2000 00:00:00,0.8400205017823181,0.022370774481428348,0.10849365813134919
19-Jan-2000 00:05:00,0.8316959120067813,0.02201142949503303,0.10792522690795599
19-Jan-2000 00:10:00,0.8233851855150608,0.021666285534362194,0.10735473903032448
19-Jan-2000 00:15:00,0.8150885264322799,0.021334621851668983,0.10678217445318337
19-Jan-2000 00:20:00,0.8068060212372634,0.021015764530165536,0.10620751039332929
19-Jan-2000 00:25:00,0.7985370019653195,0.02070898428736486,0.10563067277232692
19-Jan-2000 00:30:00,0.7902814524813242,0.02039980707798467,0.10505161337465664
19-Jan-2000 00:35:00,0.782039113562447,0.020096902165631373,0.1044702852945585
19-Jan-2000 00:40:00,0.7738099620074725,0.019803709186579362,0.10388664241743888
19-Jan-2000 00:45:00,0.7655937363289718,0.019519867892485287,0.10330062931203253
19-Jan-2000 00:50:00,0.7573905055355987,0.01924495347293529,0.10271220655605393
19-Jan-2000 00:55:00,0.7492004549670653,0.01897857179438937,0.1021213443792081
19-Jan-2000 01:00:00,0.7410232243134366,0.018720356029450602,0.10152798774615308
19-Jan-2000 01:05:00,0.7328590065528882,0.01846996252393982,0.10093208100017378
19-Jan-2000 01:10:00,0.7247091375502206,0.018227067881890005,0.10033367657147323
19-Jan-2000 01:15:00,0.7165737954365393,0.017988485758012027,0.09973276505008313
19-Jan-2000 01:20:00,0.7084518911099791,0.017749428978261258,0.0991292279436983
19-Jan-2000 01:25:00,0.7003432796123966,0.017516169271866912,0.09852298838465132
19-Jan-2000 01:30:00,0.6922483106967653,0.017289015910329254,0.09791401888570629
19-Jan-2000 01:35:00,0.6841672041667407,0.017067748811926273,0.09730229349749385
19-Jan-2000 01:40:00,0.6760998139883895,0.01685214403963131,0.09668774303823754
19-Jan-2000 01:45:00,0.6680463598704985,0.016641992586406546,0.09607033473764441
19-Jan-2000 01:50:00,0.6600072053780234,0.016437098317971317,0.09545002918316768
19-Jan-2000 01:55:00,0.6519825810501622,0.01623727597507156,0.09482680229171456
19-Jan-2000 02:00:00,0.6439727846805386,0.01604234978725889,0.09420060352317412
19-Jan-2000 02:05:00,0.6359787473936523,0.015852152485540668,0.09357144415597592
19-Jan-2000 02:10:00,0.6280013884093995,0.015666524562813637,0.09293933924532301
19-Jan-2000 02:15:00,0.620040954961935,0.015485313690968994,0.09230425992318098
19-Jan-2000 02:20:00,0.6120978867640535,0.015308374240023055,0.09166617408421061
19-Jan-2000 02:25:00,0.6041732943143451,0.015135566866262069,0.09102508287250598
19-Jan-2000 02:30:00,0.5962691266145247,0.014966758149160849,0.09038109558373192
19-Jan-2000 02:35:00,0.5883853063239135,0.01480182026452748,0.08973416607575839
19-Jan-2000 02:40:00,0.5805223099415282,0.01464063068587768,0.08908425376051539
19-Jan-2000 02:45:00,0.5726810975230122,0.014483072248631,0.08843136741158636
19-Jan-2000 02:50:00,0.5648628585875101,0.01432903717607327,0.08777553853540361
19-Jan-2000 02:55:00,0.5570687338294128,0.014178418036580724,0.087116802349259
19-Jan-2000 03:00:00,0.5493541298348659,0.014030872485143663,0.08645715360443527
19-Jan-2000 03:05:00,0.542031145696939,0.013885850969897133,0.08582111297433216
19-Jan-2000 03:10:00,0.5351031364981302,0.013743849945299506,0.0852167161469426
19-Jan-2000 03:15:00,0.5284230668460793,0.013605070399559624,0.08463214486233092
19-Jan-2000 03:20:00,0.5218870772039469,0.013469458259586143,0.08405767332992753
19-Jan-2000 03:25:00,0.5154391425960109,0.013336883926515311,0.0834878155314837
19-Jan-2000 03:30:00,0.5090517051330585,0.013207210636823136,0.08291980660615811
19-Jan-2000 03:35:00,0.5027114157423915,0.013080314220846531,0.08235229512653659
19-Jan-2000 03:40:00,0.4964120057529228,0.012956085937656079,0.0817846222481787
19-Jan-2000 03:45:00,0.4901511767608374,0.012834430323812257,0.08121651185092904
19-Jan-2000 03:50:00,0.48392899448904514,0.012715262212480595,0.08064792816252123
19-Jan-2000 03:55:00,0.4777479752903626,0.01259850417844923,0.08007901229235014
19-Jan-2000 04:00:00,0.4718074506187674,0.012483597958865184,0.07951798359767859
19-Jan-2000 04:05:00,0.46715880656076364,0.012369608421576745,0.07905610038484373
19-Jan-2000 04:10:00,0.46371051662387675,0.012257674655751774,0.07871393203327798
19-Jan-2000 04:15:00,0.4609378805408867,0.012148284437938021,0.07844315908790349
19-Jan-2000 04:20:00,0.45850465664978274,0.012041435314932715,0.07820866930867838
19-Jan-2000 04:25:00,0.4562376719139143,0.011936988471926209,0.07799179594823663
19-Jan-2000 04:30:00,0.45405190621034414,0.011834791418867598,0.07778329653376927
19-Jan-2000 04:35:00,0.45190523210528316,0.011733924413643342,0.07757859655789222
19-Jan-2000 04:40:00,0.4497758660006196,0.011630754270232238,0.07737534674256927
19-Jan-2000 04:45:00,0.4476516981384179,0.011528544289697337,0.07717225571278832
19-Jan-2000 04:50:00,0.445525476198279,0.011428033218949607,0.0769685525320268
19-Jan-2000 04:55:00,0.44339255807774963,0.01132923753531999,0.07676374456441803
19-Jan-2000 05:00:00,0.44148609082994694,0.011231857349916977,0.07656733283098621
19-Jan-2000 05:05:00,0.4409648944615013,0.01113534831810277,0.07648606138498774
19-Jan-2000 05:10:00,0.4415709481324826,0.011040280059756347,0.07652717420904318
19-Jan-2000 05:15:00,0.4426959631937897,0.010946931884439617,0.07662856954684247
19-Jan-2000 05:20:00,0.444003001006222,0.010855310784283267,0.07675239874879614
19-Jan-2000 05:25:00,0.4453357648225123,0.010765341517143166,0.07688076616478377
19-Jan-2000 05:30:00,0.44662536158136507,0.01067693819435015,0.07700576194531446
19-Jan-2000 05:35:00,0.4478422805261726,0.010590024091013362,0.07712400773772048
19-Jan-2000 05:40:00,0.44897447971227,0.010504534590318422,0.07723413101488057
19-Jan-2000 05:45:00,0.4500177503259757,0.0104204155393519,0.07733565046770968
19-Jan-2000 05:50:00,0.45097153515161537,0.010337620870970059,0.07742849240323277
19-Jan-2000 05:55:00,0.4518370650801518,0.010256110542163622,0.07751277840608646
19-Jan-2000 06:00:00,0.4527925340824944,0.06481710989409083,0.07759615486869298
19-Jan-2000 06:05:00,0.4546337339289681,0.06091081735410049,0.0777521811536264
19-Jan-2000 06:10:00,0.45713269743798396,0.05944175501619179,0.07797996099549988
19-Jan-2000 06:15:00,0.4598771864186587,0.05885891241508285,0.07823678291574726
19-Jan-2000 06:20:00,0.4626626287979242,0.058629630669553866,0.07849940587859768
19-Jan-2000 06:25:00,0.4654134919798288,0.058539464660143974,0.07875879269951801
19-Jan-2000 06:30:00,0.4681127115353137,0.05850208258739491,0.07901259502531775
19-Jan-2000 06:35:00,0.47076510988971304,0.05848391014337759,0.07926105424097028
19-Jan-2000 06:40:00,0.47337959762724185,0.05847244395199552,0.0795050550092637
19-Jan-2000 06:45:00,0.4759624401389529,0.058463253764731174,0.07974527700927136
19-Jan-2000 06:50:00,0.47851728794053916,0.058454858832272936,0.07998213674932841
19-Jan-2000 06:55:00,0.4810459262128271,0.05844679923775095,0.0802158584190336
19-Jan-2000 07:00:00,0.48373163156537624,0.05844497042129313,0.08045392782364061
19-Jan-2000 07:05:00,0.4873841026840994,0.05844250034752516,0.08076915550342578
19-Jan-2000 07:10:00,0.49173369070550393,0.05843698017256976,0.08115656454998099
19-Jan-2000 07:15:00,0.49635472311493883,0.058430353206343835,0.08157309508975301
19-Jan-2000 07:20:00,0.5010328014994505,0.05842338647510712,0.0819955316347209
19-Jan-2000 07:25:00,0.5056760435996642,0.0584163812293572,0.08241386157345677
19-Jan-2000 07:30:00,0.5102482971143786,0.05840945424669819,0.08282418514953378
19-Jan-2000 07:35:00,0.5147375109091619,0.05840264923007514,0.08322523604457155
19-Jan-2000 07:40:00,0.5191419032305759,0.05839598097949709,0.08361685978191377
19-Jan-2000 07:45:00,0.5234630793133818,0.05838945291213085,0.08399930117307745
19-Jan-2000 07:50:00,0.5277036918416897,0.058383064010637274,0.08437289019581733
19-Jan-2000 07:55:00,0.5318695349397293,0.05837681157723337,0.08473819633532544
19-Jan-2000 08:00:00,0.5359639328906538,0.05837069232356951,0.08509570068404497
19-Jan-2000 08:05:00,0.5399883813977445,0.05836470280031874,0.08544562862680771
19-Jan-2000 08:10:00,0.5439452496158027,0.05835883956484066,0.08578825946011867
19-Jan-2000 08:15:00,0.5478373303806194,0.058353099245015305,0.08612391962882578
19-Jan-2000 08:20:00,0.5516673627613955,0.05834747856197018,0.08645292465895102
19-Jan-2000 08:25:00,0.5554380530745431,0.058341974336618245,0.08677558124830619
19-Jan-2000 08:30:00,0.5591521362146655,0.058336583489870524,0.08709219255714759
19-Jan-2000 08:35:00,0.5628120777493683,0.0583313030404387,0.08740303835560496
19-Jan-2000 08:40:00,0.5664201574017514,0.05832613010178502,0.08770837444052196
19-Jan-2000 08:45:00,0.5699785200976958,0.058321061878825006,0.08800844061705075
19-Jan-2000 08:50:00,0.573489298506398,0.05831609566461861,0.0883034677227643
19-Jan-2000 08:55:00,0.5769544884878237,0.05831122883714232,0.08859367817735253
19-Jan-2000 09:00:00,0.5804685876919974,0.0583064585203148,0.08888270288291243
19-Jan-2000 09:05:00,0.5844345190782628,0.058301782248069006,0.08920364532918265
19-Jan-2000 09:10:00,0.5887124504410581,0.058297198255124125,0.08955360480391379
19-Jan-2000 09:15:00,0.593094875786152,0.05829270417450133,0.08991353768881845
19-Jan-2000 09:20:00,0.5974794762099283,0.058288297655123784,0.09027343613554091
19-Jan-2000 09:25:00,0.6018234085929896,0.058283976459475896,0.09062907437127299
19-Jan-2000 09:30:00,0.6061109111802934,0.05827973844939092,0.09097890345975516
19-Jan-2000 09:35:00,0.6103373636780922,0.05827558156703994,0.0913224898139671
19-Jan-2000 09:40:00,0.6145027637246124,0.058271503823274506,0.09165984906534635
19-Jan-2000 09:45:00,0.6186089372034881,0.05826750329109303,0.09199117949672335
19-Jan-2000 09:50:00,0.6226581280550313,0.0582635781016861,0.09231672139707928
19-Jan-2000 09:55:00,0.6266527021377409,0.05825972644166903,0.09263672403787752
19-Jan-2000 10:00:00,0.6307839818833251,0.058255946028221595,0.09295815772046712
19-Jan-2000 10:05:00,0.635861089141588,0.05825223515318247,0.09334484552355214
19-Jan-2000 10:10:00,0.6415880447141447,0.05824859311485823,0.09378973019709021
19-Jan-2000 10:15:00,0.6475492665549116,0.058245018210922546,0.09425605067317946
19-Jan-2000 10:20:00,0.6535433736761119,0.05824150870642905,0.09472490978871853
19-Jan-2000 10:25:00,0.6594866276922593,0.058238062982829866,0.09518840961444239
19-Jan-2000 10:30:00,0.6653479484011264,0.058234679516552756,0.09564363787964932
19-Jan-2000 10:35:00,0.6711182911007147,0.058231356851616733,0.09608978331625925
19-Jan-2000 10:40:00,0.6767972356112752,0.05822809358385369,0.09652684945618119
19-Jan-2000 10:45:00,0.6823873796814475,0.058224888352920855,0.09695512721574151
19-Jan-2000 10:50:00,0.68789250104666,0.05822173983815211,0.09737500571415847
19-Jan-2000 10:55:00,0.6933173294059203,0.05821864675614205,0.09778693363851157
19-Jan-2000 11:00:00,0.698865938155756,0.05821560745041308,0.09819813221517117
19-Jan-2000 11:05:00,0.705366763194096,0.058212620714062635,0.09867124599043335
19-Jan-2000 11:10:00,0.712479727331805,0.05820968611001109,0.09919617782753647
19-Jan-2000 11:15:00,0.7197931425112188,0.058206802414773696,0.09973787196113244
19-Jan-2000 11:20:00,0.7271167747868282,0.058203968379051514,0.10027937113206324
19-Jan-2000 11:25:00,0.7343740644772138,0.058201182840345506,0.1008138600753052
19-Jan-2000 11:30:00,0.7415369702261577,0.0581984447052769,0.10133890486940883
19-Jan-2000 11:35:00,0.7485976481566634,0.058195752928411074,0.10185387792556565
19-Jan-2000 11:40:00,0.7555565391063258,0.05819310650033132,0.10235887647575012
19-Jan-2000 11:45:00,0.762417302808824,0.058190504441710963,0.10285428809135803
19-Jan-2000 11:50:00,0.7691840248483179,0.05818794580032336,0.10334053855036436
19-Jan-2000 11:55:00,0.7758609752121215,0.05818542964935135,0.1038180600743067
19-Jan-2000 12:00:00,0.7826668669772257,0.05818295476223847,0.10429425078391724
19-Jan-2000 12:05:00,0.7904294009086336,0.058180520269672444,0.10482917821392493
19-Jan-2000 12:10:00,0.7987788047081669,0.0581781259003903,0.10541049565886193
19-Jan-2000 12:15:00,0.8073113332173243,0.05817577075733878,0.10600562464561383
19-Jan-2000 12:20:00,0.8158438419511125,0.05817345392326947,0.10659919627707175
19-Jan-2000 12:25:00,0.8243038744352844,0.05817117454705611,0.10718515061410223
19-Jan-2000 12:30:00,0.8326656253896599,0.05816893182898094,0.10776138872237888
19-Jan-2000 12:35:00,0.8409355449505587,0.058166725004123836,0.10832807102887981
19-Jan-2000 12:40:00,0.8491141829304718,0.058164553333187756,0.10888571585429123
19-Jan-2000 12:45:00,0.8571978698669873,0.05816241609800252,0.10943412416532987
19-Jan-2000 12:50:00,0.8651876858646751,0.05816031259932272,0.10997345971498178
19-Jan-2000 12:55:00,0.8730869938186715,0.05815824215560664,0.11050405540138974
19-Jan-2000 13:00:00,0.8806680477124884,0.0581562043656525,0.11101916007997008
19-Jan-2000 13:05:00,0.8870794890445961,0.05815419857858396,0.11146011985970293
19-Jan-2000 13:10:00,0.8927549638934433,0.058152223681883754,0.11184258206844998
19-Jan-2000 13:15:00,0.898119574101837,0.0581502791059377,0.11219920285091271
19-Jan-2000 13:20:00,0.9033567886343375,0.05814836433319442,0.11254468193990673
19-Jan-2000 13:25:00,0.9085388587064962,0.058146478824154434,0.11288486484530041
19-Jan-2000 13:30:00,0.9136925410425013,0.05814462202759248,0.1132219458169889
19-Jan-2000 13:35:00,0.9188272803697526,0.058142793393151856,0.1135567161202655
19-Jan-2000 13:40:00,0.9239460792381808,0.058140992378093725,0.11388944606498287
19-Jan-2000 13:45:00,0.9290494996989153,0.0581392184501948,0.11422021131154182
19-Jan-2000 13:50:00,0.9341372981119268,0.05813747108879634,0.11454901704281137
19-Jan-2000 13:55:00,0.9392090288192098,0.05813574978504426,0.1148758569346826
19-Jan-2000 14:00:00,0.9438325892013195,0.058134054493666654,0.11518782187634531
19-Jan-2000 14:05:00,0.9463476214614955,0.058132384742742044,0.11537590068503084
19-Jan-2000 14:10:00,0.9475155572392966,0.05813073922077467,0.11546268976136434
19-Jan-2000 14:15:00,0.9481327729748943,0.0581291175335322,0.11550680459244747
19-Jan-2000 14:20:00,0.9485651905696352,0.058127519373906436,0.11553576189301332
19-Jan-2000 14:25:00,0.9489693053988716,0.05812594438512571,0.11556152677183039
19-Jan-2000 14:30:00,0.9494075548181531,0.05812439217536573,0.11558893748456264
19-Jan-2000 14:35:00,0.9499024874068757,0.05812286233963866,0.11561978654350019
19-Jan-2000 14:40:00,0.9504602523100475,0.058121354472165834,0.11565460720420692
19-Jan-2000 14:45:00,0.9510804575867201,0.05811986817205614,0.11569342698950295
19-Jan-2000 14:50:00,0.9517602261896377,0.05811840304563926,0.1157360788090349
19-Jan-2000 14:55:00,0.9524958392261151,0.05811695870729781,0.1157823274206242
19-Jan-2000 15:00:00,0.9531026766132836,0.05811553497833642,0.11582666696873896
19-Jan-2000 15:05:00,0.9527928959099413,0.05811413150043133,0.11581923211606315
19-Jan-2000 15:10:00,0.9518216258052957,0.05811274754140117,0.11576331720339912
19-Jan-2000 15:15:00,0.9505870475393519,0.058111382775120755,0.11568655456459259
19-Jan-2000 15:20:00,0.9492895830344033,0.05811003692022165,0.11560389609444346
19-Jan-2000 15:25:00,0.9480151289240771,0.05810870967725088,0.11552189811751779
19-Jan-2000 15:30:00,0.9467971924231362,0.05810740073406672,0.11544318048280544
19-Jan-2000 15:35:00,0.945646794397314,0.05810610977530347,0.1153686557979379
19-Jan-2000 15:40:00,0.9445656427446902,0.058104836487844196,0.11529852332022829
19-Jan-2000 15:45:00,0.9435517378060648,0.05810358056333667,0.11523269464314743
19-Jan-2000 15:50:00,0.9426017086239254,0.05810234169920348,0.11517097202829273
19-Jan-2000 15:55:00,0.9417117702581396,0.058101119598964295,0.11511312187828548
19-Jan-2000 16:00:00,0.9407915871782024,0.05809991405849818,0.11505638508101564
19-Jan-2000 16:05:00,0.9394511552600293,0.05809813676968302,0.11497609311744296
19-Jan-2000 16:10:00,0.9378042541025099,0.058093825157102666,0.11487300267508686
19-Jan-2000 16:15:00,0.936046853884009,0.058090047768447395,0.11476069383593186
19-Jan-2000 16:20:00,0.9342792478896927,0.05808741926977073,0.11464669366723307
19-Jan-2000 16:25:00,0.9325442488807933,0.05808557476949547,0.11453430788210202
19-Jan-2000 16:30:00,0.930858016065472,0.05808415230738475,0.11442482904419056
19-Jan-2000 16:35:00,0.92922518726652,0.058082935347200805,0.11431866917947843
19-Jan-2000 16:40:00,0.9276455996540226,0.05808181534625208,0.11421586924297777
19-Jan-2000 16:45:00,0.9261172838851343,0.05808074299615901,0.11411632570281907
19-Jan-2000 16:50:00,0.9246376875531219,0.058079697341312124,0.11401988587646655
19-Jan-2000 16:55:00,0.9232041684053565,0.05807866989179902,0.11392638649299962
19-Jan-2000 17:00:00,0.9218140718934876,0.05807765730056199,0.1138356625437773
19-Jan-2000 17:05:00,0.9204648173785959,0.05807665823057615,0.11374755165030087
19-Jan-2000 17:10:00,0.9191539515232099,0.058075672091708365,0.11366189869105585
19-Jan-2000 17:15:00,0.9178791647558352,0.05807469855787028,0.11357855710980347
19-Jan-2000 17:20:00,0.9166382883420146,0.058073737392032726,0.11349738907868101
19-Jan-2000 17:25:00,0.9154292801415217,0.05807278838646935,0.11341826468127858
19-Jan-2000 17:30:00,0.9142502097997741,0.05807185134379956,0.11334106100137568
19-Jan-2000 17:35:00,0.9130992475026576,0.05807092607158396,0.11326566134589822
19-Jan-2000 17:40:00,0.911974660033599,0.058070012381028775,0.1131919549604839
19-Jan-2000 17:45:00,0.9108748067888318,0.058069110086786044,0.11311983683370672
19-Jan-2000 17:50:00,0.9097981354235414,0.05806821900695339,0.11304920743131812
19-Jan-2000 17:55:00,0.9087431776394482,0.058067338963081874,0.11297997246981499
19-Jan-2000 18:00:00,0.9077085442892955,0.00917276190528561,0.11291204261047985
19-Jan-2000 18:05:00,0.9066928812049974,0.0052633700654879925,0.11284533229637633
19-Jan-2000 18:10:00,0.9056936837685283,0.004061416553578726,0.11277971049185195
19-Jan-2000 18:15:00,0.904703570712647,0.003636241327417897,0.11271477582077476
19-Jan-2000 18:20:00,0.9037097609432618,0.00348216267927187,0.11264974620186896
19-Jan-2000 18:25:00,0.9026981171552351,0.0034207545712124613,0.11258369009758466
19-Jan-2000 18:30:00,0.9016565028100153,0.003389947449099195,0.11251577206520395
19-Jan-2000 18:35:00,0.9005760835660829,0.003368179381858048,0.11244536299661867
19-Jan-2000 18:40:00,0.899451272098937,0.003348905801820207,0.11237205068565476
19-Jan-2000 18:45:00,0.8982791034165674,0.0033304166610990593,0.11229560299603053
19-Jan-2000 18:50:00,0.8970586766785873,0.003322938577096829,0.11221592986056841
19-Jan-2000 18:55:00,0.8957904055783926,0.0034173908041726544,0.11213303824497754
19-Jan-2000 19:00:00,0.8945607871103777,0.003491320288011031,0.11204952870772183
19-Jan-2000 19:05:00,0.8937576791276836,0.0035578701707086567,0.11199049757470896
19-Jan-2000 19:10:00,0.8932673358419853,0.0036113507654394533,0.11195522747786035
19-Jan-2000 19:15:00,0.8928914253797291,0.0036498529856971904,0.11192959605567919
19-Jan-2000 19:20:00,0.8925283313857758,0.0036755264900423545,0.11190576721197837
19-Jan-2000 19:25:00,0.8921345996135849,0.0036909348211123165,0.11188030185747029
19-Jan-2000 19:30:00,0.891693751367244,0.003698336577048323,0.11185185658662548
19-Jan-2000 19:35:00,0.8912009492103462,0.003699581218717734,0.11182000211524074
19-Jan-2000 19:40:00,0.890656174629123,0.003696138786623026,0.11178469063035697
19-Jan-2000 19:45:00,0.8900613130820082,0.0036891579357272715,0.11174602673752153
19-Jan-2000 19:50:00,0.8894189379865542,0.003679525733688154,0.11170417151569748
19-Jan-2000 19:55:00,0.8887318126423427,0.003667921363991485,0.11165930309213119
19-Jan-2000 20:00:00,0.8878313200156961,0.003654899439132225,0.11160646362837022
19-Jan-2000 20:05:00,0.88595601879867,0.003640941629340092,0.11149601890465922
19-Jan-2000 20:10:00,0.8833375021971922,0.003626238368379713,0.1113298628703797
19-Jan-2000 20:15:00,0.8803729992512352,0.0036109411861529874,0.11113619167548835
19-Jan-2000 20:20:00,0.8772720363012533,0.0035952062958901072,0.11093105586783457
19-Jan-2000 20:25:00,0.8741292639804268,0.003579169985064444,0.11072185413522151
19-Jan-2000 20:30:00,0.870985259661612,0.0035629399535403775,0.11051179501099216
19-Jan-2000 20:35:00,0.8678567695255759,0.003546597444849442,0.11030222172403943
19-Jan-2000 20:40:00,0.8647502958510384,0.0035302024492211283,0.11009366852555226
19-Jan-2000 20:45:00,0.8616681863188024,0.00351379880512672,0.10988633803921154
19-Jan-2000 20:50:00,0.8586110326659797,0.003497418355164184,0.1096802934769912
19-Jan-2000 20:55:00,0.8555787118057224,0.003481084119055722,0.10947554038253943
19-Jan-2000 21:00:00,0.852331032495011,0.0034648363148826696,0.10926475219488838
19-Jan-2000 21:05:00,0.8477650206938899,0.003448758518781201,0.10897511191157744
19-Jan-2000 21:10:00,0.8421596325371713,0.0034328054682357576,0.10860522854278813
19-Jan-2000 21:15:00,0.8360847313662594,0.003416927625220807,0.10819554117686378
19-Jan-2000 21:20:00,0.8298570585723811,0.003401109943670938,0.10777059477993103
19-Jan-2000 21:25:00,0.8236234630661169,0.0033853553801207305,0.10734211187208913
19-Jan-2000 21:30:00,0.8174470700708154,0.0033696720386098326,0.10691525605864649
19-Jan-2000 21:35:00,0.811353105034082,0.003354067792099501,0.10649217390803482
19-Jan-2000 21:40:00,0.8053499853612462,0.0033385487654527444,0.10607366711764395
19-Jan-2000 21:45:00,0.7994387857460578,0.0033231192684910226,0.10565993220856662
19-Jan-2000 21:50:00,0.7936179921608392,0.0033077821358891615,0.10525094565407812
19-Jan-2000 21:55:00,0.7878848676043636,0.003292539105353922,0.10484658322115453
19-Jan-2000 22:00:00,0.7819543994449017,0.003277431397541285,0.10443775406546699
19-Jan-2000 22:05:00,0.7744664017291703,0.003262599660491296,0.10393180307584714
19-Jan-2000 22:10:00,0.7656555704837671,0.003247958473486475,0.1033186140913478
19-Jan-2000 22:15:00,0.7562092961322677,0.0032333870039107497,0.1026473744243872
19-Jan-2000 22:20:00,0.7465471013974074,0.0032188360286443166,0.10195136720771761
19-Jan-2000 22:25:00,0.7368779696906264,0.00320430551413283,0.10124780530555724
19-Jan-2000 22:30:00,0.727298588416971,0.0031898124075936036,0.10054488508949135
19-Jan-2000 22:35:00,0.7178506529526858,0.0031753743141444473,0.09984630504314666
19-Jan-2000 22:40:00,0.7085498169395483,0.0031610044982772235,0.09915361874293165
19-Jan-2000 22:45:00,0.6994003436426288,0.003146711649967463,0.09846738371457714
19-Jan-2000 22:50:00,0.6904012826188088,0.0031325009803377436,0.09778772800519699
19-Jan-2000 22:55:00,0.6815483954508501,0.0031183753674992186,0.09711451517415198
19-Jan-2000 23:00:00,0.6727795969750422,0.0031043548126559804,0.096445560363343
19-Jan-2000 23:05:00,0.6637862972097298,0.003090494860373326,0.09575883061805374
19-Jan-2000 23:10:00,0.6545751723027795,0.003076748171731915,0.09504828487712648
19-Jan-2000 23:15:00,0.6452881393708275,0.00306306846021723,0.09432431016538777
19-Jan-2000 23:20:00,0.6360263159402841,0.0030494431479982827,0.09359542225723903
19-Jan-2000 23:25:00,0.6268439845720375,0.0030358764763092206,0.09286648079850483
19-Jan-2000 23:30:00,0.6177654991732072,0.0030223763314120413,0.09213982203082521
19-Jan-2000 23:35:00,0.6087999124259659,0.0030089491775134687,0.09141642074666718
19-Jan-2000 23:40:00,0.5999493381075037,0.0029955991425338136,0.09069660434201295
19-Jan-2000 23:45:00,0.5912118256279869,0.0029823284633800928,0.08998036672245777
19-Jan-2000 23:50:00,0.5825837016452483,0.002969138128140966,0.08926749260660873
19-Jan-2000 23:55:00,0.5740611525562603,0.00295602837792438,0.08855775365867646
20-Jan-2000 00:00:00,0.5656397789095029,0.0029429990328591073,0.08785087071271129
20-Jan-2000 00:05:00,0.5573140903055666,0.0029300496856968783,0.08714646019988397
20-Jan-2000 00:10:00,0.5490788961574716,0.002917179810914199,0.08644412627869219
20-Jan-2000 00:15:00,0.5409299843011451,0.0029043888241569674,0.08574354365038613
20-Jan-2000 00:20:00,0.5328628830471863,0.0028916761138626087,0.08504438287678802
20-Jan-2000 00:25:00,0.5248730665987753,0.002879041057779894,0.08434626602782026
20-Jan-2000 00:30:00,0.5169569691585227,0.0028664830314748682,0.08364889621923081
20-Jan-2000 00:35:00,0.5091114122970073,0.002854001412654987,0.08295199039752792
20-Jan-2000 00:40:00,0.5013380221943847,0.002841595583314276,0.08225560198671984
20-Jan-2000 00:45:00,0.493634045471354,0.0028292649307864403,0.08155967529454536
20-Jan-2000 00:50:00,0.485992666614449,0.002817008848229942,0.08086359524297736
20-Jan-2000 00:55:00,0.4784096206858987,0.002804826734830623,0.08016690554789344
20-Jan-2000 01:00:00,0.4708814980954503,0.002792717995862276,0.07946929095176102
20-Jan-2000 01:05:00,0.4634046897878322,0.0027806820426793826,0.07877037417339725
20-Jan-2000 01:10:00,0.455976258016993,0.0027687182926735324,0.07806983198514728
20-Jan-2000 01:15:00,0.448593826356553,0.0027568261692109478,0.07736738464838457
20-Jan-2000 01:20:00,0.44125434621050785,0.0027450051015675218,0.07666271357646606
20-Jan-2000 01:25:00,0.4339551557317796,0.0027332545248567462,0.07595546026817133
20-Jan-2000 01:30:00,0.42669501431094514,0.0027215738799597753,0.07524541770517824
20-Jan-2000 01:35:00,0.41947287985954307,0.002709962613447654,0.0745324001141281
20-Jan-2000 01:40:00,0.4122871422020579,0.002698420177517489,0.07381618138981638
20-Jan-2000 01:45:00,0.4051366011736476,0.002686946029917404,0.07309651729832682
20-Jan-2000 01:50:00,0.3980209679055036,0.0026755396338766363,0.07237326068097356
20-Jan-2000 01:55:00,0.39094195258825726,0.0026642004580410823,0.07164636611181355
20-Jan-2000 02:00:00,0.38392741436927724,0.0026529279764001736,0.07091803693005194
20-Jan-2000 02:05:00,0.3769683617596147,0.0026417216682247577,0.07018853921875366
20-Jan-2000 02:10:00,0.3700489901527394,0.0026305810179995223,0.06945585610256037
20-Jan-2000 02:15:00,0.36316255950590237,0.0026195055153579528,0.06871901027072286
20-Jan-2000 02:20:00,0.3563063919292154,0.002608494655021054,0.06797751674502607
20-Jan-2000 02:25:00,0.3494792147349921,0.0025975479367314727,0.06723103928569285
20-Jan-2000 02:30:00,0.3426826784779832,0.002586664865195109,0.06647953657061874
20-Jan-2000 02:35:00,0.33591895529746735,0.0025758449500170085,0.06572307820432366
20-Jan-2000 02:40:00,0.329189513496188,0.0025650877056438417,0.06496170062484644
20-Jan-2000 02:45:00,0.32249379408932566,0.0025543926513032916,0.06419518736268967
20-Jan-2000 02:50:00,0.31583319858958564,0.0025437593109454027,0.06342344847065706
20-Jan-2000 02:55:00,0.30921084744780586,0.0025331872131866178,0.0626466223335167
20-Jan-2000 03:00:00,0.3026856484913865,0.002522658064450639,0.06186770730495174
20-Jan-2000 03:05:00,0.2965750660812133,0.002512135017748351,0.061121387946504055
20-Jan-2000 03:10:00,0.2908847118585868,0.0025016638457579583,0.0604203466772153
20-Jan-2000 03:15:00,0.28546318509262536,0.002491269835793881,0.05974818398650198
20-Jan-2000 03:20:00,0.2801991624441877,0.0024809554439804847,0.05909049837666184
20-Jan-2000 03:25:00,0.27503096984645303,0.002470715719062869,0.058438814789458
20-Jan-2000 03:30:00,0.26992821883103996,0.0024605449995338726,0.05778875144657295
20-Jan-2000 03:35:00,0.2648784046673689,0.002450438803254107,0.057138369347182326
20-Jan-2000 03:40:00,0.2598786237114979,0.002440393975181137,0.05648704595495291
20-Jan-2000 03:45:00,0.25493127202565524,0.0024304083770586007,0.05583495990570465
20-Jan-2000 03:50:00,0.2500409112723975,0.002420480551544382,0.055182649554065544
20-Jan-2000 03:55:00,0.24521289170763524,0.002410609468663065,0.05453081783160474
20-Jan-2000 04:00:00,0.24065217839535377,0.0024007640002400715,0.05389144458444984
20-Jan-2000 04:05:00,0.23744000638275586,0.002390885226752073,0.05340889734027223
20-Jan-2000 04:10:00,0.23546984054613077,0.00238104518515701,0.05310225753320923
20-Jan-2000 04:15:00,0.23418160631227503,0.0023712824724814252,0.05290572255805816
20-Jan-2000 04:20:00,0.23320735349359908,0.002361603288460604,0.05276209773247137
20-Jan-2000 04:25:00,0.23235594769076345,0.002352002935392487,0.052640114923341925
20-Jan-2000 04:30:00,0.2315387193552242,0.002342474729550126,0.052524789670238305
20-Jan-2000 04:35:00,0.23071961725467693,0.002333012776443498,0.05240974970645623
20-Jan-2000 04:40:00,0.22988786772390846,0.0023236125169146726,0.0522928475770634
20-Jan-2000 04:45:00,0.22904399714090348,0.0023142705889324664,0.0521738742348662
20-Jan-2000 04:50:00,0.228192988520322,0.0023049845460067666,0.05205342386208074
20-Jan-2000 04:55:00,0.22734493212734816,0.002295752598456163,0.05193250466798187
20-Jan-2000 05:00:00,0.2268969886493211,0.0022865579701525363,0.05183616595223262
20-Jan-2000 05:05:00,0.22954945328722567,0.0022773649448949627,0.052074823480316966
20-Jan-2000 05:10:00,0.2364878203785779,0.002268209076854578,0.052920952615517915
20-Jan-2000 05:15:00,0.24587108736459012,0.002259113288192271,0.05418687672332155
20-Jan-2000 05:20:00,0.2556388259661936,0.0022500826495043947,0.05551159492656573
20-Jan-2000 05:25:00,0.26470012927024666,0.002241115463146677,0.056727005809759465
20-Jan-2000 05:30:00,0.272673071166539,0.0022322084157127054,0.05778799436198291
20-Jan-2000 05:35:00,0.27953899241801167,0.0022233583154339202,0.058689085888053744
20-Jan-2000 05:40:00,0.2854020402512539,0.0022145625224147683,0.05944853299274312
20-Jan-2000 05:45:00,0.2903978912177401,0.0022058189562005133,0.06008808477988831
20-Jan-2000 05:50:00,0.2946594068167425,0.0021971259953058662,0.06062802033793669
20-Jan-2000 05:55:00,0.29830502596565045,0.0021884823686271603,0.06108575873672163
20-Jan-2000 06:00:00,0.3016421262637836,0.06472531113501744,0.06148660205397762
20-Jan-2000 06:05:00,0.30561358281620404,0.060555434608023886,0.06194402412522128
20-Jan-2000 06:10:00,0.3099537105953505,0.05899047203108813,0.062455061347477796
20-Jan-2000 06:15:00,0.31426797289126823,0.05837549441198897,0.0629662278812932
20-Jan-2000 06:20:00,0.3184126225111259,0.058137393790151815,0.0634553715302546
20-Jan-2000 06:25:00,0.3223824648190489,0.05804872172943932,0.06391996501307494
20-Jan-2000 06:30:00,0.3262232284876055,0.05801717892548598,0.06436507782469586
20-Jan-2000 06:35:00,0.32998766194477813,0.05800652124555205,0.06479718854298278
20-Jan-2000 06:40:00,0.33371839820952454,0.05800310459180985,0.0652217205111588
20-Jan-2000 06:45:00,0.33744156417040405,0.058002037764636485,0.06564216660252058
20-Jan-2000 06:50:00,0.3411703302648641,0.05800166597572812,0.06606032765821464
20-Jan-2000 06:55:00,0.3449098027784467,0.05800146987218269,0.06647698862811227
20-Jan-2000 07:00:00,0.348859592977768,0.058004584700528466,0.06690183754142154
20-Jan-2000 07:05:00,0.35386820810595054,0.05800708763359553,0.06742715950878611
20-Jan-2000 07:10:00,0.3595990003531412,0.058007972876757526,0.06804055473371885
20-Jan-2000 07:15:00,0.36559153267908034,0.05800821489736735,0.0686848401684564
20-Jan-2000 07:20:00,0.371625012481325,0.058008201551275576,0.0693310351158742
20-Jan-2000 07:25:00,0.37760952167814416,0.05800808730353866,0.06996743781420475
20-Jan-2000 07:30:00,0.38351279647127445,0.05800793369728429,0.07059003649344285
20-Jan-2000 07:35:00,0.3893264651363336,0.05800776525081883,0.07119796144997749
20-Jan-2000 07:40:00,0.3950510196601071,0.05800759172725395,0.07179151123581197
20-Jan-2000 07:45:00,0.40068990237229724,0.05800741700925419,0.07237136308179315
20-Jan-2000 07:50:00,0.40624683495649194,0.05800724263595402,0.07293821719348574
20-Jan-2000 07:55:00,0.4117255617988553,0.05800706921259305,0.07349275413523294
20-Jan-2000 08:00:00,0.4171295744779786,0.05800689697230063,0.07403560601386963
20-Jan-2000 08:05:00,0.4224621109713239,0.05800672600000172,0.07456735127022572
20-Jan-2000 08:10:00,0.4277265032661822,0.05800655632165243,0.07508855745038753
20-Jan-2000 08:15:00,0.43292531254186845,0.05800638793980161,0.07559970900166543
20-Jan-2000 08:20:00,0.4380607490595781,0.05800622084776671,0.07610122804695887
20-Jan-2000 08:25:00,0.44313498757673664,0.05800605503526936,0.07659351038906585
20-Jan-2000 08:30:00,0.44815020211748297,0.05800589049069877,0.07707694956459359
20-Jan-2000 08:35:00,0.4531081306308189,0.058005727201998286,0.07755187820357647
20-Jan-2000 08:40:00,0.4580106185330401,0.05800556515702497,0.07801863062297405
20-Jan-2000 08:45:00,0.4628589929942333,0.058005404343687395,0.07847748560921446
20-Jan-2000 08:50:00,0.4676544429601762,0.05800524474999991,0.07892869416085926
20-Jan-2000 08:55:00,0.4723980752398356,0.058005086364103814,0.07937249134766465
20-Jan-2000 09:00:00,0.4771875368831691,0.058004929163294965,0.07981305437450657
20-Jan-2000 09:05:00,0.4824350543210281,0.05800477313548282,0.0802881949598331
20-Jan-2000 09:10:00,0.48798696249962903,0.05800461828957376,0.08079361950156223
20-Jan-2000 09:15:00,0.49362746802210455,0.05800446461267304,0.08130713793411389
20-Jan-2000 09:20:00,0.49925191583537437,0.05800431209010301,0.08181736562803889
20-Jan-2000 09:25:00,0.5048178784675986,0.0580041607087413,0.08231970850659988
20-Jan-2000 09:30:00,0.5103101645749138,0.05800401045668036,0.08281259933650373
20-Jan-2000 09:35:00,0.5157253114784089,0.05800386132269669,0.08329574458338329
20-Jan-2000 09:40:00,0.5210642582403977,0.05800371329594039,0.08376934966111761
20-Jan-2000 09:45:00,0.5263297535914018,0.05800356636579336,0.0842337883950777
20-Jan-2000 09:50:00,0.53152469426991,0.05800342052180607,0.08468947643684291
20-Jan-2000 09:55:00,0.536651467223049,0.05800327575366454,0.08513676531894063
20-Jan-2000 10:00:00,0.5419066443836413,0.05800313203145632,0.08558345772775824
20-Jan-2000 10:05:00,0.5481123648725232,0.058002989344594316,0.08610007184519682
20-Jan-2000 10:10:00,0.5549538997424812,0.0580028477193718,0.08667754065216986
20-Jan-2000 10:15:00,0.5620055999998602,0.05800270714287386,0.08727472371884422
20-Jan-2000 10:20:00,0.5690646293946977,0.05800256759911595,0.08787091859107178
20-Jan-2000 10:25:00,0.5760535160217685,0.05800242907483772,0.0884580703055791
20-Jan-2000 10:30:00,0.582943682234004,0.0580022915588147,0.08903350635742083
20-Jan-2000 10:35:00,0.5897248254879541,0.05800215504090485,0.08959633016819252
20-Jan-2000 10:40:00,0.5964004487997905,0.05800201951151129,0.09014685381854691
20-Jan-2000 10:45:00,0.6029827520234348,0.05800188496132626,0.090686199554889
20-Jan-2000 10:50:00,0.6094844615499663,0.058001751381221746,0.09121563998356395
20-Jan-2000 10:55:00,0.6159136546710713,0.05800161876220402,0.09173607447831308
20-Jan-2000 11:00:00,0.6224789996152245,0.05800148707781493,0.09225538771517955
20-Jan-2000 11:05:00,0.6300137039759088,0.0580013563191247,0.09284091363456178
20-Jan-2000 11:10:00,0.6381581831894604,0.05800122650951108,0.09348024670208296
20-Jan-2000 11:15:00,0.6464942502036314,0.058001097637440324,0.09413533884366751
20-Jan-2000 11:20:00,0.6548287199544552,0.05800096968886785,0.09478792769060744
20-Jan-2000 11:25:00,0.66308339059508,0.05800084265220984,0.0954306951753766
20-Jan-2000 11:30:00,0.6712309422918827,0.05800071651767863,0.0960611747938495
20-Jan-2000 11:35:00,0.6792642818200368,0.058000591276426684,0.0966788618238573
20-Jan-2000 11:40:00,0.6871835316088553,0.05800046692007122,0.09728393264990928
20-Jan-2000 11:45:00,0.6949919844794742,0.05800034344048638,0.09787683153807811
20-Jan-2000 11:50:00,0.7026944359336379,0.05800022082969459,0.09845813175599659
20-Jan-2000 11:55:00,0.7102951707687105,0.05800009907983515,0.09902836421502122
20-Jan-2000 12:00:00,0.7180145381207408,0.0579999781674288,0.09959537404151508
20-Jan-2000 12:05:00,0.7266821105440562,0.057999858084921745,0.1002222480413744
20-Jan-2000 12:10:00,0.735922050272037,0.057999738853172625,0.10089558516108722
20-Jan-2000 12:15:00,0.7453280748158803,0.05799962046186415,0.10158100154802566
20-Jan-2000 12:20:00,0.7547174603949329,0.05799950289861729,0.1022624578509367
20-Jan-2000 12:25:00,0.7640187848755087,0.057999386153278557,0.1029337644978561
20-Jan-2000 12:30:00,0.7732067115734438,0.057999270217277264,0.10359285020822541
20-Jan-2000 12:35:00,0.782275233593006,0.05799915508286847,0.10423932684542496
20-Jan-2000 12:40:00,0.7912273867537887,0.0579990407427123,0.10487354467287571
20-Jan-2000 12:45:00,0.80006819169734,0.05799892718968308,0.10549608048015709
20-Jan-2000 12:50:00,0.808802853713881,0.05799881441678967,0.10610749505042896
20-Jan-2000 12:55:00,0.8174372881052722,0.05799870241714142,0.1067083748333683
20-Jan-2000 13:00:00,0.8257607831309551,0.05799859119820551,0.10729243371556932
20-Jan-2000 13:05:00,0.8329577473338643,0.0579984807534087,0.10780222497091421
20-Jan-2000 13:10:00,0.8394080522393816,0.05799837105003002,0.10825088485008649
20-Jan-2000 13:15:00,0.8455189168312949,0.057998262083877455,0.10867044577530395
20-Jan-2000 13:20:00,0.8514783063361048,0.05799815385295095,0.10907633763278292
20-Jan-2000 13:25:00,0.8573644184784703,0.05799804635340686,0.10947505143793855
20-Jan-2000 13:30:00,0.8632083517549995,0.05799793958007977,0.10986919971688618
20-Jan-2000 13:35:00,0.8690217837060912,0.05799783352718974,0.11025979339900963
20-Jan-2000 13:40:00,0.8748087978870175,0.05799772818871287,0.11064720824375814
20-Jan-2000 13:45:00,0.8805742257846506,0.05799762355856157,0.1110317005391621
20-Jan-2000 13:50:00,0.8863270173059624,0.05799751963066111,0.1114140332947341
20-Jan-2000 13:55:00,0.8920583090675417,0.057997416398975515,0.11179374387798098
20-Jan-2000 14:00:00,0.8973342491348142,0.05799731388467233,0.11215726666810209
20-Jan-2000 14:05:00,0.9005683080471862,0.05799721208319363,0.11239687051544138
20-Jan-2000 14:10:00,0.9024223202910596,0.0579971109383321,0.11253183181209649
20-Jan-2000 14:15:00,0.9036892426671033,0.057997010448119474,0.11262007824328257
20-Jan-2000 14:20:00,0.9047542161373843,0.05799691061544416,0.11269143070590745
20-Jan-2000 14:25:00,0.9057808918288013,0.05799681143975202,0.1127587533600168
20-Jan-2000 14:30:00,0.9068342133697971,0.0579967129178592,0.11282721566292903
20-Jan-2000 14:35:00,0.9079374520144858,0.057996615045277825,0.11289871640062046
20-Jan-2000 14:40:00,0.9090968140686266,0.057996517816951754,0.11297380837907374
20-Jan-2000 14:45:00,0.9103117333498391,0.05799642122761834,0.11305250690450765
20-Jan-2000 14:50:00,0.9115790947006792,0.05799632527196382,0.11313462252459157
20-Jan-2000 14:55:00,0.9128949406721009,0.05799622994467948,0.11321989584969806
20-Jan-2000 15:00:00,0.9140744492935005,0.057996135253630454,0.1133026890825334
20-Jan-2000 15:05:00,0.9143311443636583,0.057996041194548445,0.11333211682540376
20-Jan-2000 15:10:00,0.9139216478292873,0.05799594773770612,0.11331168148142402
20-Jan-2000 15:15:00,0.9132438018721379,0.05799585487961776,0.11326964596954055
20-Jan-2000 15:20:00,0.9124974428284127,0.057995762619388234,0.11322126223780322
20-Jan-2000 15:25:00,0.9117680058055226,0.05799567095452874,0.11317319849430191
20-Jan-2000 15:30:00,0.9110886428193421,0.05799557988129274,0.11312810404426311
20-Jan-2000 15:35:00,0.9104700928193757,0.05799548939530257,0.11308688787519211
20-Jan-2000 15:40:00,0.9099138358544995,0.05799539949191903,0.11304973383614529
20-Jan-2000 15:45:00,0.9094176868671924,0.05799531016641985,0.11301653506056325
20-Jan-2000 15:50:00,0.9089781245104095,0.057995221414075225,0.11298707571083974
20-Jan-2000 15:55:00,0.9085912434568468,0.057995133230180934,0.11296110568854732
20-Jan-2000 16:00:00,0.9081665988140522,0.057995045616298015,0.11293580662521052
20-Jan-2000 16:05:00,0.9073146527151397,0.05799472527292607,0.11288607534902122
20-Jan-2000 16:10:00,0.9061498789981395,0.057992217869634745,0.11281273812000699
20-Jan-2000 16:15:00,0.9048682194799865,0.057989842527374075,0.11272964199546215
20-Jan-2000 16:20:00,0.9035697956475275,0.05798840345425467,0.11264444526723329
20-Jan-2000 16:25:00,0.9022972656977213,0.057987644638579715,0.11256050278054168
20-Jan-2000 16:30:00,0.9010666665905885,0.0579872564527584,0.11247911937326865
20-Jan-2000 16:35:00,0.899882559841868,0.057987045309076536,0.11240070572111253
20-Jan-2000 16:40:00,0.8987447425938611,0.057986912125356706,0.11232529774641402
20-Jan-2000 16:45:00,0.8976511546979786,0.057986811349862236,0.11225278182839303
20-Jan-2000 16:50:00,0.8965990922304509,0.05798672352266251,0.11218299067981947
20-Jan-2000 16:55:00,0.8955856955323761,0.057986640803495554,0.11211574162011573
20-Jan-2000 17:00:00,0.8946081513598195,0.05798656019547495,0.11205085254665974
20-Jan-2000 17:05:00,0.893663799397503,0.057986480611158735,0.11198814956068531
20-Jan-2000 17:10:00,0.8927502007001903,0.05798640167731294,0.11192747236700905
20-Jan-2000 17:15:00,0.8918651209497149,0.0579863232734498,0.11186867423608929
20-Jan-2000 17:20:00,0.8910064890167951,0.057986245362900944,0.11181161931003783
20-Jan-2000 17:25:00,0.8901723671060415,0.05798616793444667,0.11175618053400393
20-Jan-2000 17:30:00,0.8893609274732036,0.05798609098358394,0.11170223806739171
20-Jan-2000 17:35:00,0.8885704425285526,0.057986014507085175,0.11164967845601952
20-Jan-2000 17:40:00,0.8877992838850929,0.05798593850171263,0.11159839455051832
20-Jan-2000 17:45:00,0.8870459205864165,0.057985862964046696,0.11154828544714124
20-Jan-2000 17:50:00,0.8863089135034999,0.05798578789054213,0.11149925620767674
20-Jan-2000 17:55:00,0.8855869067918188,0.05798571327760939,0.11145121731272059
20-Jan-2000 18:00:00,0.8848786244289404,0.008760546541452216,0.11140408437269242
20-Jan-2000 18:05:00,0.8841828260001441,0.004307921058475238,0.11135777702154094
20-Jan-2000 18:10:00,0.883497079754971,0.002604192006352006,0.11131216733968079
20-Jan-2000 18:15:00,0.8828138861138192,0.0017904971712991513,0.11126684315974016
20-Jan-2000 18:20:00,0.8821201269049602,0.0013725204627494138,0.11122099156608709
20-Jan-2000 18:25:00,0.8814012410908749,0.0011617457132700047,0.11117364085582125
20-Jan-2000 18:30:00,0.8806447451867605,0.0010660055383333697,0.1111239202488509
20-Jan-2000 18:35:00,0.879841620713944,0.001027716263384415,0.11107117835632975
20-Jan-2000 18:40:00,0.8789862787881745,0.0010134277565436076,0.11101499582069356
20-Jan-2000 18:45:00,0.8780758995414872,0.0010071710868292387,0.11095514646256918
20-Jan-2000 18:50:00,0.8771097142163923,0.0010030406971319335,0.11089154904106643
20-Jan-2000 18:55:00,0.8760883903913073,0.0009994335985680522,0.1108242251763487
20-Jan-2000 19:00:00,0.8750988568294603,0.0009960457768939304,0.11075583041114889
20-Jan-2000 19:05:00,0.874529206432663,0.0009927002330559456,0.11071177081393593
20-Jan-2000 19:10:00,0.8742654968903781,0.0009896506000786887,0.11069130603387962
20-Jan-2000 19:15:00,0.8741096500666677,0.0010441716821230098,0.11068015573501852
20-Jan-2000 19:20:00,0.8739604521227834,0.0011266063487207125,0.11067041705978564
20-Jan-2000 19:25:00,0.8737748472235367,0.0011910890159176784,0.11065863828971972
20-Jan-2000 19:30:00,0.8735367195572658,0.0012314384641082584,0.11064348621297938
20-Jan-2000 19:35:00,0.8732415580110187,0.0012532124375456317,0.11062454992750148
20-Jan-2000 19:40:00,0.872889640083502,0.001263149352475499,0.11060180219613043
20-Jan-2000 19:45:00,0.8724831232376111,0.0012662220160356158,0.11057536813894894
20-Jan-2000 19:50:00,0.8720248333284308,0.0012655467649327723,0.11054542850613518
20-Jan-2000 19:55:00,0.8715177694129027,0.0012629408490607752,0.11051218002385785
20-Jan-2000 20:00:00,0.8707934477136521,0.0012594166927185925,0.11047063038373328
20-Jan-2000 20:05:00,0.8690908341260454,0.0012554966861351644,0.11037066303159529
20-Jan-2000 20:10:00,0.8666425834813168,0.0012514760893544247,0.11021426141694267
20-Jan-2000 20:15:00,0.8638462403566536,0.0012475154310852374,0.1100299484794242
20-Jan-2000 20:20:00,0.8609113511101979,0.0012436799177177123,0.10983394597278771
20-Jan-2000 20:25:00,0.8579325550445769,0.0012399827369040633,0.10963372826891706
20-Jan-2000 20:30:00,0.8549504400021698,0.0012364136666354092,0.10943253671222304
20-Jan-2000 20:35:00,0.8519818264963082,0.001232954220131404,0.10923173096947877
20-Jan-2000 20:40:00,0.8490333797521381,0.0012295848153476244,0.10903186130887893
20-Jan-2000 20:45:00,0.8461074990240501,0.0012262877924890095,0.10883313615702761
20-Jan-2000 20:50:00,0.8432047621070983,0.0012230483956264125,0.10863561889988058
20-Jan-2000 20:55:00,0.8403250532141201,0.0012198548177099295,0.10843931364053164
20-Jan-2000 21:00:00,0.8372279285676484,0.0012166957385777197,0.1082368216979
20-Jan-2000 21:05:00,0.8328099086698489,0.0012135579659567468,0.10795459994190969
20-Jan-2000 21:10:00,0.8273513276934082,0.001210442989083139,0.10759130896181307
20-Jan-2000 21:15:00,0.8214228800078559,0.0012073511829104057,0.10718784689474903
20-Jan-2000 21:20:00,0.8153415524394054,0.0012042800409106686,0.10676901759222764
20-Jan-2000 21:25:00,0.8092542519102198,0.001201226608937183,0.10634666090077574
20-Jan-2000 21:30:00,0.8032238276289096,0.001198188408182532,0.10592597925373426
20-Jan-2000 21:35:00,0.797275329175103,0.0011951635723625642,0.10550911976540076
20-Jan-2000 21:40:00,0.7914176774403625,0.001192150753645666,0.1050969154113109
20-Jan-2000 21:45:00,0.7856524046899641,0.00118914899427389,0.10468961209572128
20-Jan-2000 21:50:00,0.7799774449804866,0.0011861576169533486,0.10428715180183959
20-Jan-2000 21:55:00,0.7743895311444464,0.001183176142073704,0.10388937354776652
20-Jan-2000 22:00:00,0.7686029004863268,0.001180202243465445,0.10348706911867699
20-Jan-2000 22:05:00,0.7612555037104526,0.0011772282025640697,0.10298659500621564
20-Jan-2000 22:10:00,0.7525845452366481,0.0011742594841045795,0.10237784950220759
20-Jan-2000 22:15:00,0.7432794268651723,0.0011713022119101747,0.1017106398321615
20-Jan-2000 22:20:00,0.7337597472889182,0.001168358043898277,0.10101857702473425
20-Jan-2000 22:25:00,0.7242350495127836,0.001165426340786668,0.10031908095801279
20-Jan-2000 22:30:00,0.7148018673664273,0.001162505952032402,0.0996204218320524
20-Jan-2000 22:35:00,0.7055013148897662,0.0011595958943514035,0.09892629953406018
20-Jan-2000 22:40:00,0.6963496866525634,0.001156695475771201,0.09823831016608722
20-Jan-2000 22:45:00,0.6873512961306569,0.0011538042456537931,0.09755704983334389
20-Jan-2000 22:50:00,0.6785039260419083,0.0011509219188499935,0.09688256808323711
20-Jan-2000 22:55:00,0.6698031050219292,0.001148048314791468,0.09621468693334666
20-Jan-2000 23:00:00,0.6611864844389281,0.001145182560766626,0.09555119774858754
20-Jan-2000 23:05:00,0.6523445430634808,0.0011423221588215107,0.09486980362437192
20-Jan-2000 23:10:00,0.6432839820147698,0.0011394695230419049,0.09416436326763336
20-Jan-2000 23:15:00,0.6341485815532533,0.0011366264950628785,0.0934455052139654
20-Jan-2000 23:20:00,0.6250396144645539,0.0011337932676268791,0.09272187200612585
20-Jan-2000 23:25:00,0.616010275189131,0.001130969447872571,0.09199829161793001
20-Jan-2000 23:30:00,0.6070848654876777,0.0011281546101596976,0.0912771038443773
20-Jan-2000 23:35:00,0.5982730729829173,0.0011253484416564987,0.09055933808891208
20-Jan-2000 23:40:00,0.5895762323066156,0.0011225507393098505,0.08984530174105052
20-Jan-2000 23:45:00,0.5809924776167514,0.001119761375620624,0.08913495467816711
20-Jan-2000 23:50:00,0.5725185883353949,0.0011169802686812568,0.08842814007003741
20-Jan-2000 23:55:00,0.5641501450437953,0.0011142073623104927,0.0877245960952311
21-Jan-2000 00:00:00,0.5558815227759923,0.001111442614291344,0.0870239342598486
21-Jan-2000 00:05:00,0.547707468104493,0.0011086859898133273,0.08632576207536106
21-Jan-2000 00:10:00,0.539623559833848,0.001105937457955947,0.0856297503500465
21-Jan-2000 00:15:00,0.531624833892365,0.001103196989842935,0.0849355390272826
21-Jan-2000 00:20:00,0.5237066367360451,0.001100464557691276,0.08424274168417312
21-Jan-2000 00:25:00,0.515865146149678,0.001097740134328284,0.08355104401733848
21-Jan-2000 00:30:00,0.508101449285102,0.001095023692950374,0.08286043688139152
21-Jan-2000 00:35:00,0.5004136199447591,0.0010923152070007498,0.08217096988062161
21-Jan-2000 00:40:00,0.4927935028615205,0.001089614650106743,0.08148194898422138
21-Jan-2000 00:45:00,0.48523527159846885,0.001086921996051165,0.08079280486761663
21-Jan-2000 00:50:00,0.4777347203172195,0.0010842372187560055,0.08010312729538081
21-Jan-2000 00:55:00,0.47028786371299797,0.0010815602922720083,0.07941252357071274
21-Jan-2000 01:00:00,0.4628930506767417,0.0010788911907782688,0.0787207656499963
21-Jan-2000 01:05:00,0.45554826359914713,0.0010762298885759127,0.07802766357450738
21-Jan-2000 01:10:00,0.4482505667452207,0.0010735763600861006,0.07733290888413934
21-Jan-2000 01:15:00,0.4409961949420604,0.0010709305798514612,0.07663611737150525
21-Jan-2000 01:20:00,0.43378206751975423,0.0010682925225310859,0.07593689214441425
21-Jan-2000 01:25:00,0.4266065600248128,0.001065662162901522,0.07523499249021544
21-Jan-2000 01:30:00,0.41946831581464367,0.0010630394758545665,0.07453020436261468
21-Jan-2000 01:35:00,0.4123655493809625,0.0010604244363959982,0.0738222808329042
21-Jan-2000 01:40:00,0.4052976916263302,0.0010578170196470554,0.07311102917334894
21-Jan-2000 01:45:00,0.3982641264617329,0.001055217200838166,0.07239631406141653
21-Jan-2000 01:50:00,0.3912637939299468,0.0010526249553137119,0.07167791597013842
21-Jan-2000 01:55:00,0.38431938061167525,0.0010500402585251769,0.07095727461124479
21-Jan-2000 02:00:00,0.3774319358910787,0.0010474630860355912,0.07023570223479562
21-Jan-2000 02:05:00,0.3705835060345464,0.0010448934135152065,0.0695110785438847
21-Jan-2000 02:10:00,0.3637662355328701,0.0010423312167399266,0.06878229527234463
21-Jan-2000 02:15:00,0.356976886120847,0.0010397764715943639,0.0680487972455339
21-Jan-2000 02:20:00,0.3502136413640591,0.001037229154064365,0.06731020061184276
21-Jan-2000 02:25:00,0.34347676885692563,0.0010346892402427969,0.06656632011495198
21-Jan-2000 02:30:00,0.3367674794192547,0.0010321567063232941,0.06581709721491916
21-Jan-2000 02:35:00,0.3300873990874941,0.00102963152860406,0.06506252755094177
21-Jan-2000 02:40:00,0.32343840523443157,0.0010271136834827709,0.06430262375637341
21-Jan-2000 02:45:00,0.31682291771238885,0.0010246031474561575,0.06353747481147179
21-Jan-2000 02:50:00,0.31024270587519476,0.0010220998971231545,0.06276711243351
21-Jan-2000 02:55:00,0.303699658356772,0.0010196039091788678,0.061991555704858946
21-Jan-2000 03:00:00,0.2972516648409137,0.0010171151464319296,0.06121367007516861
21-Jan-2000 03:05:00,0.2912172720391557,0.0010146335424922731,0.06046857886020121
21-Jan-2000 03:10:00,0.2856024080901731,0.0010121590113839525,0.05976923284644481
21-Jan-2000 03:15:00,0.2802538099210732,0.0010096915581010054,0.05909885631067164
21-Jan-2000 03:20:00,0.2750588691762187,0.0010072312096220466,0.05844270892242921
21-Jan-2000 03:25:00,0.26995501332008554,0.0010047779767213387,0.05779206735081534
21-Jan-2000 03:30:00,0.26491223738274444,0.0010023318528247303,0.05714252413430754
21-Jan-2000 03:35:00,0.2599187806976744,0.0009998928207790392,0.05649215457090751
21-Jan-2000 03:40:00,0.2549729048379822,0.0009974608584260797,0.05584048870142458
21-Jan-2000 03:45:00,0.25007758674461944,0.0009950359418153714,0.05518777552829337
21-Jan-2000 03:50:00,0.24523797524890067,0.0009926180467171356,0.054534629323699096
21-Jan-2000 03:55:00,0.24046000153464234,0.0009902071492252059,0.05388162906062063
21-Jan-2000 04:00:00,0.23594964455909526,0.0009878029124412414,0.053250958915350866
21-Jan-2000 04:05:00,0.23279116762673752,0.000985404552351529,0.05276056908342666
21-Jan-2000 04:10:00,0.23087387976428939,0.0009830127214816616,0.05245746186953695
21-Jan-2000 04:15:00,0.22963258538864764,0.0009806278655444451,0.052265315878820585
21-Jan-2000 04:20:00,0.22869740959492038,0.000978250107912505,0.05212570365793596
21-Jan-2000 04:25:00,0.22787783800464037,0.0009758794392622296,0.052006964394431095
21-Jan-2000 04:30:00,0.22708710415043876,0.0009735158068118708,0.05189415376214297
21-Jan-2000 04:35:00,0.22629146075616188,0.0009711591492340313,0.05178113450555083
21-Jan-2000 04:40:00,0.22548234226981798,0.0009688094088734745,0.05166605042898883
21-Jan-2000 04:45:00,0.2246621538494471,0.0009664665349815617,0.05154896959597532
21-Jan-2000 04:50:00,0.2238373601711021,0.0009641304836525236,0.05143072035829139
21-Jan-2000 04:55:00,0.22301529606335635,0.0009618012167385458,0.05131234291624276
21-Jan-2000 05:00:00,0.222445129640194,0.0009594784033648106,0.05120879821300391
21-Jan-2000 05:05:00,0.2233138535780005,0.0009571611647785215,0.05127991073628526
21-Jan-2000 05:10:00,0.2253400176841348,0.0009548501553338868,0.051540643592540854
21-Jan-2000 05:15:00,0.22787636705616698,0.0009525458948793339,0.051891470637365024
21-Jan-2000 05:20:00,0.23056024855777293,0.0009502485315745883,0.05227001040019641
21-Jan-2000 05:25:00,0.23322865408162577,0.0009479580554571912,0.052647506591746746
21-Jan-2000 05:30:00,0.23581931063069966,0.0009456744075672362,0.05301279660429605
21-Jan-2000 05:35:00,0.23831564887496415,0.0009433975209022522,0.05336274851811372
21-Jan-2000 05:40:00,0.2407201503266522,0.0009411273333928768,0.05370234806525819
21-Jan-2000 05:45:00,0.24304235402232802,0.0009388637907814935,0.05402369847785582
21-Jan-2000 05:50:00,0.24529325272207378,0.0009366068462315504,0.054333546667643604
21-Jan-2000 05:55:00,0.2474832846811432,0.0009343564590936986,0.054631080675801774
21-Jan-2000 06:00:00,0.2498047551030146,0.06476749670812976,0.054931439781343676
21-Jan-2000 06:05:00,0.2531638249820955,0.06055272763279301,0.055346684092524294
21-Jan-2000 06:10:00,0.25756572228675173,0.05897457489218358,0.05590436255088147
21-Jan-2000 06:15:00,0.2626455350013273,0.058354407998406244,0.05655553115856804
21-Jan-2000 06:20:00,0.2686861977903957,0.05897406021623977,0.0573021390531663
21-Jan-2000 06:25:00,0.27658022758121525,0.05919843043398843,0.058255372372894444
21-Jan-2000 06:30:00,0.28626570130594087,0.0639151284782406,0.059429801208886156
21-Jan-2000 06:35:00,0.2967543576239191,0.06798970748841,0.06071180659033312
21-Jan-2000 06:40:00,0.3069973699350707,0.0681685139342818,0.061959008374614856
21-Jan-2000 06:45:00,0.3165604563771071,0.06741459052858292,0.06310826497662214
21-Jan-2000 06:50:00,0.3253735931724694,0.06685410048560743,0.06415028332559967
21-Jan-2000 06:55:00,0.33353499091714256,0.06638307992512163,0.06509734805721143
21-Jan-2000 07:00:00,0.3418103284411192,0.0659625904509906,0.06601075087768131
21-Jan-2000 07:05:00,0.3518362392573762,0.0655770287030643,0.06707948205472092
21-Jan-2000 07:10:00,0.36311960257859366,0.06521942523098236,0.06828830296919591
21-Jan-2000 07:15:00,0.37652206095447927,0.08280291566542987,0.06965587290524225
21-Jan-2000 07:20:00,0.393071240663352,0.09330804504444037,0.07133001629292361
21-Jan-2000 07:25:00,0.41082222695579684,0.0956308862842193,0.0731419512029834
21-Jan-2000 07:30:00,0.42779913267560477,0.09316587922763998,0.07486031996921087
21-Jan-2000 07:35:00,0.44431716655959136,0.0900888404085027,0.07647172087812582
21-Jan-2000 07:40:00,0.46184179524313307,0.09891477357631663,0.07811278608960055
21-Jan-2000 07:45:00,0.48472922195115703,0.1024219469740243,0.08007390856860074
21-Jan-2000 07:50:00,0.5307608996896095,0.09928476451203545,0.08362657164229297
21-Jan-2000 07:55:00,0.6115100519141393,0.11672915840623425,0.08993254201241335
21-Jan-2000 08:00:00,0.7266794286734429,0.13508880129149425,0.09866996068913253
21-Jan-2000 08:05:00,0.8384291059388221,0.14625203388913693,0.1066658933375617
21-Jan-2000 08:10:00,0.960719806739923,0.17942658605932807,0.11485143888668953
21-Jan-2000 08:15:00,1.0678121192444978,0.18934769624717118,0.12178268945166376
21-Jan-2000 08:20:00,1.15201193798551,0.18428936122104586,0.12703039089970078
21-Jan-2000 08:25:00,1.215660463688562,0.17382167187874084,0.13089197791379928
21-Jan-2000 08:30:00,1.2714354319263164,0.1651383409822763,0.13413381278777486
21-Jan-2000 08:35:00,1.3144671888318236,0.15245491640362838,0.13659449036339555
21-Jan-2000 08:40:00,1.3447500242429133,0.1461449114446399,0.13829800225768943
21-Jan-2000 08:45:00,1.371234947012395,0.1411397509594453,0.13975017815460059
21-Jan-2000 08:50:00,1.3928743291588082,0.13687260739746257,0.1409363730915541
21-Jan-2000 08:55:00,1.4092798576808485,0.12883895327050607,0.14184164158362672
21-Jan-2000 09:00:00,1.420140812095067,0.12206766991708097,0.14243194059325956
21-Jan-2000 09:05:00,1.4334132576948073,0.12093674066319693,0.1430821851386476
21-Jan-2000 09:10:00,1.4517402294761685,0.13956243392442713,0.14400487208149026
21-Jan-2000 09:15:00,1.4690721412812147,0.137949604937534,0.14488491166758585
21-Jan-2000 09:20:00,1.4880261142396365,0.12936146957728978,0.1458473281837568
21-Jan-2000 09:25:00,1.5034622716299453,0.12241874775787616,0.14664859248204784
21-Jan-2000 09:30:00,1.518032491430652,0.11597726583184104,0.1473980071032176
21-Jan-2000 09:35:00,1.5313028429717055,0.11429519312386148,0.1480705085642173
21-Jan-2000 09:40:00,1.5441928200677348,0.11394406035160719,0.1487067914017338
21-Jan-2000 09:45:00,1.5629954267769353,0.11882912051786357,0.14954275775461803
21-Jan-2000 09:50:00,1.6007425813270104,0.11525298997617366,0.151193029495914
21-Jan-2000 09:55:00,1.6569072171905193,0.11603021525186615,0.15379879104686506
21-Jan-2000 10:00:00,1.721618162273856,0.11613062993461348,0.15682470556721453
21-Jan-2000 10:05:00,1.7871327516512758,0.11537310380877012,0.15991218399709856
21-Jan-2000 10:10:00,1.8438910716011454,0.1108578626777622,0.1626063745388589
21-Jan-2000 10:15:00,1.8885816215403448,0.10581466686606117,0.16471708771900043
21-Jan-2000 10:20:00,1.9254465122342308,0.1092632065904942,0.16639888866893351
21-Jan-2000 10:25:00,1.9632194136345011,0.1145471978690679,0.1680368268300946
21-Jan-2000 10:30:00,2.00446170369526,0.12710422203397717,0.16982567992141917
21-Jan-2000 10:35:00,2.0463714874690013,0.1467200807622581,0.17167573672886804
21-Jan-2000 10:40:00,2.079468477147931,0.14848499322456274,0.17313199141833863
21-Jan-2000 10:45:00,2.1099675758423144,0.1435271171926073,0.1744597213962274
21-Jan-2000 10:50:00,2.135247685181886,0.13436325120454626,0.17557205831166087
21-Jan-2000 10:55:00,2.153777117430158,0.12587890510867786,0.17639762786358132
21-Jan-2000 11:00:00,2.1652226716822454,0.1196513581063685,0.17690505802779022
21-Jan-2000 11:05:00,2.1748324038682325,0.11361289182879235,0.17732849041046883
21-Jan-2000 11:10:00,2.181324251525265,0.10838207263175252,0.1776214610405883
21-Jan-2000 11:15:00,2.1849129427851577,0.10378446959287511,0.17779083739226112
21-Jan-2000 11:20:00,2.1860169323656238,0.09976630944918788,0.17785361783701675
21-Jan-2000 11:25:00,2.1850704502790936,0.09618867324511049,0.1778281395127668
21-Jan-2000 11:30:00,2.1824591256530863,0.09301744232126058,0.1777308198920411
21-Jan-2000 11:35:00,2.178509163245673,0.09022942527783638,0.1775755438975228
21-Jan-2000 11:40:00,2.173490935579198,0.0877314669509513,0.17737381454320128
21-Jan-2000 11:45:00,2.1676269690950565,0.08547526203494694,0.17713507561232691
21-Jan-2000 11:50:00,2.161100883232792,0.08345929238976793,0.1768671114452459
21-Jan-2000 11:55:00,2.1540645972379373,0.08165166044132906,0.1765763588158937
21-Jan-2000 12:00:00,2.1469529191838057,0.08001431221059466,0.17627474773592922
21-Jan-2000 12:05:00,2.140966128188729,0.07851877436850191,0.17601575755262522
21-Jan-2000 12:10:00,2.1355802388729312,0.07713962591925548,0.17578703926347816
21-Jan-2000 12:15:00,2.130335892106871,0.07588608753324026,0.17556615425641786
21-Jan-2000 12:20:00,2.125086240065899,0.07474495069074777,0.1753453246928125
21-Jan-2000 12:25:00,2.1198090725570506,0.07370407728484372,0.17512303816013897
21-Jan-2000 12:30:00,2.1145226452146586,0.07275269839813191,0.17489989066928938
21-Jan-2000 12:35:00,2.109255040484021,0.07187856991705947,0.174677038184524
21-Jan-2000 12:40:00,2.1040340213757753,0.07107430129370865,0.17445567356857125
21-Jan-2000 12:45:00,2.0988843711498277,0.07033474458166669,0.17423687545763192
21-Jan-2000 12:50:00,2.0938290968177773,0.06965345053930258,0.17402163831206138
21-Jan-2000 12:55:00,2.088888876505571,0.06901807265576541,0.17381088210536685
21-Jan-2000 13:00:00,2.0837796650992124,0.0684198768636916,0.1735988573677646
21-Jan-2000 13:05:00,2.0774297308413807,0.06786612023463914,0.17333719495976546
21-Jan-2000 13:10:00,2.0704276835733237,0.06735255763557556,0.173041264955852
21-Jan-2000 13:15:00,2.0633123819708987,0.06687556034503182,0.1727371722472894
21-Jan-2000 13:20:00,2.0563016585050815,0.066431903513167,0.17243595975371398
21-Jan-2000 13:25:00,2.049474815224767,0.06601869614715167,0.17214173387786522
21-Jan-2000 13:30:00,2.0428589098972716,0.06563334144815924,0.17185594774539106
21-Jan-2000 13:35:00,2.036461895453953,0.06527350396938594,0.1715790789899922
21-Jan-2000 13:40:00,2.0302846478345664,0.06493707977619351,0.17131124393473932
21-Jan-2000 13:45:00,2.0243252443939532,0.06462217014708656,0.17105241672114332
21-Jan-2000 13:50:00,2.0185809183867356,0.0643270591586355,0.1708025194736827
21-Jan-2000 13:55:00,2.0130483408476,0.06405019341938821,0.1705614581004206
21-Jan-2000 14:00:00,2.00716100649804,0.06379023294491658,0.17031670018665934
21-Jan-2000 14:05:00,1.9988339395227546,0.06354588681144233,0.16997334887018622
21-Jan-2000 14:10:00,1.9890593324908181,0.06331424716161613,0.16955498135280322
21-Jan-2000 14:15:00,1.9788794049398335,0.06309266400575825,0.16911209656200027
21-Jan-2000 14:20:00,1.9687411996295283,0.06288371870517791,0.16866760497305722
21-Jan-2000 14:25:00,1.9588107957133156,0.0626865078091694,0.16823025460790103
21-Jan-2000 14:30:00,1.9491434587929624,0.06250020318893477,0.1678030965756286
21-Jan-2000 14:35:00,1.9397529541002927,0.06232404800525294,0.1673870244653211
21-Jan-2000 14:40:00,1.9306379448270947,0.06215734856137032,0.16698213703567696
21-Jan-2000 14:45:00,1.9217917594086396,0.061999467897386876,0.1665882461210773
21-Jan-2000 14:50:00,1.9132059452759476,0.06184982032591137,0.16620506260022364
21-Jan-2000 14:55:00,1.9048715493833306,0.06170786662808696,0.16583226385283314
21-Jan-2000 15:00:00,1.8965350454717849,0.06157312924701329,0.1654640973541628
21-Jan-2000 15:05:00,1.887168379817366,0.06144486874394928,0.16505380444071485
21-Jan-2000 15:10:00,1.877169411481418,0.06131984444265219,0.16460862028329262
21-Jan-2000 15:15:00,1.867058888883507,0.06120154842209258,0.16415413192802442
21-Jan-2000 15:20:00,1.8570701915466414,0.06109067781510771,0.16370264394280087
21-Jan-2000 15:25:00,1.8472899838506178,0.060986236493041766,0.16325891099756915
21-Jan-2000 15:30:00,1.8377450682799092,0.06088729490240146,0.16282453062755917
21-Jan-2000 15:35:00,1.8284393234278742,0.0607932100681495,0.1623998742709297
21-Jan-2000 15:40:00,1.819368181205022,0.06070354376094091,0.16198485357588838
21-Jan-2000 15:45:00,1.8105241264102827,0.06061782853593968,0.16157921383639048
21-Jan-2000 15:50:00,1.8018987501014427,0.0605352773766109,0.16118264437030586
21-Jan-2000 15:55:00,1.7934835060252434,0.060456018153895286,0.16079481959481126
21-Jan-2000 16:00:00,1.7851538563434248,0.06037461117530835,0.1604127773749522
21-Jan-2000 16:05:00,1.7764012380419045,0.06028623626165511,0.16001289902803123
21-Jan-2000 16:10:00,1.7674012542305546,0.06020566992459753,0.15959786070054316
21-Jan-2000 16:15:00,1.7584087962665709,0.06013357603784919,0.15918050704541817
21-Jan-2000 16:20:00,1.7495402482767226,0.06006758968792915,0.1587671843067592
21-Jan-2000 16:25:00,1.7408380519699145,0.06000586272713598,0.15836033059936067
21-Jan-2000 16:30:00,1.7323138518826433,0.05994733280247976,0.15796071110322368
21-Jan-2000 16:35:00,1.7239673603789256,0.059891437630387366,0.15756843199146425
21-Jan-2000 16:40:00,1.7157945520791615,0.05983787142953602,0.15718337217295053
21-Jan-2000 16:45:00,1.7077900081995332,0.05978644778352602,0.15680534753771258
21-Jan-2000 16:50:00,1.699946457689514,0.05973703378430889,0.156434074058427
21-Jan-2000 16:55:00,1.6922567130361434,0.05968952112510527,0.15606925586887727
21-Jan-2000 17:00:00,1.6847140871795965,0.05964381411603526,0.15571061718680126
21-Jan-2000 17:05:00,1.677312284551276,0.05959982485738927,0.15535789856611937
21-Jan-2000 17:10:00,1.6700453136272149,0.05955747126581924,0.15501085253473648
21-Jan-2000 17:15:00,1.6629074466874367,0.05951667618590979,0.15466924159162176
21-Jan-2000 17:20:00,1.655893200589084,0.05947736690205994,0.15433283737500622
21-Jan-2000 17:25:00,1.6489973247854572,0.05943947479865157,0.15400142022662738
21-Jan-2000 17:30:00,1.6422147922264294,0.05940254848428302,0.15367477890683884
21-Jan-2000 17:35:00,1.6355407906978283,0.05936623723954407,0.15335271034146952
21-Jan-2000 17:40:00,1.62897071335003,0.059331201338496,0.15303501931231764
21-Jan-2000 17:45:00,1.6225001517443234,0.05929738224365666,0.15272151823431798
21-Jan-2000 17:50:00,1.6161248901081946,0.05926472467375304,0.1524120270099586
21-Jan-2000 17:55:00,1.6098408990937585,0.05923317725647476,0.15210637285639478
21-Jan-2000 18:00:00,1.6036443292560898,0.014166159161899164,0.15180439010903402
21-Jan-2000 18:05:00,1.5975314569858299,0.012971722942033753,0.15150591908380107
21-Jan-2000 18:10:00,1.591497376717392,0.012786150597599228,0.15121076340076461
21-Jan-2000 18:15:00,1.5855321303514807,0.012642121397229275,0.15091851030280104
21-Jan-2000 18:20:00,1.5796204726474554,0.01250281241000032,0.15062846301249858
21-Jan-2000 18:25:00,1.5737462214748115,0.012366827608923122,0.1503398315047823
21-Jan-2000 18:30:00,1.5678957209637987,0.012326314414685064,0.1500519225302265
21-Jan-2000 18:35:00,1.562058977775271,0.012432950780888396,0.14976421427536968
21-Jan-2000 18:40:00,1.5562294420838685,0.012498569803927476,0.14947635598415968
21-Jan-2000 18:45:00,1.5504032300904609,0.01251607440396847,0.14918813382471852
21-Jan-2000 18:50:00,1.5445782997730173,0.012496859077789734,0.14889943056739893
21-Jan-2000 18:55:00,1.5387537993820726,0.012451168703825753,0.14861019230300399
21-Jan-2000 19:00:00,1.53304256861753,0.012386726099415723,0.14832315087002873
21-Jan-2000 19:05:00,1.52794136119821,0.012309140916696272,0.14806316434505803
21-Jan-2000 19:10:00,1.5232741013135747,0.01222317299326317,0.1478273944657378
21-Jan-2000 19:15:00,1.5187792342562774,0.01213205239944328,0.14760166678976752
21-Jan-2000 19:20:00,1.5143330724665867,0.01203792331586109,0.1473787919765615
21-Jan-2000 19:25:00,1.5098864894604715,0.011942248586749566,0.14715584630969272
21-Jan-2000 19:30:00,1.5054218053849382,0.011846037266087553,0.14693174999795738
21-Jan-2000 19:35:00,1.500933737238094,0.011749985104059488,0.14670615787539662
21-Jan-2000 19:40:00,1.4964218823488973,0.011652358901268827,0.1464790116582682
21-Jan-2000 19:45:00,1.4918877464581726,0.0115521435505813,0.1462503721866851
21-Jan-2000 19:50:00,1.487333068593235,0.011452632212185669,0.14602031934727264
21-Jan-2000 19:55:00,1.4827596036595456,0.01135436325230563,0.14578893518370373
21-Jan-2000 20:00:00,1.4779429106770443,0.011257567648651306,0.14555068784163414
21-Jan-2000 20:05:00,1.4719053378278848,0.011162546809054418,0.14525558273301292
21-Jan-2000 20:10:00,1.4649960861929967,0.011069035357334061,0.1449094641461235
21-Jan-2000 20:15:00,1.4577318417432055,0.010976860119746875,0.14454072057745163
21-Jan-2000 20:20:00,1.450362843969193,0.010885980699923812,0.14416407363234476
21-Jan-2000 20:25:00,1.4429921786238968,0.01079639926847404,0.14378571847791896
21-Jan-2000 20:30:00,1.4356696385307255,0.010708122317864137,0.14340834002306785
21-Jan-2000 20:35:00,1.4284490271921033,0.010621150141309772,0.14303492519425004
21-Jan-2000 20:40:00,1.4213342504749655,0.010535475756549104,0.1426660387592432
21-Jan-2000 20:45:00,1.414321331918896,0.010451086306143241,0.14230152578682376
21-Jan-2000 20:50:00,1.4074047254426982,0.01036796473961271,0.141941160279401
21-Jan-2000 20:55:00,1.4005731095511862,0.010286091209996078,0.14158441379356643
21-Jan-2000 21:00:00,1.393519623034294,0.01020560420806489,0.14122327616274494
21-Jan-2000 21:05:00,1.3849058758700319,0.010126885495683146,0.14078768665822042
21-Jan-2000 21:10:00,1.3751603478031922,0.010049516603108731,0.1402829726183865
21-Jan-2000 21:15:00,1.3649881073803032,0.00997318063175562,0.1397485812298215
21-Jan-2000 21:20:00,1.3547477363994116,0.009897783002657392,0.13920611271947392
21-Jan-2000 21:25:00,1.3445877047542834,0.00982332038889036,0.1386648862721102
21-Jan-2000 21:30:00,1.3345571569765513,0.009749811153901276,0.13812817289100768
21-Jan-2000 21:35:00,1.3246727379589656,0.009677271213269367,0.1375971208168328
21-Jan-2000 21:40:00,1.3149358773461466,0.009605708415007116,0.13707199909780254
21-Jan-2000 21:45:00,1.305338052823741,0.009535122920144676,0.13655246351496864
21-Jan-2000 21:50:00,1.2958732437815135,0.009465508995723645,0.13603821830718188
21-Jan-2000 21:55:00,1.2865355786444388,0.00939685677735057,0.13552901987848293
21-Jan-2000 22:00:00,1.276988908290756,0.009329396943221041,0.13501581051727043
21-Jan-2000 22:05:00,1.2656970435467594,0.009263826882684942,0.13441577021118767
21-Jan-2000 22:10:00,1.2530073926995762,0.0091995568715637,0.13372703222668975
21-Jan-2000 22:15:00,1.2397150750835861,0.009136004721590063,0.13299452601067163
21-Jan-2000 22:20:00,1.2263005989993785,0.009072972011179467,0.13224781032998503
21-Jan-2000 22:25:00,1.2129575483654158,0.009008524414179018,0.13150016864193995
21-Jan-2000 22:30:00,1.1997581674792746,0.008941688300769976,0.1307550113943804
21-Jan-2000 22:35:00,1.1867308219304316,0.008874951112093458,0.13001514704349357
21-Jan-2000 22:40:00,1.1738843178715157,0.008808828492770223,0.12928130525340628
21-Jan-2000 22:45:00,1.1612200409702575,0.00874342119110136,0.12855377420468436
21-Jan-2000 22:50:00,1.148732589719777,0.008678749256204939,0.12783237148838847
21-Jan-2000 22:55:00,1.1364173952867478,0.0086148138963572,0.12712749624825262
21-Jan-2000 23:00:00,1.1242086617996168,0.008551703609475712,0.12641772005183788
21-Jan-2000 23:05:00,1.111794177362985,0.008489677074488552,0.12569341778046886
21-Jan-2000 23:10:00,1.0991801645224997,0.008428495940353121,0.12495164817950594
21-Jan-2000 23:15:00,1.0865105719226513,0.008367937805028444,0.124199640528701
21-Jan-2000 23:20:00,1.0738882317054372,0.008307930213959546,0.12344474190850681
21-Jan-2000 23:25:00,1.061365509605019,0.0082484759592231,0.12269078511650545
21-Jan-2000 23:30:00,1.0489686310606354,0.008189598200819088,0.12194058005004021
21-Jan-2000 23:35:00,1.036706917741766,0.008131317845073928,0.1211939140183317
21-Jan-2000 23:40:00,1.0245832101779941,0.008073647731778134,0.12045105236053164
21-Jan-2000 23:45:00,1.012596058940815,0.008016593091697513,0.11971206076017568
21-Jan-2000 23:50:00,1.0007399823415828,0.007960153565455822,0.11897667280492956
21-Jan-2000 23:55:00,0.9890114548667008,0.007904325128790695,0.11824472185379546
22-Jan-2000 00:00:00,0.977405464499885,0.007849101521209385,0.11751598839867684
22-Jan-2000 00:05:00,0.9659174129055276,0.007794475198823835,0.11679021300810738
22-Jan-2000 00:10:00,0.9545427156650805,0.007740437933676063,0.11606718391372192
22-Jan-2000 00:15:00,0.9432759361906022,0.007686981176896224,0.11534658922183626
22-Jan-2000 00:20:00,0.9321138217588261,0.00763409627287568,0.11462825017323092
22-Jan-2000 00:25:00,0.9210521556631053,0.007581774582699012,0.11391196052740842
22-Jan-2000 00:30:00,0.9100861760023189,0.007530007553604777,0.1131974317902395
22-Jan-2000 00:35:00,0.8992123366737137,0.007478786756870576,0.1124844663168342
22-Jan-2000 00:40:00,0.888425975881046,0.007428103907475115,0.11177279888699325
22-Jan-2000 00:45:00,0.8777235891850793,0.007377950873356178,0.11106219147321941
22-Jan-2000 00:50:00,0.8671026090179873,0.00732831967879099,0.11035249459382067
22-Jan-2000 00:55:00,0.8565593176156133,0.007279202504500346,0.10964349096437236
22-Jan-2000 01:00:00,0.8460908274930791,0.007230591685956284,0.10893498122853855
22-Jan-2000 01:05:00,0.8356938935411815,0.007182479710732358,0.10822676495156296
22-Jan-2000 01:10:00,0.825364923752034,0.007134859215369642,0.10751859814787652
22-Jan-2000 01:15:00,0.8151017496741088,0.007087722982019368,0.10681031169407201
22-Jan-2000 01:20:00,0.8049023741177282,0.0070410639350089455,0.10610177318311638
22-Jan-2000 01:25:00,0.7947638081417947,0.006994875137414574,0.10539277147205779
22-Jan-2000 01:30:00,0.7846839038474878,0.006949149787685566,0.1046831405575998
22-Jan-2000 01:35:00,0.7746602338570848,0.006903881216330389,0.10397269727531555
22-Jan-2000 01:40:00,0.7646901776335018,0.006859062882693934,0.10326123435221954
22-Jan-2000 01:45:00,0.754772338016166,0.006814688371815978,0.10254861450515582
22-Jan-2000 01:50:00,0.7449053292585899,0.006770751391377722,0.10183472231615637
22-Jan-2000 01:55:00,0.7350868395446813,0.006727245768737454,0.10111936470250978
22-Jan-2000 02:00:00,0.7253151372247607,0.0066841654480494445,0.10040238246434664
22-Jan-2000 02:05:00,0.7155886792703277,0.0066415044874635655,0.0996836154761291
22-Jan-2000 02:10:00,0.7059067001157365,0.006599257056413398,0.09896295137740944
22-Jan-2000 02:15:00,0.6962689294586228,0.0065574174329733085,0.09824033791775269
22-Jan-2000 02:20:00,0.6866739504723068,0.006515980001296787,0.097515639433107
22-Jan-2000 02:25:00,0.6771194656171142,0.006474939249124297,0.0967886396269201
22-Jan-2000 02:30:00,0.6676041090926864,0.006434289765365558,0.09605916720123049
22-Jan-2000 02:35:00,0.6581269035067338,0.006394026237747531,0.0953270827508033
22-Jan-2000 02:40:00,0.6486862681804069,0.006354143450529121,0.09459221965862401
22-Jan-2000 02:45:00,0.639281443109518,0.0063146362822792445,0.09385442493196915
22-Jan-2000 02:50:00,0.6299123775054052,0.006275499703718254,0.09311362251263541
22-Jan-2000 02:55:00,0.6205783623573026,0.006236728775617536,0.09236970382422265
22-Jan-2000 03:00:00,0.6113316615364982,0.006198246753471358,0.09162435567640798
22-Jan-2000 03:05:00,0.6024752792435968,0.006159882236672557,0.0909000163296609
22-Jan-2000 03:10:00,0.5940120151953332,0.006121813412879811,0.09020406854546467
22-Jan-2000 03:15:00,0.5857932544159256,0.006084158230546909,0.08952527671166619
22-Jan-2000 03:20:00,0.5777121116837272,0.006046935948334108,0.08885420427897625
22-Jan-2000 03:25:00,0.569710064981739,0.006010127600575786,0.08818541659951491
22-Jan-2000 03:30:00,0.5617574916027765,0.005973707062074183,0.08751608465901495
22-Jan-2000 03:35:00,0.553840137328889,0.005937651560772191,0.08684476813391674
22-Jan-2000 03:40:00,0.5459567974586923,0.005901943647162362,0.08617105878570203
22-Jan-2000 03:45:00,0.538109876094396,0.005866570429736519,0.08549521443406959
22-Jan-2000 03:50:00,0.5302954901763441,0.005831522301259413,0.08481688578880874
22-Jan-2000 03:55:00,0.5225123900922242,0.005796791847072379,0.08413583468621481
22-Jan-2000 04:00:00,0.5149515932111437,0.005762245005620423,0.08345927602227297
22-Jan-2000 04:05:00,0.5086483648297171,0.005727602363104196,0.08287279840969931
22-Jan-2000 04:10:00,0.5035141379623794,0.005693167224308526,0.08239615017011667
22-Jan-2000 04:15:00,0.49902503920655095,0.0056591262635472825,0.08198367167989798
22-Jan-2000 04:20:00,0.4948432854835091,0.005625516147345176,0.0816018589785647
22-Jan-2000 04:25:00,0.49079752354570105,0.005592317014545225,0.08123300848875883
22-Jan-2000 04:30:00,0.4868086409158653,0.005559496529208887,0.08086874460734954
22-Jan-2000 04:35:00,0.4828429825433235,0.005527024923406155,0.08050540157859988
22-Jan-2000 04:40:00,0.47888815124289014,0.005494878494674732,0.08014155450315383
22-Jan-2000 04:45:00,0.4749410787667799,0.005463039279936147,0.07977678551896544
22-Jan-2000 04:50:00,0.47100296030175953,0.0054314938026230825,0.07941113231194386
22-Jan-2000 04:55:00,0.46707665645928853,0.00540023184207776,0.07904483049857743
22-Jan-2000 05:00:00,0.46339865555686105,0.005369179339233773,0.07868764503885392
22-Jan-2000 05:05:00,0.4611212049237556,0.005338170749151316,0.07844312570685014
22-Jan-2000 05:10:00,0.4599944139960984,0.005307356010820523,0.07831949357357605
22-Jan-2000 05:15:00,0.45941328098879497,0.005276842334413498,0.07825717402995486
22-Jan-2000 05:20:00,0.4590412865159319,0.00524665557590327,0.07821947758878306
22-Jan-2000 05:25:00,0.4587240851433679,0.005216787867422065,0.07818910653731902
22-Jan-2000 05:30:00,0.4583964867540001,0.005187222488239525,0.07815862538956726
22-Jan-2000 05:35:00,0.458033448537203,0.0051579428952491695,0.07812509977481037
22-Jan-2000 05:40:00,0.4576272963348833,0.00512893514590443,0.07808755824689877
22-Jan-2000 05:45:00,0.4571776155175651,0.005100188050250672,0.07804585648954224
22-Jan-2000 05:50:00,0.4566868847168705,0.00507169270272888,0.07800018423184782
22-Jan-2000 05:55:00,0.4561586229382429,0.005043441945058411,0.07795085510615374
22-Jan-2000 06:00:00,0.45577288403097077,0.06477902628076916,0.07790564827590599
22-Jan-2000 06:05:00,0.4563213502868463,0.060628302749181684,0.07793767358081949
22-Jan-2000 06:10:00,0.457578045287236,0.05908036782701567,0.078046408506571
22-Jan-2000 06:15:00,0.45912995195846396,0.058470384541875524,0.07818943201341892
22-Jan-2000 06:20:00,0.4607721936660574,0.0582338558867969,0.07834349483564244
22-Jan-2000 06:25:00,0.46243129100171787,0.058145215615213956,0.07849967233809228
22-Jan-2000 06:30:00,0.4640936361622563,0.0581130365674326,0.07865587268953574
22-Jan-2000 06:35:00,0.46576653279996283,0.058101472083351806,0.07881255128374139
22-Jan-2000 06:40:00,0.4674605302002685,0.0580970509123034,0.07897069939706315
22-Jan-2000 06:45:00,0.4691832293060772,0.05809495290483615,0.0791310927149971
22-Jan-2000 06:50:00,0.47093830485772553,0.058093550693595945,0.07929413303232825
22-Jan-2000 06:55:00,0.47272652720330594,0.05809233471563867,0.07945991823240764
22-Jan-2000 07:00:00,0.4747299825843674,0.05809499730475795,0.07963585507414092
22-Jan-2000 07:05:00,0.47775565518207574,0.058097043978052175,0.07989530311669521
22-Jan-2000 07:10:00,0.48152800946437746,0.058097154480773794,0.08023286672517284
22-Jan-2000 07:15:00,0.48561599426038765,0.058096504094340536,0.08060449889311098
22-Jan-2000 07:20:00,0.4898014399639942,0.05809556008765547,0.08098630490068122
22-Jan-2000 07:25:00,0.49398991096634404,0.058094508229649185,0.08136783311236054
22-Jan-2000 07:30:00,0.49814356927145337,0.05809342232443766,0.08174490860537519
22-Jan-2000 07:35:00,0.5022489210445646,0.058092331608621865,0.08211606026439357
22-Jan-2000 07:40:00,0.5063022202899116,0.05809124757697898,0.08248091011641182
22-Jan-2000 07:45:00,0.5103035861200851,0.05809017466281736,0.08283950299761753
22-Jan-2000 07:50:00,0.5142547734638678,0.058089114490571345,0.0831920534030889
22-Jan-2000 07:55:00,0.518157933541585,0.05808806756903296,0.08353882896173766
22-Jan-2000 08:00:00,0.5220151505824986,0.05808703396554451,0.08388008541241497
22-Jan-2000 08:05:00,0.5258284335382902,0.05808601357437454,0.08421606809619946
22-Jan-2000 08:10:00,0.5295996633658765,0.05808500622354036,0.0845470068349496
22-Jan-2000 08:15:00,0.5333305790163035,0.05808401171726344,0.08487311465345952
22-Jan-2000 08:20:00,0.537022781759368,0.05808302985283189,0.08519458838251905
22-Jan-2000 08:25:00,0.54067774758635,0.058082060427246104,0.08551160976293483
22-Jan-2000 08:30:00,0.5442969921405814,0.05808110323980861,0.08582435710776418
22-Jan-2000 08:35:00,0.5478818199460465,0.058080158093103545,0.08613299524394107
22-Jan-2000 08:40:00,0.5514333453243312,0.05807922479332646,0.08643766524500285
22-Jan-2000 08:45:00,0.5549525932762559,0.058078303150369714,0.08673849753364558
22-Jan-2000 08:50:00,0.558440627305345,0.05807739297778943,0.08703562101152457
22-Jan-2000 08:55:00,0.5618983555707053,0.05807649409276572,0.08732915491950696
22-Jan-2000 09:00:00,0.5654194727470381,0.05807560625369386,0.08762268941945252
22-Jan-2000 09:05:00,0.5694063094314368,0.05807472928265874,0.08794974430709525
22-Jan-2000 09:10:00,0.5737177401477881,0.05807386312253436,0.08830724274746225
22-Jan-2000 09:15:00,0.5781475362071032,0.05807300759481724,0.08867595189632711
22-Jan-2000 09:20:00,0.5825908930616587,0.05807216251361216,0.08904555401543326
22-Jan-2000 09:25:00,0.5870025258953893,0.058071327704402965,0.08941153354865074
22-Jan-2000 09:30:00,0.591365092564854,0.058070503001966325,0.08977217035760453
22-Jan-2000 09:35:00,0.595673195594926,0.0580696882472543,0.09012694625946578
22-Jan-2000 09:40:00,0.599926285911824,0.05806888328559639,0.0904758301731324
22-Jan-2000 09:45:00,0.6041258237527022,0.058068087965811706,0.09081898401472036
22-Jan-2000 09:50:00,0.6082738843281128,0.058067302139800436,0.09115663910725415
22-Jan-2000 09:55:00,0.6123725171107136,0.05806652566232697,0.0914890212637091
22-Jan-2000 10:00:00,0.6166131713193695,0.058065758285162604,0.09182317500306374
22-Jan-2000 10:05:00,0.6218051210814611,0.05806499986679545,0.0922237234228433
22-Jan-2000 10:10:00,0.627649875904897,0.05806425046410429,0.09268333918626485
22-Jan-2000 10:15:00,0.6337299903320343,0.05909847445854224,0.09316461231856765
22-Jan-2000 10:20:00,0.6398491872922734,0.061256698432049214,0.09364850233641661
22-Jan-2000 10:25:00,0.6460325201515049,0.06403959274167578,0.09413297697609578
22-Jan-2000 10:30:00,0.6524878724991015,0.06446968713169406,0.09463276364645572
22-Jan-2000 10:35:00,0.6592234965159767,0.06402714334282458,0.09515406266116276
22-Jan-2000 10:40:00,0.6660246786973312,0.06370925576891234,0.09568065646500186
22-Jan-2000 10:45:00,0.6727687896094249,0.06344710045297743,0.09620131165253812
22-Jan-2000 10:50:00,0.6794091821733447,0.06321033147547617,0.09671169239650461
22-Jan-2000 10:55:00,0.6859323471916877,0.06299133583400704,0.09721058413010289
22-Jan-2000 11:00:00,0.6925473787772807,0.0627867988884516,0.09770518357086062
22-Jan-2000 11:05:00,0.700080644726912,0.06259443396774446,0.0982591446463899
22-Jan-2000 11:10:00,0.7081691537326514,0.062412953598036267,0.09886005620787627
22-Jan-2000 11:15:00,0.7164060882067513,0.06224141946556211,0.09947296279257742
22-Jan-2000 11:20:00,0.7246059593652803,0.06207907877339232,0.10008130132691263
22-Jan-2000 11:25:00,0.732696156718306,0.061925285572508516,0.1006786181259634
22-Jan-2000 11:30:00,0.7406515579268294,0.06177946398585936,0.10126279671845914
22-Jan-2000 11:35:00,0.7484663872993934,0.06164109078107341,0.1018334460386455
22-Jan-2000 11:40:00,0.7561429479495614,0.061509686226565156,0.10239087317498817
22-Jan-2000 11:45:00,0.7636866667546494,0.06138480848045161,0.10293566329123091
22-Jan-2000 11:50:00,0.7711031901046843,0.0612660495683581,0.1034684169628765
22-Jan-2000 11:55:00,0.7783982833221949,0.06115303216161314,0.10398972936341239
22-Jan-2000 12:00:00,0.7857937610591106,0.06104539207747425,0.10450719915049805
22-Jan-2000 12:05:00,0.794120237182244,0.06094280758369261,0.10508110385040294
22-Jan-2000 12:10:00,0.8030041123489681,0.06084500370707903,0.10569882551820742
22-Jan-2000 12:15:00,0.812042499269202,0.06075169731172692,0.10632789013325991
22-Jan-2000 12:20:00,0.821054940865055,0.06066262382746876,0.1069531836983132
22-Jan-2000 12:25:00,0.8299843213840594,0.06057753900644594,0.1075694914113899
22-Jan-2000 12:30:00,0.8388051221923029,0.06049621660337685,0.10817525171142078
22-Jan-2000 12:35:00,0.8475035727134037,0.06041844628795985,0.10876940318049098
22-Jan-2000 12:40:00,0.856079531366094,0.06034403206015793,0.1093520251528539
22-Jan-2000 12:45:00,0.8645364828089981,0.06027279099069004,0.10992349784799801
22-Jan-2000 12:50:00,0.8728797146140569,0.06020455215669554,0.11048433008501446
22-Jan-2000 12:55:00,0.8811158673671469,0.06013915570550395,0.11103511037592795
22-Jan-2000 13:00:00,0.8890181426555541,0.060076460708549585,0.11156925088135437
22-Jan-2000 13:05:00,0.8957364745983498,0.060016326097497213,0.11202843290900248
22-Jan-2000 13:10:00,0.9017099926293903,0.05995860505137505,0.11242864724518824
22-Jan-2000 13:15:00,0.9073655498538356,0.059903176351761116,0.11280256306342971
22-Jan-2000 13:20:00,0.912886094165711,0.05984992717453992,0.11316480489083201
22-Jan-2000 13:25:00,0.9183427650595366,0.0597987503833864,0.11352111847577981
22-Jan-2000 13:30:00,0.923761889988579,0.059749544492775024,0.11387365973562867
22-Jan-2000 13:35:00,0.9291525869237769,0.059702213665679245,0.11422320102157085
22-Jan-2000 13:40:00,0.9345177771716275,0.05965666752996604,0.11457000685007128
22-Jan-2000 13:45:00,0.9398582218149688,0.059612820897238565,0.11491417340094913
22-Jan-2000 13:50:00,0.9451735616464626,0.05957059345092916,0.1152557092046395
22-Jan-2000 13:55:00,0.9504632066308172,0.0595299094358451,0.1155946013581695
22-Jan-2000 14:00:00,0.9552905786518123,0.05949016570681159,0.11591787386983535
22-Jan-2000 14:05:00,0.9579885677434901,0.059451290076608085,0.11611672901497094
22-Jan-2000 14:10:00,0.9593011176743402,0.05941379015298591,0.1162123688433718
22-Jan-2000 14:15:00,0.9600794687764116,0.05937760258111037,0.11626624458155936
22-Jan-2000 14:20:00,0.9606789666630371,0.0593426706980991,0.11630560186208351
22-Jan-2000 14:25:00,0.9612482570438755,0.059308940410954164,0.1163417307706455
22-Jan-2000 14:30:00,0.961846583181811,0.05927635987169642,0.11637919310637193
22-Jan-2000 14:35:00,0.9624952562693813,0.059244879613750155,0.11641967287002293
22-Jan-2000 14:40:00,0.9632000108282033,0.05921445259135697,0.11646366552732418
22-Jan-2000 14:45:00,0.9639603852370154,0.059185034122912955,0.11651119048823896
22-Jan-2000 14:50:00,0.9647735764845111,0.0591565817881055,0.11656208493646043
22-Jan-2000 14:55:00,0.9656359987003678,0.05912905530930106,0.11661612301103848
22-Jan-2000 15:00:00,0.966362292642711,0.05910242013021514,0.11666781824200409
22-Jan-2000 15:05:00,0.9661625823051867,0.059076639894206,0.11666750335937812
22-Jan-2000 15:10:00,0.9652951003597766,0.05905167320206841,0.1166186331061233
22-Jan-2000 15:15:00,0.9641593835781722,0.05902748783238187,0.11654875896388707
22-Jan-2000 15:20:00,0.9629559840772414,0.05900405375672275,0.11647273944013765
22-Jan-2000 15:25:00,0.9617707094334923,0.058981341937015805,0.1163970762652505
22-Jan-2000 15:30:00,0.9606370087340003,0.058959324375613395,0.11632436393630798
22-Jan-2000 15:35:00,0.959565905903455,0.05893797422470246,0.11625550621024981
22-Jan-2000 15:40:00,0.958559159874606,0.05891726581853819,0.11619070222800369
22-Jan-2000 15:45:00,0.9576148674495,0.05889717465344153,0.11612986869819494
22-Jan-2000 15:50:00,0.9567297731540579,0.05887767734394217,0.11607281553588437
22-Jan-2000 15:55:00,0.9559002141891015,0.058858751570443214,0.11601931770699744
22-Jan-2000 16:00:00,0.9550356224785619,0.058840373754090965,0.1159666325392845
22-Jan-2000 16:05:00,0.953745162108821,0.05881846711966741,0.11589021854267612
22-Jan-2000 16:10:00,0.9521438937863353,0.058795186361442105,0.11579090091904744
22-Jan-2000 16:15:00,0.9504284438315159,0.05877457272453266,0.11568220720666424
22-Jan-2000 16:20:00,0.948699225548188,0.05875633920694694,0.11557161525334571
22-Jan-2000 16:25:00,0.9469990643455458,0.058739655917127015,0.11546240443930367
22-Jan-2000 16:30:00,0.9453441489088666,0.058723945648401346,0.11535585736322812
22-Jan-2000 16:35:00,0.9437391836466015,0.05870889542693363,0.11525238538749932
22-Jan-2000 16:40:00,0.9421841167464391,0.058694351343123376,0.11515203518125237
22-Jan-2000 16:45:00,0.9406770198472947,0.05868023923774085,0.11505470705526832
22-Jan-2000 16:50:00,0.9392152955259058,0.05866652121892413,0.11496024700326908
22-Jan-2000 16:55:00,0.9377961808855535,0.0586531749334222,0.11486848506787727
22-Jan-2000 17:00:00,0.9364169899817608,0.05864018449680896,0.11477925304756921
22-Jan-2000 17:05:00,0.9350752177545983,0.05862753676514422,0.11469239307398665
22-Jan-2000 17:10:00,0.9337685335325313,0.05861521987610106,0.11460775821482998
22-Jan-2000 17:15:00,0.9324947536226323,0.0586032226987745,0.1145252107733885
22-Jan-2000 17:20:00,0.9312518190024258,0.0585915346287248,0.11444462086322257
22-Jan-2000 17:25:00,0.9300377769966226,0.058580145507748344,0.11436586517678494
22-Jan-2000 17:30:00,0.9288507634949507,0.058569045586549275,0.11428882600671413
22-Jan-2000 17:35:00,0.92768901561643,0.05855822550152556,0.11421339122671302
22-Jan-2000 17:40:00,0.9265508838690119,0.05854767625621238,0.11413945596192368
22-Jan-2000 17:45:00,0.9254348107584218,0.05853738920447298,0.11406692111282182
22-Jan-2000 17:50:00,0.9243393286428756,0.05852735603465068,0.11399569303460176
22-Jan-2000 17:55:00,0.9232630701649163,0.058517568754490365,0.11392568419128339
22-Jan-2000 18:00:00,0.9222047644657948,0.011263136228447292,0.11385681318743812
22-Jan-2000 18:05:00,0.9211631825031883,0.00909803033688119,0.1137890029923435
22-Jan-2000 18:10:00,0.9201359296920957,0.008811182529911487,0.1137221309962915
22-Jan-2000 18:15:00,0.9191156446309239,0.008708454859712948,0.1136558017298879
22-Jan-2000 18:20:00,0.9180894492186852,0.008629959848060377,0.11358923421918554
22-Jan-2000 18:25:00,0.9170430876045932,0.008555419077971915,0.11352149628899978
22-Jan-2000 18:30:00,0.9159643796508149,0.008482389627984692,0.11345175514009623
22-Jan-2000 18:35:00,0.9148445239567664,0.008451660903956873,0.11337938774679927
22-Jan-2000 18:40:00,0.9136780358585826,0.008569921557366343,0.11330399070927344
22-Jan-2000 18:45:00,0.9124620987621044,0.008683326490596208,0.11322534305732326
22-Jan-2000 18:50:00,0.911195851047698,0.008758995117658947,0.11314335936848537
22-Jan-2000 18:55:00,0.9098797972390507,0.008799658308738361,0.11305805003837402
22-Jan-2000 19:00:00,0.9086007729910954,0.008812437000348066,0.11297201165571387
22-Jan-2000 19:05:00,0.9077472595108134,0.00880372859551126,0.11291018489518467
22-Jan-2000 19:10:00,0.9072050812814544,0.008779588469215952,0.11287183319561478
22-Jan-2000 19:15:00,0.9067757497893895,0.008744514492644321,0.11284293435280549
22-Jan-2000 19:20:00,0.9063577569262965,0.008701687814100257,0.11281572233229725
22-Jan-2000 19:25:00,0.9059078049205563,0.008653401653763836,0.11278679647981935
22-Jan-2000 19:30:00,0.905409551946427,0.008601327773757186,0.11275483352020219
22-Jan-2000 19:35:00,0.9048582687356428,0.00854668721180082,0.1127194148176543
22-Jan-2000 19:40:00,0.9042540225163886,0.008490369860097127,0.11268049849076625
22-Jan-2000 19:45:00,0.9035987694255195,0.008433022050611113,0.11263819276003058
22-Jan-2000 19:50:00,0.9028951437506879,0.008375111473258904,0.11259266118191864
22-Jan-2000 19:55:00,0.9021459596074324,0.008316975233174076,0.11254408359352282
22-Jan-2000 20:00:00,0.9011823996182047,0.00825892388031492,0.11248753325518265
22-Jan-2000 20:05:00,0.8992422671669847,0.008201308071060053,0.11237370194074575
22-Jan-2000 20:10:00,0.8965580031583511,0.008144081477914013,0.1122045184882891
22-Jan-2000 20:15:00,0.8935273187741617,0.00808720053157675,0.11200799713398832
22-Jan-2000 20:20:00,0.8903597595718817,0.008030692550824935,0.11180006557110705
22-Jan-2000 20:25:00,0.8871498912786582,0.007974606018974699,0.11158805818409363
22-Jan-2000 20:30:00,0.883938229757855,0.007918985132793604,0.11137515316114395
22-Jan-2000 20:35:00,0.8807415434410192,0.007863863044550086,0.11116268246397093
22-Jan-2000 20:40:00,0.8775664629381749,0.007809262196267813,0.11095118452832613
22-Jan-2000 20:45:00,0.8744153663105151,0.007755196471941989,0.11074086300784615
22-Jan-2000 20:50:00,0.8712888751777534,0.007701673388302224,0.11053178236201265
22-Jan-2000 20:55:00,0.8681868735683879,0.007648695872598258,0.11032394938926338
22-Jan-2000 21:00:00,0.864868794353963,0.007596357271764968,0.11011007498025684
22-Jan-2000 21:05:00,0.8602307175133683,0.007544926650109304,0.10981782014285688
22-Jan-2000 21:10:00,0.8545528759044744,0.007494181711902952,0.10944588221960148
22-Jan-2000 21:15:00,0.8484060374808202,0.007443910826340727,0.1090344669264096
22-Jan-2000 21:20:00,0.8421068425823812,0.007394041871453546,0.10860793465108645
22-Jan-2000 21:25:00,0.8358017377684981,0.007344572144711433,0.10817788708877905
22-Jan-2000 21:30:00,0.8295538144056056,0.0072955195365998066,0.10774943722237298
22-Jan-2000 21:35:00,0.8233884315730742,0.007246902719159892,0.10732472820931102
22-Jan-2000 21:40:00,0.8173139884975903,0.007198735460564173,0.10690454994922727
22-Jan-2000 21:45:00,0.8113317961798443,0.007151026135252129,0.10648911542938298
22-Jan-2000 21:50:00,0.8054400839095276,0.0071037787076236114,0.10607839046889621
22-Jan-2000 21:55:00,0.7996357437647734,0.007056993892066789,0.1056722201715711
22-Jan-2000 22:00:00,0.7936338176105037,0.007010821873663566,0.10526158638917979
22-Jan-2000 22:05:00,0.7860737152546019,0.006965761693843008,0.1047545114196158
22-Jan-2000 22:10:00,0.777191133124265,0.006921478012493959,0.10414105488456823
22-Jan-2000 22:15:00,0.7676737048489011,0.006877548538070224,0.10347005542578265
22-Jan-2000 22:20:00,0.7579411130667104,0.006833805573539333,0.10277454221254372
22-Jan-2000 22:25:00,0.7482032620513629,0.006790244409131061,0.10207165448365997
22-Jan-2000 22:30:00,0.7385561315165786,0.006746916681730893,0.10136949942195772
22-Jan-2000 22:35:00,0.7290411783543017,0.006703877715129125,0.10067171801514348
22-Jan-2000 22:40:00,0.7196740733760577,0.006661169775257978,0.09997983981547967
22-Jan-2000 22:45:00,0.7104584846356763,0.006618820563348034,0.09929440421234949
22-Jan-2000 22:50:00,0.7013927372104213,0.006576846276856526,0.09861546288683351
22-Jan-2000 22:55:00,0.6924732191513703,0.006535255127851429,0.09794290653896011
22-Jan-2000 23:00:00,0.6836382154419327,0.006494111733102323,0.09727461952257181
22-Jan-2000 23:05:00,0.6745787274371696,0.006453598806431333,0.09658871611061341
22-Jan-2000 23:10:00,0.6653013950783174,0.006413563325985139,0.09587921075410445
22-Jan-2000 23:15:00,0.6559491185749711,0.00637385210959858,0.09515647892742772
22-Jan-2000 23:20:00,0.6466219869127149,0.006334416369676903,0.09442891024928957
22-Jan-2000 23:25:00,0.6373740830881968,0.006295262057781469,0.09370128401282794
22-Jan-2000 23:30:00,0.6282307255767591,0.0062564096947008725,0.09297598075136178
22-Jan-2000 23:35:00,0.6192009703432683,0.006217877543643115,0.09225398899437041
22-Jan-2000 23:40:00,0.6102861580795933,0.006179677493706056,0.09153558461211485
22-Jan-2000 23:45:00,0.601484457633444,0.006141815644791214,0.0908207335340558
22-Jan-2000 23:50:00,0.5927923271341553,0.006104293964812524,0.09010926749954547
22-Jan-2000 23:55:00,0.5842050304817384,0.006067111781708903,0.08940087468186336
23-Jan-2000 00:00:00,0.5757183672471184,0.00603026684611987,0.08869527675622924
23-Jan-2000 00:05:00,0.5673279421086922,0.005993756013752698,0.08799217853918999
23-Jan-2000 00:10:00,0.5590284182078129,0.005957575658987616,0.08729120522027711
23-Jan-2000 00:15:00,0.5508145719722917,0.005921721916574545,0.08659195211717192
23-Jan-2000 00:20:00,0.5426821948216703,0.005886190819285794,0.08589408101892371
23-Jan-2000 00:25:00,0.534627199693611,0.0058509783747363936,0.08519728183806652
23-Jan-2000 00:30:00,0.5266450765717934,0.005816080607449392,0.08450118000249904
23-Jan-2000 00:35:00,0.5187328118658003,0.005781493581389746,0.08380548556340743
23-Jan-2000 00:40:00,0.510893270309221,0.005747213411659669,0.08311035721949622
23-Jan-2000 00:45:00,0.5031233879175345,0.005713236270235938,0.08241574339571954
23-Jan-2000 00:50:00,0.4954151425816699,0.0056795583884707455,0.08172093596955997
23-Jan-2000 00:55:00,0.48776342293696395,0.0056461760578388545,0.08102539372664838
23-Jan-2000 01:00:00,0.48016609109841923,0.005613085629753615,0.08032886401438649
23-Jan-2000 01:05:00,0.47261998838209596,0.005580283514894711,0.07963107425430559
23-Jan-2000 01:10:00,0.46512144466144817,0.005547766182285486,0.07893162623394856
23-Jan-2000 01:15:00,0.4576679674431293,0.005515530158256028,0.07823022582725923
23-Jan-2000 01:20:00,0.45025755667090483,0.005483572025348104,0.07752662109374787
23-Jan-2000 01:25:00,0.44288779481708473,0.005451888421211746,0.07682054458139005
23-Jan-2000 01:30:00,0.43555582396324066,0.0054204760375056145,0.07611162876410117
23-Jan-2000 01:35:00,0.4282604609410845,0.005389331618813294,0.07539965608875196
23-Jan-2000 01:40:00,0.42100082166508335,0.005358451961579385,0.07468444838480194
23-Jan-2000 01:45:00,0.41377569096677824,0.005327833913069873,0.07396580746471534
23-Jan-2000 01:50:00,0.40658431040316445,0.005297474370355298,0.07324351592410464
23-Jan-2000 01:55:00,0.3994269851717213,0.00526737027931551,0.07251750595053531
23-Jan-2000 02:00:00,0.3923031873886762,0.005237518633673603,0.0717876065870646
23-Jan-2000 02:05:00,0.3852380752796315,0.005207916474046478,0.07105548599012433
23-Jan-2000 02:10:00,0.37823005652896247,0.005178560887024047,0.07032225627481198
23-Jan-2000 02:15:00,0.37126173236791965,0.005149449004263017,0.0695857933304792
23-Jan-2000 02:20:00,0.36432578020318407,0.005120578001611114,0.06884504211953389
23-Jan-2000 02:25:00,0.35741947267587937,0.005091945098243808,0.06809949579051859
23-Jan-2000 02:30:00,0.350541507150283,0.005063547555840712,0.06734882196344533
23-Jan-2000 02:35:00,0.34369350021108014,0.005035382677758188,0.06659295182356548
23-Jan-2000 02:40:00,0.33687782612488093,0.0050074478082113485,0.06583198652021578
23-Jan-2000 02:45:00,0.33009593705895673,0.00497974033150099,0.0650659367566928
23-Jan-2000 02:50:00,0.32334822952419373,0.004952257671250349,0.0642946736237649
23-Jan-2000 02:55:00,0.31663719899113474,0.004924997289660919,0.06351823751292847
23-Jan-2000 03:00:00,0.3100206491025571,0.0048979059582464485,0.06273946956240922
23-Jan-2000 03:05:00,0.3038154387236212,0.004870866855969077,0.061992464049191676
23-Jan-2000 03:10:00,0.2980283828571459,0.004844007443398741,0.061289802382741614
23-Jan-2000 03:15:00,0.2925076302964619,0.004817409155451777,0.06061527055192785
23-Jan-2000 03:20:00,0.2871419151875096,0.004791084332978878,0.05995463748813104
23-Jan-2000 03:25:00,0.2818699797625987,0.004765019439275596,0.05929957742919188
23-Jan-2000 03:30:00,0.276662451446063,0.004739196644713171,0.05864588613790153
23-Jan-2000 03:35:00,0.2715071895269894,0.004713600860782002,0.05799169586066992
23-Jan-2000 03:40:00,0.2664020669565722,0.004688220868659548,0.05733650178720634
23-Jan-2000 03:45:00,0.26134871167995893,0.004663048642717438,0.05668039921972357
23-Jan-2000 03:50:00,0.25635153355482554,0.004638078397759087,0.05602387628309923
23-Jan-2000 03:55:00,0.25141597429118745,0.004613305808821709,0.055367624484785376
23-Jan-2000 04:00:00,0.24674643185186498,0.004588639883781451,0.05472347909676812
23-Jan-2000 04:05:00,0.24342144031843313,0.004563893139005431,0.05422705474869966
23-Jan-2000 04:10:00,0.24133708507850385,0.004539272490613592,0.05391161217802074
23-Jan-2000 04:15:00,0.2399350598764761,0.004514903767762934,0.05370369306018706
23-Jan-2000 04:20:00,0.23884817958705362,0.004490811874859181,0.053549444439813555
23-Jan-2000 04:25:00,0.23788598791121138,0.004466983842284535,0.053414020263683214
23-Jan-2000 04:30:00,0.23696044780805847,0.004443398364422581,0.05328527463974165
23-Jan-2000 04:35:00,0.23603603636019266,0.00442003587262885,0.053157146446513905
23-Jan-2000 04:40:00,0.23510239277271888,0.004396880870304995,0.05302758448336244
23-Jan-2000 04:45:00,0.23416033749591927,0.0043739217077516206,0.05289643032550682
23-Jan-2000 04:50:00,0.23321503827083234,0.004351149738698139,0.05276430194309388
23-Jan-2000 04:55:00,0.23227281869343785,0.00432855849369138,0.05263206341032741
23-Jan-2000 05:00:00,0.23158048601955625,0.004306098483286427,0.05251414789678834
23-Jan-2000 05:05:00,0.2323198418202347,0.004283658605037674,0.05256580648649506
23-Jan-2000 05:10:00,0.23421633935017314,0.004261339579953417,0.05280216273939172
23-Jan-2000 05:15:00,0.23662795221090338,0.004239213829393216,0.05312719401231624
23-Jan-2000 05:20:00,0.23919310856280168,0.004217299407879899,0.05348040444242243
23-Jan-2000 05:25:00,0.24174794477669106,0.0041955916785339775,0.0538392288941048
23-Jan-2000 05:30:00,0.24422882016274033,0.004174079937417054,0.054181132464979395
23-Jan-2000 05:35:00,0.24661757602853948,0.004152753496742539,0.05450778285476029
23-Jan-2000 05:40:00,0.2489153672707891,0.004131603345509215,0.05482157262500525
23-Jan-2000 05:45:00,0.2511305809764879,0.004110622277918371,0.05512163161376287
23-Jan-2000 05:50:00,0.25327354739026636,0.004089804596270466,0.0554101240839055
23-Jan-2000 05:55:00,0.2553543628270084,0.0040691457608544234,0.055688589785583324
23-Jan-2000 06:00:00,0.25755934146384163,0.06477104804957,0.055968482341804016
23-Jan-2000 06:05:00,0.2606900357504602,0.060599550597468174,0.05635159619052225
23-Jan-2000 06:10:00,0.26452017584923804,0.05904367407106518,0.0568370925952958
23-Jan-2000 06:15:00,0.2686278307159812,0.058430969126830684,0.057363852022119514
23-Jan-2000 06:20:00,0.27280580638505486,0.05819354360568764,0.05789867219790599
23-Jan-2000 06:25:00,0.27699101460617065,0.05810482862849975,0.05843030995523254
23-Jan-2000 06:30:00,0.2811852460569204,0.058072930006579704,0.05895789672726151
23-Jan-2000 06:35:00,0.28540900913775424,0.058061789006005025,0.059483905771908076
23-Jan-2000 06:40:00,0.289693937906365,0.05805784270217955,0.06001166104516908
23-Jan-2000 06:45:00,0.2940617942236035,0.058056233500924946,0.06054514429084147
23-Jan-2000 06:50:00,0.2984887361202342,0.05805531965675888,0.061081675905028526
23-Jan-2000 06:55:00,0.3029575821678358,0.0580545864861649,0.06161895622626199
23-Jan-2000 07:00:00,0.30765162487284126,0.058057466375335536,0.062165372711042166
23-Jan-2000 07:05:00,0.31341134412568156,0.058059731843495485,0.06281824830181823
23-Jan-2000 07:10:00,0.3199053115100555,0.058060209092903395,0.0635646831000714
23-Jan-2000 07:15:00,0.3266600777836795,0.058059979587718656,0.06434164325471842
23-Jan-2000 07:20:00,0.33344375016905303,0.058059473513038355,0.0651166024240834
23-Jan-2000 07:25:00,0.3401615295598202,0.05805886203578252,0.06587659101970807
23-Jan-2000 07:30:00,0.34677824218443715,0.05805821325659346,0.06661721520791909
23-Jan-2000 07:35:00,0.35328382281846893,0.05805755423283113,0.06733760106968205
23-Jan-2000 07:40:00,0.35967807737051066,0.058056895675082806,0.06803821856391123
23-Jan-2000 07:45:00,0.36596489375634594,0.05805624178369586,0.06872001809047854
23-Jan-2000 07:50:00,0.37214921042063837,0.05805559416690478,0.06938409043637137
23-Jan-2000 07:55:00,0.37823537140473606,0.05805495340154253,0.07003140561529683
23-Jan-2000 08:00:00,0.3842275549579917,0.05805431965470845,0.07066286358940956
23-Jan-2000 08:05:00,0.39013017196598554,0.05805369293138447,0.07127934239249357
23-Jan-2000 08:10:00,0.39594726451156237,0.058053073173054325,0.07188164853636923
23-Jan-2000 08:15:00,0.4016822597410445,0.05805246029695196,0.07247050984888513
23-Jan-2000 08:20:00,0.40733785902313796,0.058051854211696376,0.07304653208838473
23-Jan-2000 08:25:00,0.4129165684773664,0.05805125482347525,0.07361027265049169
23-Jan-2000 08:30:00,0.4184207191911842,0.05805066203850649,0.07416224790849141
23-Jan-2000 08:35:00,0.4238526647952827,0.05805007576398854,0.07470294613317195
23-Jan-2000 08:40:00,0.4292148967650626,0.05804949590846268,0.07523286288459143
23-Jan-2000 08:45:00,0.4345092453946773,0.05804892238193394,0.07575241222771212
23-Jan-2000 08:50:00,0.4397374015754102,0.058048355095908874,0.0762619719265668
23-Jan-2000 08:55:00,0.4449012978811091,0.05804779396338686,0.07676191886376886
23-Jan-2000 09:00:00,0.4500988678911589,0.058047238859914176,0.07725667148110636
23-Jan-2000 09:05:00,0.4557436346284503,0.0580466896999532,0.0777853358051087
23-Jan-2000 09:10:00,0.46168411291165223,0.058046146472862756,0.07834374226501169
23-Jan-2000 09:15:00,0.46770335705021976,0.05804560909160107,0.07890889447562166
23-Jan-2000 09:20:00,0.47369566263429824,0.05804507746379232,0.07946896985097292
23-Jan-2000 09:25:00,0.479617947637905,0.05804455150350429,0.08001920897072216
23-Jan-2000 09:30:00,0.4854555514149968,0.058044031129977754,0.08055807754086383
23-Jan-2000 09:35:00,0.4912055212189283,0.05804351626570358,0.08108539224826583
23-Jan-2000 09:40:00,0.4968690205304235,0.05804300683532357,0.08160142705071508
23-Jan-2000 09:45:00,0.5024587782399751,0.05804250276508747,0.08210691429508184
23-Jan-2000 09:50:00,0.5081545948263141,0.05804200398261224,0.08261392025061981
23-Jan-2000 09:55:00,0.514061880133238,0.058041510416766945,0.08313758330015013
23-Jan-2000 10:00:00,0.5202220309014279,0.05804102193037997,0.08367357473921881
23-Jan-2000 10:05:00,0.5273498546230746,0.05804053845336161,0.08428295847924659
23-Jan-2000 10:10:00,0.5350742204102671,0.058040060041515934,0.08495053272165924
23-Jan-2000 10:15:00,0.5429485303542495,0.058039586617479835,0.08563192322133452
23-Jan-2000 10:20:00,0.5507663290030598,0.05803911809430189,0.08630561399741031
23-Jan-2000 10:25:00,0.5584479103602459,0.058038654395071096,0.08696340044251809
23-Jan-2000 10:30:00,0.565970012646252,0.05803819545051399,0.08760296173025625
23-Jan-2000 10:35:00,0.5733347644448108,0.05803774119570401,0.0882246179166061
23-Jan-2000 10:40:00,0.5805462796126384,0.058037291568193664,0.08882910192693667
23-Jan-2000 10:45:00,0.5876101299319034,0.06156131591244348,0.08941718128427495
23-Jan-2000 10:50:00,0.5945345035308007,0.06267631645674002,0.08998980958722033
23-Jan-2000 10:55:00,0.6013297847919908,0.0623091296951403,0.090548086684345
23-Jan-2000 11:00:00,0.6082172101058785,0.062073596792987816,0.09110089180987072
23-Jan-2000 11:05:00,0.616045354350957,0.06189326009336847,0.0917178532018138
23-Jan-2000 11:10:00,0.6244628615673415,0.06173869063958704,0.09238706614210275
23-Jan-2000 11:15:00,0.6330608435306512,0.06159834795593781,0.09307078416829064
23-Jan-2000 11:20:00,0.641652900094151,0.061467510006551755,0.09375113752146144
23-Jan-2000 11:25:00,0.6501635861804483,0.06134409982748795,0.09442102935283554
23-Jan-2000 11:30:00,0.6585651914538526,0.061227081738155255,0.09507799718795343
23-Jan-2000 11:35:00,0.6668499666482639,0.06111584041389385,0.09572148473882199
23-Jan-2000 11:40:00,0.6750186212743988,0.061009939106424445,0.09635173377300411
23-Jan-2000 11:45:00,0.6830737878189969,0.06090902462125058,0.09696919199332099
23-Jan-2000 11:50:00,0.6910187305767214,0.060812789260163556,0.09757433965383273
23-Jan-2000 11:55:00,0.6988576497630353,0.06072095496567215,0.09816770456278565
23-Jan-2000 12:00:00,0.7068112075470562,0.06063325407482817,0.09875723128278767
23-Jan-2000 12:05:00,0.7157088628512566,0.060549451578907114,0.09940656921752701
23-Jan-2000 12:10:00,0.7251714487958838,0.060469348540766896,0.10010194174587864
23-Jan-2000 12:15:00,0.7347934720161936,0.06039273680689505,0.10080868677545364
23-Jan-2000 12:20:00,0.744391473415425,0.06031942104702793,0.10151063887845202
23-Jan-2000 12:25:00,0.7538927468501779,0.06024922044766375,0.10220146885649027
23-Jan-2000 12:30:00,0.7632732120595441,0.06018196703126486,0.1028791830138819
23-Jan-2000 12:35:00,0.7725272095873464,0.06011750413819526,0.1035434596718503
23-Jan-2000 12:40:00,0.7816569337115195,0.06005568530045889,0.10419462819467724
23-Jan-2000 12:45:00,0.7906682878614508,0.05999637336461938,0.10483331205768544
23-Jan-2000 12:50:00,0.7995667566846354,0.05993943975891264,0.10546014889762753
23-Jan-2000 12:55:00,0.8083572150339131,0.05988476385106713,0.1060756861847383
23-Jan-2000 13:00:00,0.8168279868745152,0.05983223968464651,0.10667353843807217
23-Jan-2000 13:05:00,0.8241640362236133,0.05978176011490332,0.10719597875459616
23-Jan-2000 13:10:00,0.8307464938827432,0.059733212057070495,0.10765633118382417
23-Jan-2000 13:15:00,0.8369834157021678,0.059686503032166084,0.10808690320050149
23-Jan-2000 13:20:00,0.8430634039355785,0.059641546809241816,0.10850325831973487
23-Jan-2000 13:25:00,0.8490663133980761,0.059598261187335966,0.10891204093565957
23-Jan-2000 13:30:00,0.8550240133541276,0.05955656802603931,0.1093159481014535
23-Jan-2000 13:35:00,0.8609486761260664,0.059516393304573395,0.10971603481927021
23-Jan-2000 13:40:00,0.8668445934077563,0.059476748805490975,0.11011270364394446
23-Jan-2000 13:45:00,0.872712906152053,0.059438331573111715,0.110506094696195
23-Jan-2000 13:50:00,0.878556220403361,0.05940127646287583,0.1108963242230419
23-Jan-2000 13:55:00,0.8843846920467106,0.05936551976619303,0.11128416015970412
23-Jan-2000 14:00:00,0.8897658093211505,0.059331011916565674,0.11165604265899559
23-Jan-2000 14:05:00,0.8931119446333455,0.05929769770145229,0.11190428895872112
23-Jan-2000 14:10:00,0.8950686364161408,0.05926550866832738,0.11204671220441713
23-Jan-2000 14:15:00,0.8964332068023323,0.05923439764831225,0.11214183215845529
23-Jan-2000 14:20:00,0.8975922401091687,0.059204321339133587,0.11221972537216639
23-Jan-2000 14:25:00,0.8987099471020016,0.05917523752904159,0.11229335814892955
23-Jan-2000 14:30:00,0.8998515330591769,0.05914710532735463,0.11236794245525318
23-Jan-2000 14:35:00,0.9010404289706476,0.05911988549644807,0.11244539635141956
23-Jan-2000 14:40:00,0.9022829638925645,0.05909354058288247,0.11252628336337739
23-Jan-2000 14:45:00,0.9035786728978008,0.059068034918407605,0.11261062541386836
23-Jan-2000 14:50:00,0.904924527947084,0.059043334561453574,0.11269823806431314
23-Jan-2000 14:55:00,0.9063166522667573,0.059019407216338485,0.11278886608094295
23-Jan-2000 15:00:00,0.9075702336883349,0.0589962253699123,0.11287685447088272
23-Jan-2000 15:05:00,0.907899016837009,0.058973759766921055,0.11291113749731226
23-Jan-2000 15:10:00,0.907559956098366,0.05895197656712577,0.1128952602907485
23-Jan-2000 15:15:00,0.9069506745528029,0.058930849764243835,0.11285758444143476
23-Jan-2000 15:20:00,0.9062708448455212,0.058910355121508926,0.11281340788438204
23-Jan-2000 15:25:00,0.9056058586548185,0.058890469130778215,0.1127694195213066
23-Jan-2000 15:30:00,0.9049888990841118,0.05887116906415925,0.11272827936038089
23-Jan-2000 15:35:00,0.9044307732963385,0.05885243307804893,0.11269090335161464
23-Jan-2000 15:40:00,0.9039330447563443,0.05883424024970028,0.1126574808517482
23-Jan-2000 15:45:00,0.9034936162340325,0.05881657056771473,0.11262790987327807
23-Jan-2000 15:50:00,0.903109053889971,0.05879940490113757,0.11260197913879659
23-Jan-2000 15:55:00,0.9027755377785369,0.05878272496059558,0.1125794429167779
23-Jan-2000 16:00:00,0.902402675704594,0.05876651441625798,0.11255747800585064
23-Jan-2000 16:05:00,0.9016010602042027,0.05874745710520284,0.11251090378340112
23-Jan-2000 16:10:00,0.900485341621187,0.058726621879301596,0.11244056291098918
23-Jan-2000 16:15:00,0.8992513842580381,0.05870811168192097,0.11236034654837498
23-Jan-2000 16:20:00,0.8979992320616,0.058691789847565824,0.11227793299954208
23-Jan-2000 16:25:00,0.8967715597826246,0.05867690191327182,0.11219668803892598
23-Jan-2000 16:30:00,0.8955844729163513,0.058662905248763324,0.11211792470265096
23-Jan-2000 16:35:00,0.8944426123348913,0.058649502377192124,0.11204205978489445
23-Jan-2000 16:40:00,0.8933458720812846,0.05863654674218661,0.11196913511029027
23-Jan-2000 16:45:00,0.8922922788819951,0.058623968262339725,0.11189904247539892
23-Jan-2000 16:50:00,0.8912792185500378,0.05861173184611005,0.11183161928966984
23-Jan-2000 16:55:00,0.8903039833687091,0.05859981743152193,0.1117666910984352
23-Jan-2000 17:00:00,0.8893639682584775,0.05858821119588583,0.11170408825981057
23-Jan-2000 17:05:00,0.8884567083811894,0.05857690192453568,0.11164364970536104
23-Jan-2000 17:10:00,0.8875798785504037,0.05856587958521393,0.11158522320756961
23-Jan-2000 17:15:00,0.8867312862979873,0.0585551347902673,0.1115286649500363
23-Jan-2000 17:20:00,0.8859088759603208,0.058544658597779894,0.11147383971005984
23-Jan-2000 17:25:00,0.8851107258792466,0.05853444243570548,0.11142062091578321
23-Jan-2000 17:30:00,0.8843350362882183,0.05852447806840365,0.11136888992932886
23-Jan-2000 17:35:00,0.883580117695074,0.058514757577102464,0.11131853530295979
23-Jan-2000 17:40:00,0.8828443786427693,0.05850527334486274,0.1112694519968279
23-Jan-2000 17:45:00,0.8821263183833893,0.058496018043107015,0.11122154082603464
23-Jan-2000 17:50:00,0.8814245230412722,0.058486984618943576,0.11117470822231433
23-Jan-2000 17:55:00,0.8807376619429296,0.058478166283088655,0.11112886599604073
23-Jan-2000 18:00:00,0.8800644850524857,0.011088813388075887,0.11108393118703438
23-Jan-2000 18:05:00,0.8794037749494032,0.008833836574265569,0.11103982473474934
23-Jan-2000 18:10:00,0.878753117800434,0.00850272334862263,0.11099641958920832
23-Jan-2000 18:15:00,0.8781050208991328,0.008395648042400082,0.11095330306836311
23-Jan-2000 18:20:00,0.8774463617747155,0.008320080678864859,0.11090965966309407
23-Jan-2000 18:25:00,0.8767626205269418,0.008249480855410118,0.11086451683183783
23-Jan-2000 18:30:00,0.8760414172408194,0.008180393226685964,0.11081700771094746
23-Jan-2000 18:35:00,0.8752738503087701,0.008135727975793603,0.11076648714021055
23-Jan-2000 18:40:00,0.8744544308940495,0.008245168765462408,0.11071254170454808
23-Jan-2000 18:45:00,0.8735804145256153,0.0083631426854858,0.11065495032149718
23-Jan-2000 18:50:00,0.8726510632003007,0.008445656837675161,0.11059363446250575
23-Jan-2000 18:55:00,0.8716670363857028,0.0084931525874014,0.11052861596793803
23-Jan-2000 19:00:00,0.8707152548193149,0.00851226361211862,0.11046255616467365
23-Jan-2000 19:05:00,0.8701837557412838,0.008509301280263755,0.11042092586415085
23-Jan-2000 19:10:00,0.8699584397663362,0.00849037230460005,0.11040297231647034
23-Jan-2000 19:15:00,0.8698411759682516,0.008460055573625893,0.11039437217345026
23-Jan-2000 19:20:00,0.869730703111106,0.008421608419961372,0.11038719819937622
23-Jan-2000 19:25:00,0.8695839208253353,0.008377390275691452,0.1103779865352027
23-Jan-2000 19:30:00,0.8693846789271934,0.008329128749794246,0.11036539823241487
23-Jan-2000 19:35:00,0.8691284399856766,0.008278090866762613,0.1103490197138709
23-Jan-2000 19:40:00,0.868815459196845,0.008225203632813646,0.11032882239282316
23-Jan-2000 19:45:00,0.8684478729327042,0.008171142876859386,0.1103049305321001
23-Jan-2000 19:50:00,0.8680284859018674,0.008116399479930468,0.11027752415659434
23-Jan-2000 19:55:00,0.8675602756200362,0.00806132865425656,0.11024679926314013
23-Jan-2000 20:00:00,0.8668746904505678,0.00800625218807275,0.11020774975567475
23-Jan-2000 20:05:00,0.8652106358396057,0.007951524963083986,0.11011013545794378
23-Jan-2000 20:10:00,0.8628009418079353,0.007897116145295386,0.10995595539370397
23-Jan-2000 20:15:00,0.8600431683635776,0.007842993330419606,0.10977380502342164
23-Jan-2000 20:20:00,0.8571468476405225,0.007789190034498482,0.10957994474787021
23-Jan-2000 20:25:00,0.8542065995210885,0.007735758608717618,0.1093818658850439
23-Jan-2000 20:30:00,0.8512629795587217,0.007682746034532245,0.10918281556242322
23-Jan-2000 20:35:00,0.848332765800858,0.00763018765918158,0.108984153907957
23-Jan-2000 20:40:00,0.8454225709284747,0.007578107742071847,0.10878642920144338
23-Jan-2000 20:45:00,0.8425346834730519,0.007526521716369411,0.10858984333397333
23-Jan-2000 20:50:00,0.8396696847249385,0.007475438447038521,0.10839445767460543
23-Jan-2000 20:55:00,0.836827383936808,0.0074248620550555035,0.10820027406444513
23-Jan-2000 21:00:00,0.8337672243372147,0.007374882071298043,0.10799987086245931
23-Jan-2000 21:05:00,0.8293855874325707,0.007325755932186205,0.10771953464196608
23-Jan-2000 21:10:00,0.8239630724456196,0.00727727443530109,0.1073579360676796
23-Jan-2000 21:15:00,0.8180705017320278,0.007229236010116386,0.10695607401056359
23-Jan-2000 21:20:00,0.8120252223717944,0.007181571523615071,0.10653882917471785
23-Jan-2000 21:25:00,0.8059740332376167,0.007134278364743709,0.10611807309495402
23-Jan-2000 21:30:00,0.7999794391071219,0.007087373842236721,0.10569898812701665
23-Jan-2000 21:35:00,0.7940664548841713,0.007040876128593865,0.1052837271584728
23-Jan-2000 21:40:00,0.7882435147780326,0.006994798742577807,0.10487309731527336
23-Jan-2000 21:45:00,0.7825116973075495,0.006949150043484317,0.10446730303824445
23-Jan-2000 21:50:00,0.7768692232802854,0.006903934158359021,0.10406630330254234
23-Jan-2000 21:55:00,0.7713129124192546,0.006859152088051314,0.10366993880319676
23-Jan-2000 22:00:00,0.7655571495293018,0.006814947021501648,0.10326900296648031
23-Jan-2000 22:05:00,0.7582394058668535,0.006771796610427352,0.10276962022255538
23-Jan-2000 22:10:00,0.7495973436618373,0.006729383329418503,0.10216168404583592
23-Jan-2000 22:15:00,0.7403201862219846,0.0066873025533354495,0.10149510442528645
23-Jan-2000 22:20:00,0.7308277827187959,0.0066453926149416705,0.1008035740533079
23-Jan-2000 22:25:00,0.721329528766394,0.006603648727998253,0.10010453652123037
23-Jan-2000 22:30:00,0.7119218281927467,0.006562120626308447,0.09940627957933436
23-Jan-2000 22:35:00,0.7026459618976101,0.006520861720210194,0.09871250869085628
23-Jan-2000 22:40:00,0.6935183221496636,0.006479912872059367,0.0980248370382884
23-Jan-2000 22:45:00,0.6845429983422261,0.00643930091579327,0.0973438507055567
23-Jan-2000 22:50:00,0.6757177342832681,0.006399041605366799,0.09666958189418583
23-Jan-2000 22:55:00,0.667038009089212,0.006359143008586139,0.09600185751255329
23-Jan-2000 23:00:00,0.658441677278018,0.006319667156214592,0.0953384745003193
23-Jan-2000 23:05:00,0.649618658384628,0.006280789557512659,0.09465704738715122
23-Jan-2000 23:10:00,0.640576197064226,0.006242363894265926,0.09395144552552208
23-Jan-2000 23:15:00,0.6314582215175979,0.006204243055254025,0.0932323374718758
23-Jan-2000 23:20:00,0.6223657499404284,0.006166380262722472,0.09250837135321584
23-Jan-2000 23:25:00,0.613351973137125,0.006128781490401826,0.09178437636333603
23-Jan-2000 23:30:00,0.604441350758763,0.006091466729842259,0.09106270395577976
23-Jan-2000 23:35:00,0.5956435947305949,0.006054453752002578,0.090344399545045
23-Jan-2000 23:40:00,0.5869599399138924,0.006017754151207335,0.08962974712875389
23-Jan-2000 23:45:00,0.5783888251316925,0.005981373928211946,0.08891873727583244
23-Jan-2000 23:50:00,0.5699270510017859,0.0059453151008996815,0.08821121364373583
23-Jan-2000 23:55:00,0.5615698627921935,0.005909577148210965,0.08750689142903786
24-Jan-2000 00:00:00,0.5533116953331695,0.005874158035279528,0.08680537570714442
24-Jan-2000 00:05:00,0.5451476351555385,0.005839054869676131,0.08610629593399372
24-Jan-2000 00:10:00,0.5370732600410867,0.005804264297946608,0.08540933242107528
24-Jan-2000 00:15:00,0.5290834186179063,0.005769782736615498,0.08471409694221285
24-Jan-2000 00:20:00,0.5211738312571563,0.00573560650334116,0.08402023558902329
24-Jan-2000 00:25:00,0.5133406288778452,0.005701731889898822,0.08332743693766145
24-Jan-2000 00:30:00,0.5055834172449818,0.005668155202026576,0.0826355744708332
24-Jan-2000 00:35:00,0.49790191019573393,0.005634872780731921,0.08194477905088068
24-Jan-2000 00:40:00,0.49028861643482385,0.005601881013330927,0.08125445098867784
24-Jan-2000 00:45:00,0.48273755330797885,0.005569176338878228,0.08056401358070295
24-Jan-2000 00:50:00,0.47524413895800505,0.0055367552505454975,0.07987302665848826
24-Jan-2000 00:55:00,0.46780458915884526,0.00550461429636034,0.07918108603619815
24-Jan-2000 01:00:00,0.460417512593874,0.005472750079076345,0.07848801356816865
24-Jan-2000 01:05:00,0.4530804157110797,0.005441159255585788,0.07779357043602717
24-Jan-2000 01:10:00,0.4457901899516168,0.005409838536102636,0.07709743178527508
24-Jan-2000 01:15:00,0.4385428270373813,0.005378784683230709,0.07639917353316529
24-Jan-2000 01:20:00,0.43133594994114,0.005347994510991017,0.07569846183510759
24-Jan-2000 01:25:00,0.4241680278087235,0.005317464883824312,0.07499507110703742
24-Jan-2000 01:30:00,0.4170376527043537,0.0052871927156106415,0.07428878897236563
24-Jan-2000 01:35:00,0.4099428082981071,0.005257174968692114,0.07357933543998657
24-Jan-2000 01:40:00,0.4028827629850087,0.0052274086529179855,0.07286650521111751
24-Jan-2000 01:45:00,0.39585771207436826,0.005197890824711275,0.07215021980061549
24-Jan-2000 01:50:00,0.3888703549696836,0.005168618586155386,0.07143039703547674
24-Jan-2000 01:55:00,0.38194784451809016,0.0051395890840946375,0.07070960933917557
24-Jan-2000 02:00:00,0.37507524325447744,0.005110799509267723,0.06998716052273174
24-Jan-2000 02:05:00,0.36823890479526644,0.005082247095453514,0.06926126655043584
24-Jan-2000 02:10:00,0.3614329754085689,0.005053929118637509,0.06853105660464706
24-Jan-2000 02:15:00,0.3546548581986263,0.005025842896199404,0.06779606674397665
24-Jan-2000 02:20:00,0.3479033387344021,0.004997985786120477,0.0670559603320923
24-Jan-2000 02:25:00,0.34117918055950824,0.004970355186209451,0.06631061661962676
24-Jan-2000 02:30:00,0.33448458922781754,0.004942948533354631,0.06556007041777293
24-Jan-2000 02:35:00,0.32782110277517823,0.004915763302774885,0.06480437162591257
24-Jan-2000 02:40:00,0.32118910017606905,0.0048887970072838145,0.06404335440206813
24-Jan-2000 02:45:00,0.31459169367546785,0.004862047196590389,0.06327714908221366
24-Jan-2000 02:50:00,0.30803089808635103,0.004835511456612708,0.06250584034707897
24-Jan-2000 02:55:00,0.3015085274113288,0.004809187408799177,0.06172944412478826
24-Jan-2000 03:00:00,0.29508220248785155,0.004783023865121558,0.06095081522815374
24-Jan-2000 03:05:00,0.2890704255531887,0.004756908641161502,0.06020521757211088
24-Jan-2000 03:10:00,0.28347893476039154,0.004730964566494996,0.05950564961990903
24-Jan-2000 03:15:00,0.2781548505940368,0.004705269907291502,0.058835308553524764
24-Jan-2000 03:20:00,0.2729856732757774,0.004679836462582618,0.058179423498178146
24-Jan-2000 03:25:00,0.2679091865093057,0.004654651198920013,0.05752927401224754
24-Jan-2000 03:30:00,0.2628953771615894,0.0046296969992582135,0.05688043791630628
24-Jan-2000 03:35:00,0.2579328721205764,0.004604959407339367,0.05623104600686129
24-Jan-2000 03:40:00,0.25301984109582965,0.00458042769782618,0.05558062920352965
24-Jan-2000 03:45:00,0.2481591161263135,0.004556094217109243,0.054929429505544206
24-Jan-2000 03:50:00,0.2433556391723807,0.004531953463165743,0.05427799138165657
24-Jan-2000 03:55:00,0.2386150873419612,0.004508001334064186,0.053626573785293605
24-Jan-2000 04:00:00,0.23414329933808284,0.004484150392091412,0.05299866105215916
24-Jan-2000 04:05:00,0.23102613002340594,0.004460220712371495,0.05251156421160752
24-Jan-2000 04:10:00,0.22915190783680844,0.004436411214306309,0.05221301371506173
24-Jan-2000 04:15:00,0.22795489540195749,0.004412842668488418,0.05202618915967067
24-Jan-2000 04:20:00,0.2270652247502201,0.004389538967420438,0.051892359479810475
24-Jan-2000 04:25:00,0.22629231030181066,0.0043664876821541245,0.05177970068223053
24-Jan-2000 04:30:00,0.2255490832016033,0.004343668396959546,0.05167316000364411
24-Jan-2000 04:35:00,0.2248013253868443,0.004321062366651201,0.051566508909653905
24-Jan-2000 04:40:00,0.22403993994808366,0.004298654753732755,0.051457808260039394
24-Jan-2000 04:45:00,0.22326681628754477,0.004276434411284102,0.051347051784973494
24-Jan-2000 04:50:00,0.22248795758289963,0.004254393073410235,0.05123500184682722
24-Jan-2000 04:55:00,0.22171030639822087,0.004232524562131716,0.05112264383093149
24-Jan-2000 05:00:00,0.22118300121220275,0.004210781352478372,0.0510249532275276
24-Jan-2000 05:05:00,0.22209373237067673,0.004189056776943192,0.05110238770599903
24-Jan-2000 05:10:00,0.22416019450132524,0.004167447633570928,0.05136985952295111
24-Jan-2000 05:15:00,0.2267347444634606,0.004146023470991485,0.0517273652200763
24-Jan-2000 05:20:00,0.22945477534878328,0.00412480164456322,0.0521122919056895
24-Jan-2000 05:25:00,0.23215732377083306,0.004103777736723249,0.05249579937652325
24-Jan-2000 05:30:00,0.23478007082402758,0.004082941507894546,0.052866696670906384
24-Jan-2000 05:35:00,0.23730635041286022,0.004062282731312827,0.053221842471854124
24-Jan-2000 05:40:00,0.23973853721177266,0.004041792786094401,0.053561447266063274
24-Jan-2000 05:45:00,0.24208603253946484,0.004021464781043686,0.05389202345387341
24-Jan-2000 05:50:00,0.24435992228644146,0.0040012932703268715,0.054204911281679355
24-Jan-2000 05:55:00,0.24657066477503764,0.003981273918148707,0.05450677954938532
24-Jan-2000 06:00:00,0.24890585594555206,0.0647698630060034,0.05481032816955814
24-Jan-2000 06:05:00,0.25217032064403505,0.060597145267892866,0.055219230256662824
24-Jan-2000 06:10:00,0.25613397023848283,0.059040735136228616,0.05573231192134775
24-Jan-2000 06:15:00,0.26037221319838866,0.05842782624772303,0.05628665051921317
24-Jan-2000 06:20:00,0.26467744115399655,0.058190329909113526,0.056848257831702186
24-Jan-2000 06:25:00,0.2689865156987279,0.05810160614559701,0.057405671617549524
24-Jan-2000 06:30:00,0.27330228406699286,0.05806972627606295,0.05795814221510092
24-Jan-2000 06:35:00,0.2776472061470554,0.05805861545360002,0.05850844985036873
24-Jan-2000 06:40:00,0.28203815865487225,0.05805470361209701,0.05905903969184025
24-Jan-2000 06:45:00,0.2864854286469511,0.05805313016649491,0.059611072569916455
24-Jan-2000 06:50:00,0.29101669499596405,0.05805225219125881,0.06016797753243005
24-Jan-2000 06:55:00,0.29560563846423626,0.05805155456832863,0.060727710284792465
24-Jan-2000 07:00:00,0.30042439818297173,0.0580544450436631,0.06129701437859722
24-Jan-2000 07:05:00,0.30631144710456165,0.05805672140475096,0.06197415236749528
24-Jan-2000 07:10:00,0.31293025315190104,0.05805722376817535,0.06274542575118634
24-Jan-2000 07:15:00,0.31980470907544967,0.05805702471200848,0.06354647047458187
24-Jan-2000 07:20:00,0.3267014806269152,0.05805655090198604,0.06434419135218376
24-Jan-2000 07:25:00,0.333525841433423,0.05805597211496957,0.0651254405281141
24-Jan-2000 07:30:00,0.3402446878130138,0.05805535590536173,0.06588607880910007
24-Jan-2000 07:35:00,0.34684855408326587,0.05805472911890558,0.06662537476866465
24-Jan-2000 07:40:00,0.35333758854401337,0.0580541023872325,0.06734389553055138
24-Jan-2000 07:45:00,0.35971574481885316,0.05805347988427818,0.06804266439944114
24-Jan-2000 07:50:00,0.3659887194254388,0.05805286321261473,0.06872287697250733
24-Jan-2000 07:55:00,0.3721613339377445,0.058052252951548894,0.06938563048020739
24-Jan-2000 08:00:00,0.37823752170600117,0.05805164927378271,0.07003184324872413
24-Jan-2000 08:05:00,0.38422112527936875,0.05805105219105162,0.07066237134809107
24-Jan-2000 08:10:00,0.3901163022271456,0.05805046165195084,0.07127805966794745
24-Jan-2000 08:15:00,0.39592689868479647,0.058049877580888566,0.0718796894769513
24-Jan-2000 08:20:00,0.4016561911984425,0.05804929989357768,0.07246796908881915
24-Jan-2000 08:25:00,0.4073067622705542,0.05804872850319904,0.07304348906263948
24-Jan-2000 08:30:00,0.4128810183562153,0.05804816332282796,0.07360679438455385
24-Jan-2000 08:35:00,0.4183812012542844,0.0580476042663872,0.07415839059833775
24-Jan-2000 08:40:00,0.4238095821419682,0.05804705124900927,0.07469875629050651
24-Jan-2000 08:45:00,0.429168588113884,0.05804650418716181,0.07522837912117328
24-Jan-2000 08:50:00,0.43445999290721043,0.05804596299867929,0.07574766666354366
24-Jan-2000 08:55:00,0.43968543778121516,0.05804542760276394,0.07625699100564375
24-Jan-2000 09:00:00,0.4449432419748577,0.05804489788283107,0.07676081304912165
24-Jan-2000 09:05:00,0.45064743918340655,0.05804437375935494,0.07729856900851954
24-Jan-2000 09:10:00,0.45664588105081605,0.05804385522423901,0.07786599259546893
24-Jan-2000 09:15:00,0.46272198082872285,0.05804334219643642,0.07843996543897691
24-Jan-2000 09:20:00,0.46877004876539663,0.05804283458976492,0.0790086052993287
24-Jan-2000 09:25:00,0.4747469232648356,0.05804233232413295,0.07956712400115226
24-Jan-2000 09:30:00,0.4806375869638669,0.05804183532433717,0.08011396522361094
24-Jan-2000 09:35:00,0.4864391980287423,0.058041343518233736,0.08064893922243792
24-Jan-2000 09:40:00,0.49215328016551196,0.058040856835678535,0.08117237660476809
24-Jan-2000 09:45:00,0.4977827034857469,0.05804037520802094,0.08168473767715517
24-Jan-2000 09:50:00,0.5033314883708975,0.05803989856787809,0.08218657112606279
24-Jan-2000 09:55:00,0.508803379086624,0.05803942684901123,0.08267842505550564
24-Jan-2000 10:00:00,0.5143954258910719,0.058038959922023056,0.08316839774437858
24-Jan-2000 10:05:00,0.5209323223247067,0.05803849772157348,0.08372917446775967
24-Jan-2000 10:10:00,0.5281001486532149,0.058038040302618714,0.08435155466077038
24-Jan-2000 10:15:00,0.5354703935260029,0.058037587592822536,0.08499294369337963
24-Jan-2000 10:20:00,0.5428384036640906,0.05803713951062921,0.08563189422486275
24-Jan-2000 10:25:00,0.5501220628097601,0.058036695984039384,0.08625984617601362
24-Jan-2000 10:30:00,0.5572928949745752,0.058036256948325614,0.08687393816960863
24-Jan-2000 10:35:00,0.5643490261542176,0.05803582234286155,0.0874739713507593
24-Jan-2000 10:40:00,0.5712917629955414,0.05803539210937204,0.0880603971063829
24-Jan-2000 10:45:00,0.578122910752534,0.05803496619108162,0.08863358455671745
24-Jan-2000 10:50:00,0.584846279025495,0.05803454453234641,0.08919408702451535
24-Jan-2000 10:55:00,0.5914664620761563,0.058034127078501016,0.08974250958259997
24-Jan-2000 11:00:00,0.5981901302944443,0.05803371372044391,0.09028684212387897
24-Jan-2000 11:05:00,0.6058545723653855,0.058033304405121035,0.09089591576674616
24-Jan-2000 11:10:00,0.6141097185912953,0.05803289918126092,0.09155806781279864
24-Jan-2000 11:15:00,0.6225378013418085,0.05803249798805966,0.09223448985863696
24-Jan-2000 11:20:00,0.6309467932364653,0.05803210075743172,0.09290664179188965
24-Jan-2000 11:25:00,0.6392609372494271,0.05803170742957054,0.09356726873317246
24-Jan-2000 11:30:00,0.6474543283669141,0.05803131795081081,0.09421403897673776
24-Jan-2000 11:35:00,0.6555210439270281,0.05803093227090889,0.0948465532954806
24-Jan-2000 11:40:00,0.6634631962320217,0.05803055034155075,0.09546517024018289
24-Jan-2000 11:45:00,0.6712865539464914,0.05803017211564659,0.09607056379638139
24-Jan-2000 11:50:00,0.678997359188953,0.05802979754702257,0.09666346739966965
24-Jan-2000 11:55:00,0.6866011311723151,0.0580294265902874,0.0972445375803111
24-Jan-2000 12:00:00,0.6943194338064004,0.05802905915288841,0.09782185562738865
24-Jan-2000 12:05:00,0.7029836609845894,0.05802869519149049,0.09845977671066831
24-Jan-2000 12:10:00,0.712217404624307,0.058028334749404976,0.09914466178779793
24-Jan-2000 12:15:00,0.7216138515403934,0.05802797777522113,0.09984144530011002
24-Jan-2000 12:20:00,0.7309905774680165,0.05802762421173636,0.10053381100966467
24-Jan-2000 12:25:00,0.740276236437821,0.05802727400896012,0.10121549014578861
24-Jan-2000 12:30:00,0.7494460066147313,0.0580269271221165,0.10188441525938724
24-Jan-2000 12:35:00,0.7584949830066801,0.05802658350930169,0.10254027469132199
24-Jan-2000 12:40:00,0.7674261042108488,0.05802624313021356,0.10318346238453548
24-Jan-2000 12:45:00,0.7762444817307549,0.058025905945551216,0.10381456263657951
24-Jan-2000 12:50:00,0.7849554166192714,0.058025571916761096,0.10443416228203646
24-Jan-2000 12:55:00,0.793565438696071,0.05802524100592987,0.1050429179991671
24-Jan-2000 13:00:00,0.801863209233134,0.058024913217900626,0.10563441298255515
24-Jan-2000 13:05:00,0.8090337811176194,0.05802458851613028,0.10615037190072099
24-Jan-2000 13:10:00,0.8154572316509137,0.05802426678741383,0.10660413665124822
24-Jan-2000 13:15:00,0.8215420853771139,0.05802394800325548,0.10702835004764506
24-Jan-2000 13:20:00,0.8274773123568971,0.058023632141870465,0.10743875428157558
24-Jan-2000 13:25:00,0.8333424237256325,0.0580233191762692,0.10784203739462443
24-Jan-2000 13:30:00,0.8391693308464706,0.05802300907586915,0.10824091415669744
24-Jan-2000 13:35:00,0.8449705066856458,0.058022701808532515,0.10863645820627517
24-Jan-2000 13:40:00,0.8507507937947498,0.05802239734169988,0.10902911293076967
24-Jan-2000 13:45:00,0.8565112056446005,0.05802209564290052,0.10941901235645345
24-Jan-2000 13:50:00,0.8622513949633606,0.05802179667997237,0.10980617492626175
24-Jan-2000 13:55:00,0.8679704975344253,0.058021500421145296,0.11019057593431326
24-Jan-2000 14:00:00,0.8732677843448557,0.058021206912971385,0.11055982120958951
24-Jan-2000 14:05:00,0.8765544783429948,0.058020916128025,0.11080665204083773
24-Jan-2000 14:10:00,0.878449924031762,0.05802062789138162,0.11094642228363977
24-Jan-2000 14:15:00,0.8797555397498857,0.058020342184246315,0.11103852203825465
24-Jan-2000 14:20:00,0.8808603475471976,0.05802005900185037,0.11111351441466673
24-Jan-2000 14:25:00,0.8819296563049273,0.05801977832970178,0.11118458343477354
24-Jan-2000 14:30:00,0.8830290348241614,0.05801950014600505,0.11125702475545773
24-Jan-2000 14:35:00,0.8841819114865193,0.05801922442542038,0.1113327788599786
24-Jan-2000 14:40:00,0.885394441351925,0.058018951141219306,0.11141240422588918
24-Jan-2000 14:45:00,0.8866659185810186,0.05801868026630655,0.11149590698763501
24-Jan-2000 14:50:00,0.8879930551134835,0.05801841177364891,0.11158308284633228
24-Jan-2000 14:55:00,0.8893717123003574,0.058018145636467906,0.11167365581520766
24-Jan-2000 15:00:00,0.8906174299024113,0.05801788186495074,0.11176191957074463
24-Jan-2000 15:05:00,0.8909453552053661,0.05801762043545449,0.11179641678625331
24-Jan-2000 15:10:00,0.890610500289163,0.05801736125366234,0.11178060684419565
24-Jan-2000 15:15:00,0.8900096271786382,0.05801710429883211,0.11174305918861449
24-Jan-2000 15:20:00,0.8893422832519053,0.058016849557583586,0.11169921402015784
24-Jan-2000 15:25:00,0.8886938268456867,0.05801659701224394,0.1116558264126998
24-Jan-2000 15:30:00,0.8880973581499716,0.05801634664181506,0.11161557910290364
24-Jan-2000 15:35:00,0.8875635475128101,0.0580160984237207,0.1115793892242795
24-Jan-2000 15:40:00,0.8871020235713384,0.0580158523348421,0.11154760812310303
24-Jan-2000 15:45:00,0.8868671702384987,0.05801560835201001,0.11152775838836759
24-Jan-2000 15:50:00,0.8869587805821761,0.05801536645221129,0.11153006277736746
24-Jan-2000 15:55:00,0.8872387428776329,0.05801512661267916,0.11154678027307163
24-Jan-2000 16:00:00,0.8875144053923727,0.058014888827867477,0.11156744516222465
24-Jan-2000 16:05:00,0.8873475395900334,0.05801437232668955,0.11156280256899567
24-Jan-2000 16:10:00,0.8868372984608234,0.05801158734621222,0.11153240933233513
24-Jan-2000 16:15:00,0.886173604996229,0.05800900481012067,0.11148981604424031
24-Jan-2000 16:20:00,0.8854549336676796,0.058007395910797656,0.11144261706441799
24-Jan-2000 16:25:00,0.8847246494121087,0.05800648500223679,0.11139422598331046
24-Jan-2000 16:30:00,0.8840005418520386,0.05800595294470187,0.1113460638020552
24-Jan-2000 16:35:00,0.8833040033707154,0.05894838460883142,0.11129898351166663
24-Jan-2000 16:40:00,0.8829397702446594,0.06102535920797821,0.1112673453209089
24-Jan-2000 16:45:00,0.8835430398062982,0.07176629988387855,0.11129067697086417
24-Jan-2000 16:50:00,0.8860989785866906,0.07730868731277074,0.11142704885809818
24-Jan-2000 16:55:00,0.8921713883452038,0.07659520788122096,0.11177445872561813
24-Jan-2000 17:00:00,0.9021237903888067,0.07962599295054208,0.11238469847937266
24-Jan-2000 17:05:00,0.914873343101224,0.08299926284777283,0.11318757684858996
24-Jan-2000 17:10:00,0.9298277053508459,0.08937095318371005,0.11412950723828694
24-Jan-2000 17:15:00,0.9488296075027214,0.09640517977389791,0.11528298156282281
24-Jan-2000 17:20:00,0.9751981453444035,0.1027047840640796,0.11685588314680903
24-Jan-2000 17:25:00,1.010084188552828,0.10442020801710078,0.11893633265730456
24-Jan-2000 17:30:00,1.053256615616571,0.10110317203168481,0.12149245528008273
24-Jan-2000 17:35:00,1.1002943957937548,0.09716165294422757,0.12430220054288839
24-Jan-2000 17:40:00,1.1440703688167806,0.09379948900743036,0.1269419159317604
24-Jan-2000 17:45:00,1.1810304971689225,0.0908785064071104,0.12919391014549614
24-Jan-2000 17:50:00,1.210956497798214,0.08828651341923817,0.13096499056374608
24-Jan-2000 17:55:00,1.2346883627554677,0.0859400224143458,0.1323570421815212
24-Jan-2000 18:00:00,1.253194331557125,0.06036419400158643,0.13343570163080265
24-Jan-2000 18:05:00,1.2673559648717245,0.05843161531401181,0.13425874891879486
24-Jan-2000 18:10:00,1.2779224222236307,0.056507209598358,0.13487311196894597
24-Jan-2000 18:15:00,1.2855026581721622,0.05445551849101491,0.13531533578343874
24-Jan-2000 18:20:00,1.2906530066936075,0.052447562163272204,0.13561705295842652
24-Jan-2000 18:25:00,1.2949243407943691,0.050553327506365806,0.13584867754276653
24-Jan-2000 18:30:00,1.3007675488214048,0.048789090522965574,0.13613805175921076
24-Jan-2000 18:35:00,1.3134998844704402,0.04712475968659381,0.13672333032451126
24-Jan-2000 18:40:00,1.3449078053642876,0.057207232229941354,0.13817283640062245
24-Jan-2000 18:45:00,1.4079772435402689,0.07685796614212624,0.14115868901697906
24-Jan-2000 18:50:00,1.5158524717707151,0.09612339246578021,0.14625470594213555
24-Jan-2000 18:55:00,1.6751107263192222,0.11081404570588818,0.1536483628309171
24-Jan-2000 19:00:00,1.8730440826680912,0.11844900324101461,0.16267153809694881
24-Jan-2000 19:05:00,2.0840961061519625,0.12114028601352683,0.17195072939790057
24-Jan-2000 19:10:00,2.327092199242289,0.12305486073658607,0.18201368505371635
24-Jan-2000 19:15:00,2.5481961535653177,0.11977352813031508,0.19081156706643906
24-Jan-2000 19:20:00,2.771438997990844,0.12115818226233807,0.19915214122554123
24-Jan-2000 19:25:00,3.027546181915901,0.12310580416562836,0.20819117597189662
24-Jan-2000 19:30:00,3.3473791274601132,0.12486782115692925,0.219152397932712
24-Jan-2000 19:35:00,3.6143601739984588,0.12760023194718156,0.2280616193389916
24-Jan-2000 19:40:00,3.890470429760917,0.13339113071900657,0.23703512376581326
24-Jan-2000 19:45:00,4.144729759049697,0.13738128130180555,0.24495734365138472
24-Jan-2000 19:50:00,4.369553884001521,0.13724346084042063,0.25179180626786307
24-Jan-2000 19:55:00,4.553847652153655,0.13660644788511336,0.257331743254894
24-Jan-2000 20:00:00,4.696684722555654,0.1424053010361759,0.2615802824809795
24-Jan-2000 20:05:00,4.812835998639159,0.13738453085822697,0.26492669722481604
24-Jan-2000 20:10:00,4.917194362666646,0.13586440711188652,0.26787900971247497
24-Jan-2000 20:15:00,5.0,0.13718400799070865,0.27018376526841087
24-Jan-2000 20:20:00,5.0,0.1321589251751325,0.27056920379871763
24-Jan-2000 20:25:00,5.0,0.13007893696176057,0.27056902549918854
24-Jan-2000 20:30:00,5.0,0.14016105650732366,0.27056902555155377
24-Jan-2000 20:35:00,5.0,0.1435293426013465,0.270569025551617
24-Jan-2000 20:40:00,5.0,0.14233267189789248,0.27056902555161655
24-Jan-2000 20:45:00,5.0,0.14241260148440635,0.2705690255516151
24-Jan-2000 20:50:00,5.0,0.1412903951935843,0.2705690255516151
24-Jan-2000 20:55:00,4.999760729867554,0.14772742569825403,0.2705683436443697
24-Jan-2000 21:00:00,4.992461772562329,0.14979673015487363,0.2704136185321442
24-Jan-2000 21:05:00,4.979651498881003,0.15356868190453765,0.2700689575647004
24-Jan-2000 21:10:00,4.96856795467758,0.16246738105370406,0.2697408222689135
24-Jan-2000 21:15:00,4.965102667021797,0.17300379654274506,0.2696177841178711
24-Jan-2000 21:20:00,4.966157473968964,0.17290908184849,0.26963802870312925
24-Jan-2000 21:25:00,4.964486821838453,0.16675996453239428,0.2696168075308351
24-Jan-2000 21:30:00,4.955250491590371,0.16257274123807147,0.2693920687852506
24-Jan-2000 21:35:00,4.946376390032968,0.16742275756941633,0.2691182136378016
24-Jan-2000 21:40:00,4.962183369195943,0.19930807119989194,0.2693855492830521
24-Jan-2000 21:45:00,5.0,0.21691399280981277,0.2705847308003998
24-Jan-2000 21:50:00,5.0,0.20641949858297132,0.2705690199661887
24-Jan-2000 21:55:00,5.0,0.19373696097562854,0.2705690255525923
24-Jan-2000 22:00:00,5.0,0.1938875059277835,0.27056902555161716
24-Jan-2000 22:05:00,5.0,0.17960623670380832,0.2705690255516165
24-Jan-2000 22:10:00,5.0,0.1713561929969613,0.2705690255516165
24-Jan-2000 22:15:00,5.0,0.15547367232700884,0.27056902555161516
24-Jan-2000 22:20:00,5.0,0.14621889028489837,0.27056902555161516
24-Jan-2000 22:25:00,5.0,0.13412168665370983,0.27056902555161544
24-Jan-2000 22:30:00,4.999924670803319,0.12398163667691064,0.2705690255516151
24-Jan-2000 22:35:00,4.991579005710501,0.11897934452335727,0.27040167864808645
24-Jan-2000 22:40:00,4.97109288334719,0.1115729382993902,0.26995446738337847
24-Jan-2000 22:45:00,4.94089626470736,0.10377993909346936,0.2690980392746847
24-Jan-2000 22:50:00,4.90318504070226,0.09703420891263942,0.26809030318468474
24-Jan-2000 22:55:00,4.8597435069454455,0.09104931128722418,0.26691323398195926
24-Jan-2000 23:00:00,4.811829833204163,0.09321697141920836,0.2656019397956229
24-Jan-2000 23:05:00,4.761372928270194,0.08996433910250555,0.2642006807186165
24-Jan-2000 23:10:00,4.709953844911974,0.09202285406855248,0.26276372828314415
24-Jan-2000 23:15:00,4.658486723897182,0.09329589249218039,0.2613082176671225
24-Jan-2000 23:20:00,4.609944334939581,0.09782415772987066,0.25991328808371705
24-Jan-2000 23:25:00,4.566518764610949,0.09863898921576478,0.2586517228402574
24-Jan-2000 23:30:00,4.527477383809681,0.0979285889217031,0.25751841311737056
24-Jan-2000 23:35:00,4.491051078915045,0.10190551393563506,0.2564606980380995
24-Jan-2000 23:40:00,4.4576706760784,0.09780967253949492,0.25548009477866196
24-Jan-2000 23:45:00,4.428501465314321,0.09734842833080201,0.2546157814077073
24-Jan-2000 23:50:00,4.402277210414425,0.0975038546522348,0.2538454473050343
24-Jan-2000 23:55:00,4.376397239349269,0.10304535011646074,0.25309338752078114
25-Jan-2000 00:00:00,4.349979151374102,0.11398298243225892,0.2523232720715251
25-Jan-2000 00:05:00,4.32297253599638,0.12281494883182563,0.2515339156884728
25-Jan-2000 00:10:00,4.2969444910268955,0.12684808101778636,0.2507577293312569
25-Jan-2000 00:15:00,4.2748769863133385,0.12376710500343369,0.2500855712809042
25-Jan-2000 00:20:00,4.256104152021494,0.11968924038241359,0.2495218191452233
25-Jan-2000 00:25:00,4.237511693531492,0.1119918551202376,0.2489749147692488
25-Jan-2000 00:30:00,4.217487193176208,0.10409500634858969,0.24838774804464958
25-Jan-2000 00:35:00,4.196315116247445,0.10462419942587285,0.2477620494258972
25-Jan-2000 00:40:00,4.173046248858364,0.10874026301039119,0.24708264035430424
25-Jan-2000 00:45:00,4.1459826130858675,0.1037173532280087,0.2462919898114851
25-Jan-2000 00:50:00,4.115058560532203,0.09670109743913427,0.24538084620074727
25-Jan-2000 00:55:00,4.080855445788879,0.09068109402826205,0.24436387977805268
25-Jan-2000 01:00:00,4.044077425954701,0.08540282021791953,0.2432609998221819
25-Jan-2000 01:05:00,4.005317132247465,0.08068197020363728,0.24209009348495697
25-Jan-2000 01:10:00,3.9650175655430795,0.07644291200753571,0.24086424646907414
25-Jan-2000 01:15:00,3.9235536685550536,0.08496934014899374,0.23959445796284298
25-Jan-2000 01:20:00,3.881233448497585,0.09765436806444494,0.23828996295642377
25-Jan-2000 01:25:00,3.8383024527904754,0.10841110519308433,0.2369580774930057
25-Jan-2000 01:30:00,3.7950228971066173,0.108639907550915,0.235605745382511
25-Jan-2000 01:35:00,3.752553352426486,0.102112648673101,0.23426492755554396
25-Jan-2000 01:40:00,3.712948614251386,0.09533348019094487,0.23300502820931326
25-Jan-2000 01:45:00,3.6761511612396847,0.08948967034020804,0.23182450481739317
25-Jan-2000 01:50:00,3.6402512854911113,0.08433066618653708,0.2306759716586565
25-Jan-2000 01:55:00,3.6042683438621337,0.07972043040109483,0.22952233678905767
25-Jan-2000 02:00:00,3.567938960256153,0.07556918971648646,0.22835224403250926
25-Jan-2000 02:05:00,3.5312721842118293,0.07180741472115526,0.22716481061497262
25-Jan-2000 02:10:00,3.4943563221841036,0.06841182753356456,0.2259624184069681
25-Jan-2000 02:15:00,3.4573175343589044,0.06530714716029716,0.2247487754819222
25-Jan-2000 02:20:00,3.420240748956157,0.062440796472564356,0.223526946266183
25-Jan-2000 02:25:00,3.383189423417671,0.05978842079257511,0.22229721842568895
25-Jan-2000 02:30:00,3.34622738752941,0.057368959685739865,0.22106398898886923
25-Jan-2000 02:35:00,3.309411230381703,0.05509989145113402,0.21982834965788
25-Jan-2000 02:40:00,3.2727894288006563,0.052986421402299796,0.21859206211771656
25-Jan-2000 02:45:00,3.2364028769769613,0.05101845156284953,0.2173571060462384
25-Jan-2000 02:50:00,3.2002857928753268,0.04920206793352779,0.21612457737711308
25-Jan-2000 02:55:00,3.1644667157406086,0.047519815065247696,0.2148950652411516
25-Jan-2000 03:00:00,3.1290592792067797,0.04591502127032858,0.21367100056587363
25-Jan-2000 03:05:00,3.0945399142389767,0.044415193922158654,0.21246855257768607
25-Jan-2000 03:10:00,3.0608466108949695,0.04300586268327883,0.21128958925697727
25-Jan-2000 03:15:00,3.0277459187268696,0.04170209516814913,0.21012605152412753
25-Jan-2000 03:20:00,2.9951052239525104,0.04049139197233821,0.20897285995409198
25-Jan-2000 03:25:00,2.962869508681146,0.03936410917392532,0.20782787958874274
25-Jan-2000 03:30:00,2.9310423159516326,0.0383108059534368,0.20669069191474662
25-Jan-2000 03:35:00,2.9001939180931506,0.03727495485745489,0.2055754877906581
25-Jan-2000 03:40:00,2.8727980716868284,0.036299768011211785,0.20455720558793394
25-Jan-2000 03:45:00,2.852728892239834,0.04044185838041851,0.2037725083940696
25-Jan-2000 03:50:00,2.848424726670345,0.0675511137133645,0.20348275428150425
25-Jan-2000 03:55:00,2.8721622032123775,0.09329599230850355,0.20414469027088789
25-Jan-2000 04:00:00,2.925857494205419,0.10876626386758935,0.2059054599972287
25-Jan-2000 04:05:00,3.001050890195327,0.12089703473245508,0.20848797016314327
25-Jan-2000 04:10:00,3.091654964891527,0.13413590951385004,0.21165556516265568
25-Jan-2000 04:15:00,3.1720005214319724,0.142734828900392,0.21445056144804236
25-Jan-2000 04:20:00,3.2487258871243396,0.1528414297833545,0.217113274188264
25-Jan-2000 04:25:00,3.3250582681290535,0.16090255846546453,0.21974038997774412
25-Jan-2000 04:30:00,3.3900164502037624,0.16519588252052708,0.2219478905570564
25-Jan-2000 04:35:00,3.447465303989111,0.16709333428976444,0.22390565339048626
25-Jan-2000 04:40:00,3.4969044644811267,0.1715848844125572,0.2255700569251967
25-Jan-2000 04:45:00,3.540820551004404,0.16805199050190425,0.22703326774714033
25-Jan-2000 04:50:00,3.5791128003830885,0.1685259442161642,0.22831221154373274
25-Jan-2000 04:55:00,3.6105458732011226,0.1743815759773897,0.22936092589578577
25-Jan-2000 05:00:00,3.6349328720895793,0.17371814248256023,0.2301829133813678
25-Jan-2000 05:05:00,3.6546880578118484,0.17667599066550885,0.2308373897916472
25-Jan-2000 05:10:00,3.6778924632741474,0.17839662770019482,0.23146407854214768
25-Jan-2000 05:15:00,3.7988748912518826,0.1794915035995976,0.23453976985829006
25-Jan-2000 05:20:00,4.080189704733224,0.1821084448570102,0.2428061881643843
25-Jan-2000 05:25:00,4.342310884843143,0.17938467404170086,0.250890976374418
25-Jan-2000 05:30:00,4.529711327616488,0.17242249454242287,0.25661413622140694
25-Jan-2000 05:35:00,4.681538219774198,0.16871952325198214,0.2611676013258751
25-Jan-2000 05:40:00,4.789909300863232,0.1663562072277179,0.2643729985546817
25-Jan-2000 05:45:00,4.867790498950146,0.1565198346450469,0.2666532673206582
25-Jan-2000 05:50:00,4.9190702990013175,0.1522935824450765,0.2681473746751554
25-Jan-2000 05:55:00,4.96336988769421,0.14035926692608944,0.2693511868574943
25-Jan-2000 06:00:00,5.0,0.14578674417407958,0.2705784750189353
25-Jan-2000 06:05:00,5.0,0.13618784125043773,0.2705690197010847
25-Jan-2000 06:10:00,5.0,0.13181758426622153,0.2705690255546685
25-Jan-2000 06:15:00,5.0,0.12457524600117974,0.27056902555161394
25-Jan-2000 06:20:00,5.0,0.12236834343901351,0.27056902555161705
25-Jan-2000 06:25:00,5.0,0.11703628273571783,0.27056902555161655
25-Jan-2000 06:30:00,5.0,0.11121024237749652,0.27056902555161655
25-Jan-2000 06:35:00,5.0,0.10623799573431264,0.27056902555161655
25-Jan-2000 06:40:00,4.999181850574957,0.10188448115880323,0.270561310911966
25-Jan-2000 06:45:00,4.9907668630319915,0.09806591088521924,0.27037064618631174
25-Jan-2000 06:50:00,4.974914298010482,0.0946537975218523,0.2699660325176074
25-Jan-2000 06:55:00,4.954999099116106,0.09164378547138989,0.2694290754254555
25-Jan-2000 07:00:00,4.932847214895933,0.08899086320956189,0.26882963036993734
25-Jan-2000 07:05:00,4.908793176447752,0.086616472374605,0.2681774829843324
25-Jan-2000 07:10:00,4.882151294001315,0.08447176636902423,0.2674546339370418
25-Jan-2000 07:15:00,4.852885067371243,0.08254698447990265,0.26665614334135407
25-Jan-2000 07:20:00,4.821367360302426,0.0808096409743881,0.2657907847122526
25-Jan-2000 07:25:00,4.78803595350235,0.07923000593220408,0.2648701215778434
25-Jan-2000 07:30:00,4.7532875369561145,0.07779077672437713,0.26390493570989704
25-Jan-2000 07:35:00,4.717456805197785,0.07647304404266513,0.2629044160577762
25-Jan-2000 07:40:00,4.680821427865138,0.07527637278340431,0.26187622779018854
25-Jan-2000 07:45:00,4.643611422400729,0.0741870013206302,0.2608267554702438
25-Jan-2000 07:50:00,4.606017568533315,0.0731930471858288,0.259761328956483
25-Jan-2000 07:55:00,4.568198909812495,0.07228365131784471,0.25868442349973214
25-Jan-2000 08:00:00,4.5302878679628895,0.07144555992550047,0.25759980775500735
25-Jan-2000 08:05:00,4.492394319373509,0.07067532550047965,0.25651062751341724
25-Jan-2000 08:10:00,4.454610217658057,0.06996664756623443,0.25541958476003884
25-Jan-2000 08:15:00,4.417012651180588,0.06931363950465882,0.254328946284371
25-Jan-2000 08:20:00,4.379669572740159,0.06870111388481089,0.2532407190795286
25-Jan-2000 08:25:00,4.34264004585184,0.06812712158964011,0.25215674308581015
25-Jan-2000 08:30:00,4.305966989254709,0.06759567819811065,0.2510786351413155
25-Jan-2000 08:35:00,4.26968385731637,0.06710283253836224,0.2500078689247969
25-Jan-2000 08:40:00,4.233818921217431,0.06664508856670033,0.24894478343289733
25-Jan-2000 08:45:00,4.198396532576629,0.06621933473181187,0.24789178664233616
25-Jan-2000 08:50:00,4.163436834579203,0.06582278985049916,0.24684434302649244
25-Jan-2000 08:55:00,4.128956158155408,0.06545296041535416,0.24580795310473055
25-Jan-2000 09:00:00,4.095103259335085,0.06511387682688978,0.2447840846645793
25-Jan-2000 09:05:00,4.062438351764749,0.06479825083117989,0.2437904912535452
25-Jan-2000 09:10:00,4.030717313569687,0.06449606060368997,0.242823492668002
25-Jan-2000 09:15:00,3.999663873118365,0.0642102600838212,0.24187396453646784
25-Jan-2000 09:20:00,3.9691668318481717,0.06394108592321203,0.24093809658636833
25-Jan-2000 09:25:00,3.9391874176927817,0.06368782568068813,0.24001462757485306
25-Jan-2000 09:30:00,3.90971213639663,0.0634494880468986,0.2391032089853335
25-Jan-2000 09:35:00,3.8807353682678336,0.06322138054158413,0.23820378290463692
25-Jan-2000 09:40:00,3.852253504228377,0.06300510278869341,0.23731636944276338
25-Jan-2000 09:45:00,3.8242628370789946,0.06280109192664832,0.23644099051969353
25-Jan-2000 09:50:00,3.7967590906683624,0.0626084684166055,0.23557764930433617
25-Jan-2000 09:55:00,3.7697373916393353,0.06242643265633639,0.23472632836773588
25-Jan-2000 10:00:00,3.7434641896858833,0.062254229738220764,0.2339002055608675
25-Jan-2000 10:05:00,3.7190366340144916,0.06209119291934911,0.23311762606045205
25-Jan-2000 10:10:00,3.695940539168189,0.061936749299563026,0.23237890137006048
25-Jan-2000 10:15:00,3.67360260774174,0.06179032680899233,0.23166422375294088
25-Jan-2000 10:20:00,3.651789359782715,0.06165139593126389,0.23096495236500045
25-Jan-2000 10:25:00,3.6304143446822112,0.06151947151189287,0.2302779265377885
25-Jan-2000 10:30:00,3.6094445471438603,0.06139410775045733,0.2296020094851464
25-Jan-2000 10:35:00,3.588863619221417,0.0612748936299528,0.22893671853214193
25-Jan-2000 10:40:00,3.568661131072216,0.061161449306363885,0.22828178577896538
25-Jan-2000 10:45:00,3.5488288273865094,0.061053423162292404,0.22763702620596074
25-Jan-2000 10:50:00,3.5293590710074145,0.06095048929126102,0.22700227566596987
25-Jan-2000 10:55:00,3.510244456484152,0.06085234528534939,0.22637737597764895
25-Jan-2000 11:00:00,3.4917739004831865,0.0607586970316038,0.2257669937706136
25-Jan-2000 11:05:00,3.475061676612204,0.060669284884418175,0.22520974184939982
25-Jan-2000 11:10:00,3.459511617242656,0.060583889266583715,0.22469415356373199
25-Jan-2000 11:15:00,3.4445658666286607,0.06050228067808897,0.22419948424407374
25-Jan-2000 11:20:00,3.43000369143055,0.06042424368917565,0.22371720407601856
25-Jan-2000 11:25:00,3.4157436255519515,0.06034957903571921,0.22324418332551238
25-Jan-2000 11:30:00,3.4017541017632125,0.060278101815737,0.22277925422912392
25-Jan-2000 11:35:00,3.3880207151977286,0.06020963979238568,0.22232192759927388
25-Jan-2000 11:40:00,3.3745348390236884,0.06014403211908668,0.2218719427977312
25-Jan-2000 11:45:00,3.361289766771945,0.0600811283440534,0.2214291139482404
25-Jan-2000 11:50:00,3.348279470131164,0.06002078757918864,0.22099328000304955
25-Jan-2000 11:55:00,3.3354981948873967,0.059962877773041635,0.22056428857254082
25-Jan-2000 12:00:00,3.323249336908916,0.05990726725855397,0.22014689580082494
25-Jan-2000 12:05:00,3.312650537552811,0.0598538405830059,0.21978156892647555
25-Jan-2000 12:10:00,3.3030801626314643,0.05980250233669937,0.21945516560915665
25-Jan-2000 12:15:00,3.293985744585505,0.0597531480158134,0.2191465057358212
25-Jan-2000 12:20:00,3.285152916955951,0.05970567845489837,0.21884704269620342
25-Jan-2000 12:25:00,3.2765046402154407,0.05966000134147455,0.21855379534085373
25-Jan-2000 12:30:00,3.2680126455508853,0.05961603041926693,0.21826570093569522
25-Jan-2000 12:35:00,3.25966526914092,0.059573684727167626,0.2179821756656996
25-Jan-2000 12:40:00,3.251456381601317,0.059532888059748414,0.2177030097969219
25-Jan-2000 12:45:00,3.243381693364743,0.05949311120097058,0.21742806780589502
25-Jan-2000 12:50:00,3.2354375485356304,0.0594541090990179,0.21715723901689346
25-Jan-2000 12:55:00,3.2276205379715353,0.05941649648813232,0.2168904217151103
25-Jan-2000 13:00:00,3.2196159654845484,0.05938021268305424,0.21662204020288134
25-Jan-2000 13:05:00,3.2103039594349343,0.05934519682551652,0.21631144241133182
25-Jan-2000 13:10:00,3.200297341432837,0.05931138415833346,0.21597178505949005
25-Jan-2000 13:15:00,3.190136528957633,0.05927872264806275,0.21562417174167223
25-Jan-2000 13:20:00,3.1800271433035343,0.05924716375908506,0.21527700591414803
25-Jan-2000 13:25:00,3.170038528915781,0.05921666094683631,0.21493318602564712
25-Jan-2000 13:30:00,3.1601914598445324,0.05918716967870185,0.2145936220058611
25-Jan-2000 13:35:00,3.1504900988090583,0.05915864750926362,0.21425853792966554
25-Jan-2000 13:40:00,3.140933100169839,0.05913105406363804,0.2139279280842519
25-Jan-2000 13:45:00,3.131517368997243,0.05910435096414759,0.21360171227480812
25-Jan-2000 13:50:00,3.1222393099197245,0.059078501733982686,0.21327978769619313
25-Jan-2000 13:55:00,3.1130952352800163,0.05905347169511229,0.21296204599164661
25-Jan-2000 14:00:00,3.1035033813895354,0.059029234279216414,0.21263801818363548
25-Jan-2000 14:05:00,3.0913059696875678,0.05900575802729925,0.2122290453265654
25-Jan-2000 14:10:00,3.077549151687088,0.05898300126432483,0.2117555924462064
25-Jan-2000 14:15:00,3.063316693405399,0.05896093670845938,0.21125985863564886
25-Jan-2000 14:20:00,3.049053146862139,0.05893953940209162,0.21076015331187
25-Jan-2000 14:25:00,3.0349166000461434,0.05891878475784395,0.21026313301869168
25-Jan-2000 14:30:00,3.020958804603044,0.05889864873692426,0.2097710469774799
25-Jan-2000 14:35:00,3.007193893818871,0.05887910811048274,0.20928457170886594
25-Jan-2000 14:40:00,2.993622988315495,0.05886014058031994,0.20880383513202258
25-Jan-2000 14:45:00,2.980242817470018,0.05884172480554288,0.2083287773148917
25-Jan-2000 14:50:00,2.9670487066459468,0.05882384038461562,0.2078592760464021
25-Jan-2000 14:55:00,2.954035603508213,0.05880646781948081,0.20739519020355038
25-Jan-2000 15:00:00,2.940941215210457,0.05878959081655553,0.20693173423345923
25-Jan-2000 15:05:00,2.9267017040691323,0.058773191602450224,0.206429972438677
25-Jan-2000 15:10:00,2.9117573556627785,0.05875724877695904,0.20589713057202216
25-Jan-2000 15:15:00,2.896650425861168,0.05874174641050925,0.20535461811573852
25-Jan-2000 15:20:00,2.881614023842479,0.05872666968036264,0.2048122711488336
25-Jan-2000 15:25:00,2.8667321670605554,0.05871200411189586,0.20427375180635912
25-Jan-2000 15:30:00,2.8520313433342412,0.05869773562227005,0.20374028072433756
25-Jan-2000 15:35:00,2.837522259192458,0.0586838506069666,0.20321231145683064
25-Jan-2000 15:40:00,2.823205489707275,0.05867033597791953,0.20269002549091691
25-Jan-2000 15:45:00,2.8090721062183666,0.05865717916744819,0.20217313822368552
25-Jan-2000 15:50:00,2.7951157152822406,0.05864436811570934,0.20166144631643962
25-Jan-2000 15:55:00,2.781330884139716,0.05863189125154248,0.20115478593313874
25-Jan-2000 16:00:00,2.7675950492829653,0.0586197383375275,0.20065083980210807
25-Jan-2000 16:05:00,2.75339453738164,0.058604197069798025,0.20013050389231218
25-Jan-2000 16:10:00,2.7389091963824064,0.05858687002061096,0.1995961008291158
25-Jan-2000 16:15:00,2.724405366508861,0.058571888334916354,0.19905827721680325
25-Jan-2000 16:20:00,2.710002254878358,0.05855905988894832,0.19852225815283023
25-Jan-2000 16:25:00,2.6957413056396766,0.058547593653168556,0.19798992848256391
25-Jan-2000 16:30:00,2.6816352240937027,0.05853692722378273,0.19746191389825027
25-Jan-2000 16:35:00,2.6676859522643803,0.05852675477487036,0.1969383673165553
25-Jan-2000 16:40:00,2.653891429625272,0.05851692792757325,0.19641926369819288
25-Jan-2000 16:45:00,2.6402481635553556,0.058507378043078616,0.19590451247365287
25-Jan-2000 16:50:00,2.626752204149513,0.058498072908328654,0.1953940003749911
25-Jan-2000 16:55:00,2.613399512100763,0.05848899586364217,0.19488760770633382
25-Jan-2000 17:00:00,2.6001860963137258,0.058480136599028266,0.19438521450391621
25-Jan-2000 17:05:00,2.5871080642064674,0.058471487352353906,0.19388670285050197
25-Jan-2000 17:10:00,2.574161638865738,0.05846304142151205,0.1933919577247329
25-Jan-2000 17:15:00,2.5613431635951858,0.05845479260905906,0.1929008672902935
25-Jan-2000 17:20:00,2.5486491016679844,0.05844673502266209,0.19241332296984254
25-Jan-2000 17:25:00,2.536076034267921,0.05843886300422176,0.19192921943572133
25-Jan-2000 17:30:00,2.52362065776635,0.0584311711028886,0.1914484545683164
25-Jan-2000 17:35:00,2.511279780779412,0.05842365406211812,0.1909709294019207
25-Jan-2000 17:40:00,2.4990503211724753,0.05841630681089416,0.19049654806561828
25-Jan-2000 17:45:00,2.48692930307516,0.05840912445615509,0.19002521772211706
25-Jan-2000 17:50:00,2.4749138539356523,0.058402102275651006,0.18955684850581453
25-Jan-2000 17:55:00,2.4630012016273195,0.058395235711058445,0.18909135346075465
25-Jan-2000 18:00:00,2.4511886716042066,0.010724471494737734,0.1886286484787521
25-Jan-2000 18:05:00,2.4394736408876985,0.008242820038411891,0.1881686515388056
25-Jan-2000 18:10:00,2.4278523907193184,0.007823462942396048,0.18771125208765718
25-Jan-2000 18:15:00,2.41631683648146,0.007704648077556918,0.18725618724601956
25-Jan-2000 18:20:00,2.40485445744401,0.007634320577554791,0.18680300110629602
25-Jan-2000 18:25:00,2.393451895927268,0.0075718829650036675,0.18635117351041386
25-Jan-2000 18:30:00,2.3820977972361406,0.007511083373791619,0.1859002445653579
25-Jan-2000 18:35:00,2.3707837887519014,0.007452010952460464,0.18544986619961398
25-Jan-2000 18:40:00,2.3595042545420606,0.007525506118347913,0.1849998005764326
25-Jan-2000 18:45:00,2.34825567133743,0.007649399842438498,0.18454989626445273
25-Jan-2000 18:50:00,2.3370359506571488,0.007745799595851196,0.1841000621687537
25-Jan-2000 18:55:00,2.325843936170639,0.00780792036143614,0.1836502468587564
25-Jan-2000 19:00:00,2.3147939005033975,0.007840791377748105,0.18320272144932492
25-Jan-2000 19:05:00,2.3043914774893186,0.00785038063223733,0.1827780224432551
25-Jan-2000 19:10:00,2.294457740754366,0.007842851734153767,0.1823737247393011
25-Jan-2000 19:15:00,2.2847275012281014,0.007822941768202814,0.1819782160515044
25-Jan-2000 19:20:00,2.275076591312277,0.007794067991766557,0.18158567038353457
25-Jan-2000 19:25:00,2.265455951346139,0.007758732589382137,0.1811937357914519
25-Jan-2000 19:30:00,2.2558481322220745,0.007718785473464464,0.18080154820823516
25-Jan-2000 19:35:00,2.246248007830212,0.0076755955230663735,0.1804088462761969
25-Jan-2000 19:40:00,2.2366536473533,0.007630172652530106,0.18001553243874568
25-Jan-2000 19:45:00,2.227064819637576,0.007583259007574714,0.17962158304551773
25-Jan-2000 19:50:00,2.2174822090891335,0.007535397854534783,0.17922701754816764
25-Jan-2000 19:55:00,2.2079068604562733,0.007486985441146652,0.17883187339788978
25-Jan-2000 20:00:00,2.1981095424166317,0.007438369269028172,0.17843145264166055
25-Jan-2000 20:05:00,2.187093196193605,0.0073899142547358436,0.17798405922908078
25-Jan-2000 20:10:00,2.175211502981759,0.007341624390898603,0.17749468486867334
25-Jan-2000 20:15:00,2.1629861686674046,0.007293492294525654,0.17698669633819047
25-Jan-2000 20:20:00,2.1506664966887348,0.007245565343389947,0.17647204431355287
25-Jan-2000 20:25:00,2.138353771780486,0.007197904576766707,0.17595568425651864
25-Jan-2000 20:30:00,2.126087013687192,0.007150563262346595,0.17543955194083086
25-Jan-2000 20:35:00,2.113880705871238,0.007103581697336147,0.17492438101405372
25-Jan-2000 20:40:00,2.1017398631683446,0.00705698820941388,0.17441043871010736
25-Jan-2000 20:45:00,2.089665865441647,0.0070108016606649,0.17389781232954019
25-Jan-2000 20:50:00,2.077658819772402,0.006965033862231656,0.17338652264244808
25-Jan-2000 20:55:00,2.065718597866187,0.006919691510646541,0.17287657917843335
25-Jan-2000 21:00:00,2.0535238941117147,0.0068748554397751235,0.17236117157976075
25-Jan-2000 21:05:00,2.0396391774731115,0.0068307566826593105,0.1717787469882941
25-Jan-2000 21:10:00,2.0244977108087108,0.006787215609591814,0.17113322702187286
25-Jan-2000 21:15:00,2.0088494849844034,0.00674405331243829,0.17045877249876754
25-Jan-2000 21:20:00,1.9930770626453629,0.006701207058016395,0.16977418056321344
25-Jan-2000 21:25:00,1.9773426651500075,0.00665867409692471,0.16908763718777964
25-Jan-2000 21:30:00,1.9617104265585785,0.006616470194607705,0.1684024503339553
25-Jan-2000 21:35:00,1.9462041467905533,0.006574612251732312,0.1677198955575508
25-Jan-2000 21:40:00,1.930831453641241,0.006533113117803401,0.16704042686877152
25-Jan-2000 21:45:00,1.9155935516477074,0.006491981020415438,0.16636416913640809
25-Jan-2000 21:50:00,1.9004891240585484,0.006451220353206475,0.16569111609240178
25-Jan-2000 21:55:00,1.8855158972418866,0.006410832657657074,0.1650212100276824
25-Jan-2000 22:00:00,1.8702996955596798,0.006370944966722898,0.16434618537106174
25-Jan-2000 22:05:00,1.8530893682502771,0.006331985439641146,0.16358842877294258
25-Jan-2000 22:10:00,1.8342646071205289,0.006293678306014342,0.16274590122459326
25-Jan-2000 22:15:00,1.8147252319687763,0.006255660229346087,0.16186030537632312
25-Jan-2000 22:20:00,1.7949817941014456,0.006217782608440049,0.16095742709975946
25-Jan-2000 22:25:00,1.7752725114247059,0.006180039386796857,0.16004965862980464
25-Jan-2000 22:30:00,1.755701103365086,0.006142475245181283,0.159142521593456
25-Jan-2000 22:35:00,1.7363108408216412,0.006105138934980461,0.15823839736276496
25-Jan-2000 22:40:00,1.7171185809466551,0.006068068055743651,0.1573382832607946
25-Jan-2000 22:45:00,1.6981298255868,0.006031287486115396,0.1564425704712492
25-Jan-2000 22:50:00,1.6793460967756877,0.005994811997597125,0.1555514351840249
25-Jan-2000 22:55:00,1.6607649308154289,0.005958649335948088,0.15466486842019073
25-Jan-2000 23:00:00,1.6423102175551432,0.005922855220716428,0.15378110156711122
25-Jan-2000 23:05:00,1.6235976622127846,0.005887587819535506,0.1528825024342816
25-Jan-2000 23:10:00,1.6046538468801241,0.005852717886739336,0.15196581986462482
25-Jan-2000 23:15:00,1.5856678516862162,0.0058181130299008055,0.1510399998250914
25-Jan-2000 23:20:00,1.5667674891547878,0.0057837304915294,0.15011180632044216
25-Jan-2000 23:25:00,1.548019704414775,0.005749575463792025,0.14918495575899113
25-Jan-2000 23:30:00,1.5294559793675337,0.005715666182376238,0.14826128121612236
25-Jan-2000 23:35:00,1.511090160055329,0.005682019054196104,0.14734164989836077
25-Jan-2000 23:40:00,1.4929287219674954,0.005648644937851509,0.14642649491973192
25-Jan-2000 23:45:00,1.474981396874347,0.005615549613237052,0.14551629305413188
25-Jan-2000 23:50:00,1.4573388643783134,0.005582735227337027,0.14461445402494352
25-Jan-2000 23:55:00,1.4402401877077937,0.005550201605598299,0.14373248381798334
26-Jan-2000 00:00:00,1.423917019566737,0.00551794718688819,0.1428834291058713
26-Jan-2000 00:05:00,1.4083088247053197,0.005485969622815871,0.14206811726267266
26-Jan-2000 00:10:00,1.3934945661700693,0.005454266139754517,0.1412868928746103
26-Jan-2000 00:15:00,1.3796397157722062,0.0054228337494309515,0.1405520134282334
26-Jan-2000 00:20:00,1.366815694202192,0.005391669368235491,0.1398652661164907
26-Jan-2000 00:25:00,1.3550541393377835,0.005360769883433897,0.13923434041784197
26-Jan-2000 00:30:00,1.3438340941203013,0.005330132189232514,0.13863402315758205
26-Jan-2000 00:35:00,1.3332324314917652,0.00529975320602605,0.1380597174423692
26-Jan-2000 00:40:00,1.323459538681064,0.005269629890385639,0.1375288456553254
26-Jan-2000 00:45:00,1.3145457270055223,0.005239759240013706,0.13703910809370828
26-Jan-2000 00:50:00,1.3064799658635964,0.005210138295977955,0.1365981112469911
26-Jan-2000 00:55:00,1.298521285560888,0.005180764143477038,0.13616851397858679
26-Jan-2000 01:00:00,1.290198727723679,0.005151633911839285,0.13572092036042405
26-Jan-2000 01:05:00,1.281374767243612,0.005122744774110295,0.13524430758685588
26-Jan-2000 01:10:00,1.2726013035926247,0.005094093946441954,0.13475986958730132
26-Jan-2000 01:15:00,1.2643107733130392,0.0050656786873899675,0.13430144800282134
26-Jan-2000 01:20:00,1.2560156151639488,0.005037496297164528,0.1338459568997227
26-Jan-2000 01:25:00,1.2477603256070249,0.005009544116864931,0.1333868057800337
26-Jan-2000 01:30:00,1.240108432447378,0.004981819527722347,0.13295488538686412
26-Jan-2000 01:35:00,1.2329686006179248,0.004954319950342938,0.1325545063672226
26-Jan-2000 01:40:00,1.2263392283802532,0.004927042843963675,0.1321774394787852
26-Jan-2000 01:45:00,1.2202547629786769,0.004899985705722769,0.13183464365731995
26-Jan-2000 01:50:00,1.2139563359159482,0.004873146069956314,0.1314852085450995
26-Jan-2000 01:55:00,1.207679918805087,0.0048465215075089475,0.1311281464749428
26-Jan-2000 02:00:00,1.201713479041157,0.004820109625061587,0.1307910255994958
26-Jan-2000 02:05:00,1.1953777733304631,0.004793908064456384,0.13043898417802408
26-Jan-2000 02:10:00,1.1883068386454245,0.004767914502041207,0.13004548178444883
26-Jan-2000 02:15:00,1.181077373010486,0.004742126648024364,0.12963123670887225
26-Jan-2000 02:20:00,1.1741405059271854,0.014244459419672874,0.12923441474128183
26-Jan-2000 02:25:00,1.1669078397254895,0.01960882085688655,0.12882573121371946
26-Jan-2000 02:30:00,1.1590075882358755,0.01876417241846986,0.12837978031884686
26-Jan-2000 02:35:00,1.1503587314304373,0.01809689263119964,0.12788896597217747
26-Jan-2000 02:40:00,1.141075306319371,0.017627030987610686,0.12735736701017156
26-Jan-2000 02:45:00,1.131773457884125,0.017265204404972968,0.1268217458961207
26-Jan-2000 02:50:00,1.12295414201158,0.01696783510143168,0.12630196505668084
26-Jan-2000 02:55:00,1.1147677281022128,0.01670937596419597,0.12581225997465592
26-Jan-2000 03:00:00,1.1073538851781632,0.01647554721755165,0.1253684241632465
26-Jan-2000 03:05:00,1.1004026178269803,0.016257859270616952,0.12495416239091427
26-Jan-2000 03:10:00,1.0939866787732906,0.016051777242412923,0.12456527577388993
26-Jan-2000 03:15:00,1.0881575845880136,0.01585463715421809,0.12421536463453146
26-Jan-2000 03:20:00,1.0821739419846752,0.015664724534339695,0.12386336913210359
26-Jan-2000 03:25:00,1.0755929217572469,0.015480901262999983,0.12347793186002541
26-Jan-2000 03:30:00,1.0682853579173783,0.015302396714398932,0.12304824766738863
26-Jan-2000 03:35:00,1.0602704019984337,0.015128676983586421,0.1225743670104196
26-Jan-2000 03:40:00,1.0516224469696662,0.014959360722849925,0.12205933647288959
26-Jan-2000 03:45:00,1.0424297428433378,0.01479416494878339,0.12150794937094767
26-Jan-2000 03:50:00,1.0327773726665619,0.014632870357622573,0.12092496836291267
26-Jan-2000 03:55:00,1.0227438338557724,0.014475299370709713,0.12031484786226995
26-Jan-2000 04:00:00,1.0126237020537878,0.014320781535515458,0.11968778040049403
26-Jan-2000 04:05:00,1.0035916805890874,0.0141682760352786,0.11911361044273823
26-Jan-2000 04:10:00,0.9954545674683009,0.014018952253946856,0.11859986133637453
26-Jan-2000 04:15:00,0.9876709843104787,0.013873267524907017,0.11811150656696576
26-Jan-2000 04:20:00,0.9799595876738721,0.013731172810987556,0.1176281133858635
26-Jan-2000 04:25:00,0.9722117381151317,0.013592483276244077,0.11714126987046822
26-Jan-2000 04:30:00,0.9643982823583235,0.013457003761801057,0.11664839006083157
26-Jan-2000 04:35:00,0.9565217208695066,0.013324562003016412,0.11614929790542661
26-Jan-2000 04:40:00,0.9485953499348315,0.01319501243101526,0.11564467214090512
26-Jan-2000 04:45:00,0.9406363293901674,0.013068231956543525,0.11513551553700298
26-Jan-2000 04:50:00,0.9326617058028774,0.012944114657908366,0.1146228782395676
26-Jan-2000 04:55:00,0.9246867458324927,0.012822567314617755,0.11410773272372537
26-Jan-2000 05:00:00,0.9169579206867919,0.012703182115329755,0.1135976933455748
26-Jan-2000 05:05:00,0.9106151384009394,0.012585274325385018,0.11316462081292084
26-Jan-2000 05:10:00,0.9053978991483443,0.01246957397986017,0.11281222234589786
26-Jan-2000 05:15:00,0.9007278048004336,0.012356399524901524,0.11250087108895884
26-Jan-2000 05:20:00,0.8962967365807147,0.012245734119576692,0.11220732836997113
26-Jan-2000 05:25:00,0.8919698274868472,0.012137466025905439,0.11192111980201258
26-Jan-2000 05:30:00,0.8876934712123239,0.012031473451739862,0.11163799190411434
26-Jan-2000 05:35:00,0.8834487093667474,0.011927647194269241,0.11135639228181392
26-Jan-2000 05:40:00,0.8792306204924061,0.011825893659951256,0.1110758790379822
26-Jan-2000 05:45:00,0.8750396255155274,0.011725654206636932,0.11079644220692264
26-Jan-2000 05:50:00,0.8708779423549196,0.011622975169873881,0.11051822414790724
26-Jan-2000 05:55:00,0.86674810006702,0.011520985018905108,0.11024140463171304
26-Jan-2000 06:00:00,0.8628212027431232,0.06487218256706838,0.10997125368961011
26-Jan-2000 06:05:00,0.8598617373411195,0.06103793508694176,0.10975828132030871
26-Jan-2000 06:10:00,0.8576578119076959,0.05959204935666915,0.1096020666549791
26-Jan-2000 06:15:00,0.8558176731211982,0.05901685755017454,0.10947442263138282
26-Jan-2000 06:20:00,0.8541441134567641,0.05878850638083349,0.10935975387315772
26-Jan-2000 06:25:00,0.8525593359316535,0.05869643119423748,0.10925164047454573
26-Jan-2000 06:30:00,0.851039249943456,0.05865597688084377,0.10914797234533971
26-Jan-2000 06:35:00,0.849579824829384,0.05863430280929549,0.10904832183069156
26-Jan-2000 06:40:00,0.8481824347130575,0.058619223434810096,0.10895276087480656
26-Jan-2000 06:45:00,0.8468485154123289,0.05860644258704877,0.10886140927949331
26-Jan-2000 06:50:00,0.8455782067609229,0.05859453345212189,0.10877430619763054
26-Jan-2000 06:55:00,0.8443704048570938,0.058583055806781796,0.10869140204985926
26-Jan-2000 07:00:00,0.8433975047200184,0.05857729000150466,0.10861792448295741
26-Jan-2000 07:05:00,0.8434381936252565,0.05857111186907622,0.10860603237316381
26-Jan-2000 07:10:00,0.8442436996199666,0.05856231533795163,0.10865292831361312
26-Jan-2000 07:15:00,0.8454089035593336,0.058552639088223744,0.10872864079144644
26-Jan-2000 07:20:00,0.8467272911455174,0.05854276621882203,0.10881673409469933
26-Jan-2000 07:25:00,0.8481075394399649,0.05853296243243703,0.10890982932636831
26-Jan-2000 07:30:00,0.8495107209630469,0.058523328440351734,0.10900477062571967
26-Jan-2000 07:35:00,0.8509203074415715,0.05851389976748165,0.10910022134327767
26-Jan-2000 07:40:00,0.8523291139525695,0.058504686270623926,0.109195606081373
26-Jan-2000 07:45:00,0.8537338176570514,0.05849568778951194,0.10929066397728426
26-Jan-2000 07:50:00,0.8551327116816915,0.05848690034285666,0.10938526522685986
26-Jan-2000 07:55:00,0.8565247860285321,0.05847831857790872,0.10947933608910572
26-Jan-2000 08:00:00,0.8579093507417531,0.05846993673540483,0.10957282817603553
26-Jan-2000 08:05:00,0.8592858800317348,0.05846174902629291,0.10966570578897943
26-Jan-2000 08:10:00,0.8606539450338548,0.05845374977555452,0.10975794051603832
26-Jan-2000 08:15:00,0.8620131836530889,0.05844593347393626,0.1098495088170106
26-Jan-2000 08:20:00,0.8633846641598787,0.05843829479342517,0.10994084003518512
26-Jan-2000 08:25:00,0.8651976728550429,0.05843082858859814,0.11005247799926109
26-Jan-2000 08:30:00,0.8681814529640687,0.058423529892564684,0.11023379342376359
26-Jan-2000 08:35:00,0.8728212810571763,0.058416393911030505,0.11052001307536723
26-Jan-2000 08:40:00,0.8794460020925996,0.0584094160157634,0.1109343351813003
26-Jan-2000 08:45:00,0.8879583161615545,0.05840259173807158,0.11147577471966137
26-Jan-2000 08:50:00,0.8988008532107262,0.059747934585809175,0.11215579561833725
26-Jan-2000 08:55:00,0.9122763460663494,0.0602034153182181,0.11301020902115613
26-Jan-2000 09:00:00,0.9268563498218593,0.06006607761582314,0.1139524362749656
26-Jan-2000 09:05:00,0.942189966833425,0.059978225688395906,0.11492953165452557
26-Jan-2000 09:10:00,0.9586929006140009,0.05991101064882676,0.11597044075111601
26-Jan-2000 09:15:00,0.9760439892891364,0.059853141095448134,0.1170634213498204
26-Jan-2000 09:20:00,0.9936624271653727,0.05980014863263439,0.11816814999246242
26-Jan-2000 09:25:00,1.0115844349235938,0.05975022594342967,0.11927948437590681
26-Jan-2000 09:30:00,1.02902158841836,0.05970260923340397,0.1203673052317499
26-Jan-2000 09:35:00,1.0457836798303595,0.05965694639475044,0.12139364335920998
26-Jan-2000 09:40:00,1.063429348128249,0.05961304962068348,0.12244332943532164
26-Jan-2000 09:45:00,1.0837706239856864,0.06141322681769048,0.12362384706711177
26-Jan-2000 09:50:00,1.1053775523568148,0.061963562577965654,0.12491019419664078
26-Jan-2000 09:55:00,1.1264144142927197,0.061718633667659645,0.1261517534128502
26-Jan-2000 10:00:00,1.1486245348386481,0.061545950225166755,0.12743095779620026
26-Jan-2000 10:05:00,1.1735348322050727,0.061404842157727714,0.1288515208410778
26-Jan-2000 10:10:00,1.2012521943339647,0.06127950902138748,0.13039854164053777
26-Jan-2000 10:15:00,1.231025334112717,0.06116367121292536,0.13206581612772778
26-Jan-2000 10:20:00,1.2592748618097447,0.06105469703442022,0.1336681409337028
26-Jan-2000 10:25:00,1.283375741093356,0.06095137708813704,0.13504346892623498
26-Jan-2000 10:30:00,1.3028743267817564,0.06085306619156406,0.13614947340987354
26-Jan-2000 10:35:00,1.3181553581955547,0.06075935032160622,0.13701549751018424
26-Jan-2000 10:40:00,1.3298093540576736,0.0606699165528855,0.13767555213174662
26-Jan-2000 10:45:00,1.338422533550974,0.060584501692787916,0.13816447192156733
26-Jan-2000 10:50:00,1.3445103866846653,0.06050287150606575,0.13851230430107658
26-Jan-2000 10:55:00,1.3485136856618654,0.06042481188331027,0.13874431833345263
26-Jan-2000 11:00:00,1.351086465703575,0.06035011408640918,0.13888901224125846
26-Jan-2000 11:05:00,1.35353355024317,0.06027859496052755,0.13902007730855317
26-Jan-2000 11:10:00,1.3555605619761144,0.06021010129038924,0.13913341950605065
26-Jan-2000 11:15:00,1.356903364964877,0.06014446975563449,0.13921159346944312
26-Jan-2000 11:20:00,1.3575527141309909,0.060081546358102006,0.13925248862645337
26-Jan-2000 11:25:00,1.3575926584035618,0.06002118826002017,0.13926008862826197
26-Jan-2000 11:30:00,1.357128288435741,0.059963262507443986,0.13923991603267385
26-Jan-2000 11:35:00,1.3562603668636275,0.0599076448305545,0.13919739307938517
26-Jan-2000 11:40:00,1.3550780637136208,0.059854218766788266,0.13913735495050145
26-Jan-2000 11:45:00,1.3536581232032459,0.05980287499256363,0.13906397222284528
26-Jan-2000 11:50:00,1.3520657406750871,0.05975351077315092,0.1389807986281257
26-Jan-2000 11:55:00,1.3503555778332341,0.05970602948394366,0.13889081854746216
26-Jan-2000 12:00:00,1.3488445029916025,0.05966033373652939,0.13880372203121963
26-Jan-2000 12:05:00,1.3485549262290744,0.05961633855005902,0.1387769808962512
26-Jan-2000 12:10:00,1.3489963998272307,0.05957397460351732,0.13879579159444547
26-Jan-2000 12:15:00,1.3497125507086336,0.05953316426366529,0.13883221934422219
26-Jan-2000 12:20:00,1.350529420193028,0.05949338398601052,0.1388750214055796
26-Jan-2000 12:25:00,1.3513947634228682,0.059454371756126,0.13892064306560203
26-Jan-2000 12:30:00,1.3523008835192982,0.05941674974225943,0.13896841350474637
26-Jan-2000 12:35:00,1.353252911474735,0.05938045246170167,0.13901853770750927
26-Jan-2000 12:40:00,1.3542592265374698,0.059345419226574596,0.13907144254719175
26-Jan-2000 12:45:00,1.3553284668838335,0.059311593591096785,0.13912758761458766
26-Jan-2000 12:50:00,1.3564683469838517,0.05927892250451987,0.13918738950690263
26-Jan-2000 12:55:00,1.3576853267967026,0.059247355868684765,0.1392511986102323
26-Jan-2000 13:00:00,1.358714145706807,0.05921685017348124,0.13931214831454033
26-Jan-2000 13:05:00,1.35857242999722,0.05918736023777011,0.13931533210451838
26-Jan-2000 13:10:00,1.357776598816736,0.059158836377209735,0.13927692369691566
26-Jan-2000 13:15:00,1.356816392916298,0.05913123896611044,0.13922647791460727
26-Jan-2000 13:20:00,1.355892981719819,0.059104530881910686,0.13917671333188142
26-Jan-2000 13:25:00,1.3550793115299673,0.059078676344963194,0.1391323190657913
26-Jan-2000 13:30:00,1.3543995131920106,0.05905364099156516,0.13909488609409876
26-Jan-2000 13:35:00,1.3538596993149772,0.059029391970178695,0.13906485622433104
26-Jan-2000 13:40:00,1.3534594068577026,0.05900589795075592,0.13904225034457973
26-Jan-2000 13:45:00,1.3531957601780278,0.058983129081873864,0.13902693436107275
26-Jan-2000 13:50:00,1.3530649753386912,0.05896105692597046,0.1390187154182554
26-Jan-2000 13:55:00,1.3530629104735334,0.058939654388001375,0.13901737703720907
26-Jan-2000 14:00:00,1.3526812607195202,0.05891890115113579,0.13900931336789982
26-Jan-2000 14:05:00,1.35003115521486,0.05889877252438566,0.1388898288011866
26-Jan-2000 14:10:00,1.3459889869866724,0.05887923488900743,0.13868338872511438
26-Jan-2000 14:15:00,1.3415059334902937,0.058860266832511506,0.1384464323106653
26-Jan-2000 14:20:00,1.3369981223141867,0.058841848793694945,0.1382050722656795
26-Jan-2000 14:25:00,1.3326225269299778,0.058823961401272884,0.1379694055486361
26-Jan-2000 14:30:00,1.3284317656799751,0.05880658563751449,0.1377429525683045
26-Jan-2000 14:35:00,1.3244387235784494,0.05878970307055144,0.13752670167677397
26-Jan-2000 14:40:00,1.3206417204026155,0.05877329596524073,0.1373207009738524
26-Jan-2000 14:45:00,1.3170337169393214,0.0587573473129124,0.13712465379957609
26-Jan-2000 14:50:00,1.3136059570704945,0.05874184082249787,0.13693813346931288
26-Jan-2000 14:55:00,1.310349964000668,0.058726760895824834,0.1367607199208719
26-Jan-2000 15:00:00,1.3070415550343135,0.05871209463902385,0.13658628806997825
26-Jan-2000 15:05:00,1.3027712629045416,0.058697827785434364,0.13636487846168097
26-Jan-2000 15:10:00,1.2978866742934607,0.0586839428353149,0.13610378293524314
26-Jan-2000 15:15:00,1.292849793480483,0.058670426982259626,0.1358304955897084
26-Jan-2000 15:20:00,1.2878706341395851,0.058657268314555554,0.13555841839784416
26-Jan-2000 15:25:00,1.2830274633368242,0.058644455161065465,0.1352927366386794
26-Jan-2000 15:30:00,1.2783451036613116,0.05863197613400114,0.13503519662837257
26-Jan-2000 15:35:00,1.273827510110282,0.0586198202079783,0.13478619904297193
26-Jan-2000 15:40:00,1.269470821657668,0.05860797675656151,0.1345456289383885
26-Jan-2000 15:45:00,1.2652684934569975,0.05859643555884181,0.13431318771303383
26-Jan-2000 15:50:00,1.2612132346432294,0.05858518679149128,0.13408851948625317
26-Jan-2000 15:55:00,1.2572975592825315,0.05857422101490393,0.1338712533263599
26-Jan-2000 16:00:00,1.2534135197364482,0.058563529921326525,0.1336583088039669
26-Jan-2000 16:05:00,1.2491206869847749,0.05855061292020521,0.13342519683445458
26-Jan-2000 16:10:00,1.2445691137896304,0.05853543628273547,0.13317446704236216
26-Jan-2000 16:15:00,1.239979952120266,0.058522099438268804,0.1329194789828779
26-Jan-2000 16:20:00,1.2354558357829395,0.05851065141886181,0.13266694262824505
26-Jan-2000 16:25:00,1.2310351283904335,0.05850042775031091,0.13241970818562349
26-Jan-2000 16:30:00,1.2267287854756417,0.05849092587642414,0.13217823725474287
26-Jan-2000 16:35:00,1.2225368502210434,0.058481866618037386,0.13194255097014787
26-Jan-2000 16:40:00,1.2184559112777378,0.05847311317680484,0.1317127419465085
26-Jan-2000 16:45:00,1.214481228841906,0.05846460210046571,0.13148855226069317
26-Jan-2000 16:50:00,1.2106077191855042,0.05845630378963664,0.1312697260131522
26-Jan-2000 16:55:00,1.2068303322105045,0.05844820320342309,0.13105600428358724
26-Jan-2000 17:00:00,1.2031441873932884,0.0584402912707473,0.13084713453374522
26-Jan-2000 17:05:00,1.199544613954076,0.05843256131495605,0.13064287386774912
26-Jan-2000 17:10:00,1.196026914234609,0.05842500764464299,0.1304429794137723
26-Jan-2000 17:15:00,1.192586685347363,0.05841762502411922,0.13024721585749421
26-Jan-2000 17:20:00,1.1892199153435847,0.058410408482174665,0.13005537072503975
26-Jan-2000 17:25:00,1.185922848917441,0.05840335324426172,0.12986724564844498
26-Jan-2000 17:30:00,1.1826919211433218,0.058396454707221025,0.12968265177378055
26-Jan-2000 17:35:00,1.1795237615288723,0.05838970842780268,0.12950140986116782
26-Jan-2000 17:40:00,1.1764151951609563,0.058383110115345964,0.1293233506590055
26-Jan-2000 17:45:00,1.1733632236712943,0.05837665562564421,0.1291483140660365
26-Jan-2000 17:50:00,1.1703650066154256,0.058370340955224684,0.1289761481024332
26-Jan-2000 17:55:00,1.167417748597301,0.05836416223584584,0.12880670463240665
26-Jan-2000 18:00:00,1.1645187516648254,0.010578461233385758,0.12863983619116828
26-Jan-2000 18:05:00,1.1616655769140773,0.007994769664157297,0.12847541205584978
26-Jan-2000 18:10:00,1.158854712142966,0.007535978969673408,0.1283132639049546
26-Jan-2000 18:15:00,1.1560780440655973,0.007410134710517076,0.12815299414449163
26-Jan-2000 18:20:00,1.1533224808060891,0.007341300494569666,0.1279938941731937
26-Jan-2000 18:25:00,1.150573864683272,0.007282060816056119,0.12783514355738657
26-Jan-2000 18:30:00,1.1478202546270022,0.007224631595474299,0.12767602112496032
26-Jan-2000 18:35:00,1.1450530052119214,0.007168137906765188,0.12751598836376107
26-Jan-2000 18:40:00,1.1422666492856142,0.007217883550602153,0.1273546930016356
26-Jan-2000 18:45:00,1.1394581841604718,0.007341726863762658,0.12719450989300327
26-Jan-2000 18:50:00,1.1366261715639143,0.007443342674470717,0.1270304198563785
26-Jan-2000 18:55:00,1.1337703219875377,0.007511488101014772,0.12686451728951698
26-Jan-2000 19:00:00,1.130999094972995,0.007550169169952248,0.12669975188624874
26-Jan-2000 19:05:00,1.128982169044273,0.007565107188975854,0.12657104783493373
26-Jan-2000 19:10:00,1.1277321136619491,0.00756245615730735,0.12649111126766482
26-Jan-2000 19:15:00,1.1268044158414612,0.007547003869704747,0.12643471732444578
26-Jan-2000 19:20:00,1.1259334044738039,0.007522227225716495,0.12638386149502406
26-Jan-2000 19:25:00,1.125007067253129,0.0074906857224063435,0.12633063319624505
26-Jan-2000 19:30:00,1.1239849691102803,0.007454280664879178,0.1262720719371102
26-Jan-2000 19:35:00,1.1228563127137459,0.007414425028493458,0.12620730005092443
26-Jan-2000 19:40:00,1.1216218808548175,0.007372165370562656,0.12613626306374112
26-Jan-2000 19:45:00,1.1202866853011664,0.007328273591372656,0.12605921243004636
26-Jan-2000 19:50:00,1.1188570688591422,0.007283316729192747,0.12597650042399694
26-Jan-2000 19:55:00,1.1173395962518515,0.007237709814800212,0.1258885011489898
26-Jan-2000 20:00:00,1.1155482060274042,0.007191812839391906,0.12579047715393987
26-Jan-2000 20:05:00,1.1126603763100276,0.007145996271731294,0.12563433490440165
26-Jan-2000 20:10:00,1.1089761663214601,0.007100278164108473,0.1254245413934015
26-Jan-2000 20:15:00,1.104932150466439,0.007054662267335908,0.12518911580392122
26-Jan-2000 20:20:00,1.1007414106078368,0.007009202756253636,0.12494277495310024
26-Jan-2000 20:25:00,1.0964940937986625,0.006963965039558826,0.12469185044110884
26-Jan-2000 20:30:00,1.0922273459017164,0.0069190054663611274,0.12443895755370762
26-Jan-2000 20:35:00,1.0879568687101502,0.006874366672163184,0.12418519345312323
26-Jan-2000 20:40:00,1.083689858127996,0.006830078847024639,0.12393105125719465
26-Jan-2000 20:45:00,1.079430104265498,0.006786162384913337,0.12367640784988396
26-Jan-2000 20:50:00,1.0751796399078197,0.006742630387436413,0.12342180202846552
26-Jan-2000 20:55:00,1.0709401192683956,0.006699490660140318,0.12316741073728783
26-Jan-2000 21:00:00,1.0664615119164993,0.006656820753170987,0.12290650407344808
26-Jan-2000 21:05:00,1.0606274744623887,0.006614840764168421,0.12257286051508685
26-Jan-2000 21:10:00,1.0537320012805709,0.006573381898035912,0.12216620699492982
26-Jan-2000 21:15:00,1.0463566754227427,0.006532274779037046,0.12172329375704229
26-Jan-2000 21:20:00,1.0388214095000587,0.015480717308525696,0.12126616791043827
26-Jan-2000 21:25:00,1.0312742546883518,0.02080699267933804,0.12080530660414392
26-Jan-2000 21:30:00,1.023779086992822,0.019919553498630446,0.12034532765756463
26-Jan-2000 21:35:00,1.01637480469849,0.026694427675060205,0.11988844478562151
26-Jan-2000 21:40:00,1.0093178153969478,0.02986108459824878,0.119446543492387
26-Jan-2000 21:45:00,1.0028082796708344,0.028478842365134927,0.11903720569790155
26-Jan-2000 21:50:00,0.9966822742334992,0.027466906538936253,0.11865151405931199
26-Jan-2000 21:55:00,0.9916071661384045,0.02666703958957368,0.11831513027768811
26-Jan-2000 22:00:00,0.9882901954099442,0.025979952452567418,0.1180921428686092
26-Jan-2000 22:05:00,0.9847344016539114,0.025382905703466144,0.11787994516659166
26-Jan-2000 22:10:00,0.9802556060444427,0.024847762376024707,0.11761020055812933
26-Jan-2000 22:15:00,0.974986217632169,0.024356559888037616,0.11728792127514628
26-Jan-2000 22:20:00,0.9690779573017594,0.023898360852287363,0.11692269108828732
26-Jan-2000 22:25:00,0.9626427258499236,0.023466451624642753,0.11652166312094318
26-Jan-2000 22:30:00,0.9557644160132172,0.02305657344403548,0.11609009981174392
26-Jan-2000 22:35:00,0.9485097588080006,0.022665901048866732,0.11563209636665897
26-Jan-2000 22:40:00,0.9409351374230153,0.027719754427311928,0.11515107092875539
26-Jan-2000 22:45:00,0.9331100600227835,0.03015851521644298,0.1146503676165058
26-Jan-2000 22:50:00,0.9255370425689831,0.02910573791452557,0.11415341734231217
26-Jan-2000 22:55:00,0.9191498297460335,0.02825479711765055,0.11371977855182336
26-Jan-2000 23:00:00,0.9144799640791066,0.03283771395726277,0.11339446417061474
26-Jan-2000 23:05:00,0.9107448360255976,0.034651858283039044,0.11314414298101282
26-Jan-2000 23:10:00,0.9075830704457073,0.03850491876944054,0.11292720632144845
26-Jan-2000 23:15:00,0.9054916897090555,0.03961520333821166,0.11277367865555331
26-Jan-2000 23:20:00,0.905600641218976,0.04482771348610533,0.11274324494658138
26-Jan-2000 23:25:00,0.908461300532229,0.04598048466723976,0.11289987143356997
26-Jan-2000 23:30:00,0.9128348565763746,0.04394592715879417,0.11317248869337505
26-Jan-2000 23:35:00,0.9171455928782342,0.04231422580829034,0.11346329511495731
26-Jan-2000 23:40:00,0.920088171663341,0.0409288984488803,0.11367580365372704
26-Jan-2000 23:45:00,0.9212709617693543,0.03970124932399496,0.11377616607177019
26-Jan-2000 23:50:00,0.9207001582867876,0.04527461705498681,0.11376127500587485
26-Jan-2000 23:55:00,0.9185498046810876,0.0600136172804326,0.11364112213476937
27-Jan-2000 00:00:00,0.9150355665804046,0.0792959949652853,0.11342919555261567
27-Jan-2000 00:05:00,0.9104284372919815,0.07944839052424289,0.11314027222113555
27-Jan-2000 00:10:00,0.9061894600966014,0.07889272456745268,0.11284330714787062
27-Jan-2000 00:15:00,0.9063521535501005,0.07602678374622827,0.11277140317967327
27-Jan-2000 00:20:00,0.913936204699899,0.07809044754274423,0.11317063095949478
27-Jan-2000 00:25:00,0.9268202401571245,0.0760307172569301,0.1139590850877793
27-Jan-2000 00:30:00,0.9417462978676118,0.08122149841819182,0.11490921717175452
27-Jan-2000 00:35:00,0.9558239028575652,0.09040145751139607,0.11583686112318022
27-Jan-2000 00:40:00,0.966888344460611,0.08797090102166896,0.11658221536362597
27-Jan-2000 00:45:00,0.975260463340867,0.0824763415679557,0.11713862420372095
27-Jan-2000 00:50:00,0.9821625993415307,0.07791513627716212,0.11758849333764217
27-Jan-2000 00:55:00,0.9875604372466958,0.07387649375477659,0.11794846996644119
27-Jan-2000 01:00:00,0.9918293572619,0.07026651790905655,0.11822383561995783
27-Jan-2000 01:05:00,0.9952026744396371,0.06701196638955764,0.11845055724819932
27-Jan-2000 01:10:00,0.9968195019735567,0.06399789824244151,0.11857551672193352
27-Jan-2000 01:15:00,0.9964396176935666,0.06122245122621394,0.1185763333744401
27-Jan-2000 01:20:00,0.9942491026183565,0.05867605038708352,0.11846134522227791
27-Jan-2000 01:25:00,0.9904423888550556,0.05632395549667743,0.11824293989461752
27-Jan-2000 01:30:00,0.9852330900128476,0.05413035644558887,0.11793357461711654
27-Jan-2000 01:35:00,0.9788330468424115,0.05207153922494385,0.1175460284756249
27-Jan-2000 01:40:00,0.9714317106277983,0.05017119059851182,0.11709179559210649
27-Jan-2000 01:45:00,0.9631924859818907,0.04841602108701668,0.11658078217779513
27-Jan-2000 01:50:00,0.9542531329297853,0.04676752377176703,0.11602132669902772
27-Jan-2000 01:55:00,0.9447296705942756,0.045207844872288155,0.11542039280957554
27-Jan-2000 02:00:00,0.9347215927620944,0.04372818617268399,0.11478393537838569
27-Jan-2000 02:05:00,0.9243134867045129,0.04235524695687794,0.11411702339634776
27-Jan-2000 02:10:00,0.9135758713555779,0.04108386762790839,0.11342387412239471
27-Jan-2000 02:15:00,0.9025697028649328,0.03990226670145132,0.1127081185302645
27-Jan-2000 02:20:00,0.8913458861298845,0.03880119074149349,0.11197281158683005
27-Jan-2000 02:25:00,0.8799477751111927,0.03775461437755153,0.11122051863033651
27-Jan-2000 02:30:00,0.8684140090639185,0.03673684331034093,0.11045354582278027
27-Jan-2000 02:35:00,0.8567765816929912,0.035768792407253384,0.1096738341457254
27-Jan-2000 02:40:00,0.845063219634164,0.03482882691293268,0.10888303082953324
27-Jan-2000 02:45:00,0.833297238178931,0.03394442803662554,0.10808255285537019
27-Jan-2000 02:50:00,0.821498226947481,0.03311196322556805,0.1072735655914037
27-Jan-2000 02:55:00,0.8097084335880423,0.046546687201327874,0.10645768286545194
27-Jan-2000 03:00:00,0.7985430126552605,0.0651461751234382,0.10566402380330067
27-Jan-2000 03:05:00,0.7891873348665986,0.06618227137431713,0.10497928053675479
27-Jan-2000 03:10:00,0.7817785035291274,0.06847996789364881,0.10442974276570606
27-Jan-2000 03:15:00,0.7762634060994357,0.06716485719818466,0.10401172902237638
27-Jan-2000 03:20:00,0.7721292100806812,0.06374203799411014,0.10370431530624691
27-Jan-2000 03:25:00,0.7682786026478595,0.060850644098355285,0.10343023140693154
27-Jan-2000 03:30:00,0.7641034067703314,0.05829541451917827,0.10313812787789962
27-Jan-2000 03:35:00,0.7593982462268014,0.05593920497392596,0.10280871362702235
27-Jan-2000 03:40:00,0.7541390586136185,0.05376932041257955,0.10243810689524425
27-Jan-2000 03:45:00,0.7483684487974704,0.051738744098476064,0.10202834174023263
27-Jan-2000 03:50:00,0.7421472051963206,0.05637206999035095,0.10158324804932106
27-Jan-2000 03:55:00,0.7355364134956633,0.10619414392981955,0.10110686127005634
27-Jan-2000 04:00:00,0.7286904271172997,0.17947813536303756,0.10059829713125942
27-Jan-2000 04:05:00,0.7229605720462082,0.2302362332058045,0.10014670406280572
27-Jan-2000 04:10:00,0.7220368083942369,0.21388645161033093,0.09997007718812055
27-Jan-2000 04:15:00,0.7458827783461431,0.20918066586631845,0.1012089867247222
27-Jan-2000 04:20:00,0.8170445612248941,0.22119309222234967,0.10559930457462631
27-Jan-2000 04:25:00,0.9273778831468399,0.2265820125682841,0.11265662497620552
27-Jan-2000 04:30:00,1.0566356838208442,0.227162288508689,0.12071866512335032
27-Jan-2000 04:35:00,1.190726293801476,0.21737639831196562,0.12877491229002325
27-Jan-2000 04:40:00,1.3157914915605955,0.1983929088918935,0.135803859313474
27-Jan-2000 04:45:00,1.4524716643355244,0.1804434187201208,0.1430200707963826
27-Jan-2000 04:50:00,1.5752092884866769,0.16304865141094657,0.14929794426407156
27-Jan-2000 04:55:00,1.687834766800319,0.14811138196985563,0.1548610930616893
27-Jan-2000 05:00:00,1.7957356736544634,0.13455216776428353,0.1600368631455668
27-Jan-2000 05:05:00,1.8860535464927008,0.12338938079356625,0.16428258010467392
27-Jan-2000 05:10:00,1.950836108472195,0.1151223800323354,0.16728254585193597
27-Jan-2000 05:15:00,2.007082933695318,0.10701459884204904,0.16987940241887028
27-Jan-2000 05:20:00,2.0472830397408655,0.09991982794475421,0.17173493522603409
27-Jan-2000 05:25:00,2.0740002560595583,0.10104303888225466,0.1729738759112423
27-Jan-2000 05:30:00,2.0900464827263976,0.11014579925068542,0.173729894951713
27-Jan-2000 05:35:00,2.097898918171857,0.12827650099092236,0.17411933524448056
27-Jan-2000 05:40:00,2.0991562812452895,0.13846571860617607,0.17421908910228096
27-Jan-2000 05:45:00,2.0957824801864664,0.15209622733639833,0.17409732624277977
27-Jan-2000 05:50:00,2.0955062226210757,0.1718325596607982,0.17402295731820963
27-Jan-2000 05:55:00,2.1144274945731745,0.18712739707510317,0.174636778717936
27-Jan-2000 06:00:00,2.168221882301387,0.1976070849254257,0.1765893952351619
27-Jan-2000 06:05:00,2.276447376604321,0.18888741396194308,0.1807230782954375
27-Jan-2000 06:10:00,2.4170237957927587,0.17641249244613877,0.18627754359026422
27-Jan-2000 06:15:00,2.5458295570241694,0.17107566353135922,0.1913578872039545
27-Jan-2000 06:20:00,2.673648893527152,0.1668698805058691,0.19630551681093877
27-Jan-2000 06:25:00,2.7877675786852394,0.16336755577770887,0.20063729729971927
27-Jan-2000 06:30:00,2.8911825833310765,0.15596000714642044,0.2044674806619141
27-Jan-2000 06:35:00,2.97639840619068,0.14556789355807487,0.20759416820131388
27-Jan-2000 06:40:00,3.053534906437526,0.1352334906143816,0.2104296983627803
27-Jan-2000 06:45:00,3.1120479324617047,0.12672763308970972,0.21257049906332703
27-Jan-2000 06:50:00,3.1489639784551087,0.12038129348236074,0.2139396505800609
27-Jan-2000 06:55:00,3.175009361198624,0.11423271578412204,0.21492425128573087
27-Jan-2000 07:00:00,3.188494981942463,0.10890591748909219,0.21545096437345196
27-Jan-2000 07:05:00,3.1933026754978826,0.10425031313995198,0.2156626082588305
27-Jan-2000 07:10:00,3.1908799823591893,0.10016293752261178,0.21561952128928266
27-Jan-2000 07:15:00,3.1824952822763435,0.09653790944432541,0.21536436559118075
27-Jan-2000 07:20:00,3.1693869352183466,0.09330996046132867,0.21493961355859886
27-Jan-2000 07:25:00,3.1525830253507614,0.09046887644062236,0.21438126136932711
27-Jan-2000 07:30:00,3.132882357094768,0.08793792379583006,0.21371700265560578
27-Jan-2000 07:35:00,3.1109286590513388,0.08564399120708664,0.21296901262517945
27-Jan-2000 07:40:00,3.087259355906655,0.08359355195004316,0.21215552537812607
27-Jan-2000 07:45:00,3.0623286287474056,0.08175560183790175,0.21129256879751016
27-Jan-2000 07:50:00,3.036436718319589,0.08008716980264581,0.21039062372186323
27-Jan-2000 07:55:00,3.009844629408189,0.07857749925877071,0.2094586057765499
27-Jan-2000 08:00:00,2.9827749432669424,0.07718911223819605,0.20850423452844194
27-Jan-2000 08:05:00,2.9554133567417895,0.07592708507735718,0.20753402638031698
27-Jan-2000 08:10:00,2.927913925042382,0.07477974402452442,0.20655344723804972
27-Jan-2000 08:15:00,2.9004040158736397,0.07706186188916177,0.20556708330487866
27-Jan-2000 08:20:00,2.872987968253272,0.07689478969656323,0.20457874866092832
27-Jan-2000 08:25:00,2.8457524132612386,0.07551037678105481,0.20359165481106678
27-Jan-2000 08:30:00,2.818771229267581,0.07435180353498595,0.20260858404365736
27-Jan-2000 08:35:00,2.7921098106402207,0.07332839368395813,0.2016320236420174
27-Jan-2000 08:40:00,2.765868019079362,0.07240255570836342,0.2006648342774014
27-Jan-2000 08:45:00,2.7408808769839426,0.0715527079133624,0.1997316028780337
27-Jan-2000 08:50:00,2.717566404058817,0.07077321986989311,0.19885786122358132
27-Jan-2000 08:55:00,2.6961025614739573,0.07005669340747683,0.19804406546649037
27-Jan-2000 09:00:00,2.677546651678258,0.06940267532319613,0.19732926316496194
27-Jan-2000 09:05:00,2.661724480849711,0.0687980424235767,0.19672332535870257
27-Jan-2000 09:10:00,2.646796621687296,0.06822742619857364,0.19615971048462486
27-Jan-2000 09:15:00,2.6318242383986994,0.07069354446780929,0.19559654431858356
27-Jan-2000 09:20:00,2.6165384406898187,0.0709749154114437,0.19502068178579832
27-Jan-2000 09:25:00,2.6009802354584908,0.07431998710552741,0.19443118429462766
27-Jan-2000 09:30:00,2.586367238902582,0.0746329130534181,0.19386136256270645
27-Jan-2000 09:35:00,2.5769062653449084,0.0790222012240157,0.19345085582022806
27-Jan-2000 09:40:00,2.5770444148447633,0.0864713473427238,0.19338591243975722
27-Jan-2000 09:45:00,2.5869699851043744,0.08988049527760762,0.19370491969969936
27-Jan-2000 09:50:00,2.604605225289187,0.08815276778518967,0.19433180218040758
27-Jan-2000 09:55:00,2.6263392610347602,0.09051627077174888,0.19514145082442425
27-Jan-2000 10:00:00,2.648941042891311,0.09950367027034723,0.19599250826239262
27-Jan-2000 10:05:00,2.670382180818416,0.1089527510965727,0.19681573312215916
27-Jan-2000 10:10:00,2.6908095939116987,0.1469274007959299,0.19759564281656308
27-Jan-2000 10:15:00,2.7097286550323436,0.2008416705319963,0.19827061460332596
27-Jan-2000 10:20:00,2.7573304745061233,0.24551302366003752,0.19981170727714598
27-Jan-2000 10:25:00,2.8396739628637486,0.26386833073065047,0.20266683100419317
27-Jan-2000 10:30:00,2.9403905123843774,0.2374835130426776,0.20622909637839512
27-Jan-2000 10:35:00,3.0444549929948606,0.21414980081588497,0.20990962850876488
27-Jan-2000 10:40:00,3.1412428838027946,0.20573561327192202,0.21333237979775868
27-Jan-2000 10:45:00,3.2277579925132223,0.20154548514816406,0.2164101111580941
27-Jan-2000 10:50:00,3.294767832113735,0.19993534051567563,0.21878428343099157
27-Jan-2000 10:55:00,3.3503003029185665,0.22517622326732162,0.2207197673654229
27-Jan-2000 11:00:00,3.392310338485063,0.2726551827961215,0.22217679004994104
27-Jan-2000 11:05:00,3.4259879507061775,0.32055957746575664,0.22333455785267786
27-Jan-2000 11:10:00,3.456324367916201,0.36333581993262437,0.22434185192414915
27-Jan-2000 11:15:00,3.494140082979802,0.3867861133925089,0.2255186086450108
27-Jan-2000 11:20:00,3.551408553906496,0.41017775384069594,0.22726208438262466
27-Jan-2000 11:25:00,3.6315262192830025,0.4005069223768724,0.22975968763340895
27-Jan-2000 11:30:00,3.7239914075499905,0.40534128785112483,0.23268243025585603
27-Jan-2000 11:35:00,3.822432342437381,0.37531804260292817,0.23577901553981534
27-Jan-2000 11:40:00,3.9363366273867904,0.3160069528630345,0.239229713236999
27-Jan-2000 11:45:00,4.0610491794934775,0.26933543477275085,0.24304801781159527
27-Jan-2000 11:50:00,4.172965328051887,0.24420375297934493,0.2464895256503878
27-Jan-2000 11:55:00,4.263960191365017,0.2221344154662989,0.24928619533152155
27-Jan-2000 12:00:00,4.341973642661033,0.2065611110461014,0.2516570875959658
27-Jan-2000 12:05:00,4.402269385068577,0.19607765819986245,0.2534573134985144
27-Jan-2000 12:10:00,4.460237816448514,0.1823214259261546,0.25516748282439533
27-Jan-2000 12:15:00,4.508801327188908,0.17158391432008382,0.2565899451211635
27-Jan-2000 12:20:00,4.556928587284926,0.16200477866146143,0.25799199242301507
27-Jan-2000 12:25:00,4.597093644219306,0.1783749002274815,0.2591719761590739
27-Jan-2000 12:30:00,4.63195787208605,0.22209465896417763,0.26018735450069336
27-Jan-2000 12:35:00,4.663545217823992,0.2602518631217575,0.2611051202017668
27-Jan-2000 12:40:00,4.692011698673414,0.24029578519728345,0.26189888318435806
27-Jan-2000 12:45:00,4.729040727825644,0.2122414014532976,0.2628858681526172
27-Jan-2000 12:50:00,4.782498913484511,0.1898633269734986,0.2643104314059725
27-Jan-2000 12:55:00,4.844224049469366,0.17260954017700825,0.2660130845207224
27-Jan-2000 13:00:00,4.904801943911104,0.16339435688679685,0.2677318852353555
27-Jan-2000 13:05:00,4.953824041140882,0.1510997212733918,0.2691194453241472
27-Jan-2000 13:10:00,4.9899068102915605,0.14082852039672022,0.2700714288521482
27-Jan-2000 13:15:00,5.0,0.13141063714359333,0.27056840604068033
27-Jan-2000 13:20:00,5.0,0.12436481869383116,0.2705690253595274
27-Jan-2000 13:25:00,5.0,0.11772434640072293,0.270569025552152
27-Jan-2000 13:30:00,5.0,0.11193830506236169,0.27056902555161577
27-Jan-2000 13:35:00,5.0,0.10692366378644026,0.2705690255516151
27-Jan-2000 13:40:00,4.999932997383116,0.10251406109633625,0.27056885557505567
27-Jan-2000 13:45:00,4.997742278447166,0.09865344217107054,0.2705226618610774
27-Jan-2000 13:50:00,4.992982045478474,0.09519637817622918,0.2704033699269704
27-Jan-2000 13:55:00,4.98600885366478,0.09214824932599776,0.27022182227711394
27-Jan-2000 14:00:00,4.9765900402799845,0.0894376358605779,0.2699807188268595
27-Jan-2000 14:05:00,4.962657974461709,0.08697544880472327,0.26961517837895593
27-Jan-2000 14:10:00,4.945911210872771,0.0847702372113747,0.26916503990528484
27-Jan-2000 14:15:00,4.927689195092193,0.08280728920381793,0.26866933713656777
27-Jan-2000 14:20:00,4.908507121820428,0.08104644320015489,0.2681450827390757
27-Jan-2000 14:25:00,4.888704237303262,0.07944614758847274,0.2676014845135482
27-Jan-2000 14:30:00,4.8683612301334565,0.08147797628237549,0.2670412509481861
27-Jan-2000 14:35:00,4.847655323863391,0.08093113448845897,0.2664696173978966
27-Jan-2000 14:40:00,4.826674050691941,0.0838983680416686,0.2658876266764937
27-Jan-2000 14:45:00,4.80622851329182,0.08343052718354459,0.2653136252900226
27-Jan-2000 14:50:00,4.78883867916134,0.08140422958426746,0.2648098232683969
27-Jan-2000 14:55:00,4.775943183902499,0.08322756979826257,0.26442984725829594
27-Jan-2000 15:00:00,4.767980367461707,0.08249632497411519,0.264185978716305
27-Jan-2000 15:05:00,4.763637941616694,0.08058897928306533,0.26404897819153494
27-Jan-2000 15:10:00,4.764962051426855,0.08247384073836149,0.26405285907509674
27-Jan-2000 15:15:00,4.774576218490442,0.08181513772951923,0.26428552565154334
27-Jan-2000 15:20:00,4.789690123327238,0.0799835044702697,0.2646910634653149
27-Jan-2000 15:25:00,4.80913637751913,0.07842943376567574,0.26520997837928884
27-Jan-2000 15:30:00,4.833567353231932,0.08169716231961971,0.2658715344388745
27-Jan-2000 15:35:00,4.858860158083531,0.08146894147824321,0.2665800974027794
27-Jan-2000 15:40:00,4.881427229533573,0.09065711548677473,0.26721920138299016
27-Jan-2000 15:45:00,4.899146935233202,0.10401950139402216,0.2677341888522421
27-Jan-2000 15:50:00,4.912165789377185,0.11075274384036286,0.26810948580131677
27-Jan-2000 15:55:00,4.920927187927232,0.10753511950515984,0.2683724941828072
27-Jan-2000 16:00:00,4.924336205759677,0.10784614924014727,0.2684913099199901
27-Jan-2000 16:05:00,4.9219970193447,0.10469796775343275,0.26845056112722276
27-Jan-2000 16:10:00,4.915068487340929,0.10037379614234433,0.2682779971720407
27-Jan-2000 16:15:00,4.904493320086856,0.10304721336824263,0.2680009543162189
27-Jan-2000 16:20:00,4.891050318493374,0.10090277987397048,0.26764196848095817
27-Jan-2000 16:25:00,4.875254780410112,0.09698253917364934,0.2672148419885229
27-Jan-2000 16:30:00,4.857549132335962,0.09365064337360968,0.26673292748043614
27-Jan-2000 16:35:00,4.838303130819604,0.09075410831963039,0.26620548576586117
27-Jan-2000 16:40:00,4.817755360307427,0.08818219402069043,0.26564003343156817
27-Jan-2000 16:45:00,4.796202350561515,0.0858521384878623,0.26504418920504774
27-Jan-2000 16:50:00,4.773773624413478,0.08377018596411906,0.26442173307789313
27-Jan-2000 16:55:00,4.750686488238574,0.08190487929027634,0.2637789023499694
27-Jan-2000 17:00:00,4.7270559551320135,0.08021423938433103,0.2631182330518518
27-Jan-2000 17:05:00,4.7030039390269955,0.07868359551731641,0.26244407269308084
27-Jan-2000 17:10:00,4.6786414266936625,0.07727870596245819,0.26175853635303525
27-Jan-2000 17:15:00,4.654008244762439,0.07600058768723758,0.2610635883562247
27-Jan-2000 17:20:00,4.629230517703985,0.07483904200288047,0.260362159119934
27-Jan-2000 17:25:00,4.604308839803703,0.07378090714903086,0.25965450500044884
27-Jan-2000 17:30:00,4.579347897941955,0.0728148159785717,0.25894375800343633
27-Jan-2000 17:35:00,4.554356421312306,0.07192836690713325,0.25822962794937787
27-Jan-2000 17:40:00,4.529387779203196,0.07111321717830438,0.2575144673921181
27-Jan-2000 17:45:00,4.504487820357605,0.07036430287352755,0.25679863578715917
27-Jan-2000 17:50:00,4.479653012924608,0.06967496389910982,0.2560830099984278
27-Jan-2000 17:55:00,4.454957065527045,0.06903931445734214,0.2553689745872125
27-Jan-2000 18:00:00,4.430363380276856,0.03716556299508373,0.25465593988692936
27-Jan-2000 18:05:00,4.405946833603084,0.036175270847235354,0.2539460544176885
27-Jan-2000 18:10:00,4.381675076173368,0.035173324326335735,0.25323807042317314
27-Jan-2000 18:15:00,4.357586776244797,0.03449422786451244,0.25253386262617755
27-Jan-2000 18:20:00,4.3336796671528965,0.0338215342296927,0.2518324621069624
27-Jan-2000 18:25:00,4.309943138090736,0.03310217459154236,0.2511349592304281
27-Jan-2000 18:30:00,4.286423371954503,0.03237441255964527,0.25044162347638743
27-Jan-2000 18:35:00,4.2630694577655746,0.03165897137472063,0.2497515800502272
27-Jan-2000 18:40:00,4.239952377218793,0.03096637977120057,0.24906646778765498
27-Jan-2000 18:45:00,4.21701016723467,0.030301514609073682,0.24838411037526273
27-Jan-2000 18:50:00,4.19430513624772,0.029666146547023417,0.24770707863593575
27-Jan-2000 18:55:00,4.171796901575684,0.02903641351803074,0.24703363227212374
27-Jan-2000 19:00:00,4.149637413813485,0.02841440711818025,0.24636750242537372
27-Jan-2000 19:05:00,4.128366805741133,0.027821215566081987,0.24572420650547386
27-Jan-2000 19:10:00,4.10774230963786,0.027255895341808663,0.24510116083906516
27-Jan-2000 19:15:00,4.087527821929122,0.026697202091978317,0.24448938564826822
27-Jan-2000 19:20:00,4.067543798736876,0.026151828230526298,0.2438838112218988
27-Jan-2000 19:25:00,4.047813045927326,0.025630920299033435,0.24328436248949253
27-Jan-2000 19:30:00,4.028251558479924,0.02513318786898141,0.24268863040657532
27-Jan-2000 19:35:00,4.008914511720556,0.024657251252465984,0.2420984997843416
27-Jan-2000 19:40:00,3.9897507822513485,0.024201841678849537,0.24151187203824098
27-Jan-2000 19:45:00,3.9707884649639253,0.02376579032211536,0.24093049781979586
27-Jan-2000 19:50:00,3.952016787941336,0.023348017266868484,0.2403530061028998
27-Jan-2000 19:55:00,3.933422887075887,0.022947521559989695,0.23978020336643555
27-Jan-2000 20:00:00,3.9147838512593287,0.02256364251613775,0.2392078468278999
27-Jan-2000 20:05:00,3.8949942912437185,0.02219594939123279,0.23860195167382978
27-Jan-2000 20:10:00,3.8745298680618507,0.02184300862322191,0.23796951767491137
27-Jan-2000 20:15:00,3.853875385798455,0.021503798926040884,0.2373276395853886
27-Jan-2000 20:20:00,3.833334905871019,0.021177587418271356,0.2366867783280717
27-Jan-2000 20:25:00,3.812939301916559,0.020863756979504103,0.23604827879860105
27-Jan-2000 20:30:00,3.7927669173834375,0.020559837242652198,0.23541526419682593
27-Jan-2000 20:35:00,3.772790910376793,0.02025259476384988,0.2347862748670441
27-Jan-2000 20:40:00,3.753031741288712,0.01995373135678565,0.2341666790650999
27-Jan-2000 20:45:00,3.7334850328544507,0.01966441284949228,0.23355101616387963
27-Jan-2000 20:50:00,3.7141322064439066,0.019384254391359258,0.23293727940148373
27-Jan-2000 20:55:00,3.6950012161305366,0.019112856473847025,0.23232838044674947
27-Jan-2000 21:00:00,3.6756957773663834,0.018850198102315505,0.231718513564683
27-Jan-2000 21:05:00,3.654746392695625,0.01859658995086705,0.23105936864135693
27-Jan-2000 21:10:00,3.6326097015384744,0.01835084963259584,0.23035494143317997
27-Jan-2000 21:15:00,3.6101424281780488,0.0181121969389581,0.22963416319608465
27-Jan-2000 21:20:00,3.5876555153929557,0.017872757696669617,0.2289090711997517
27-Jan-2000 21:25:00,3.565355907572689,0.017636538612961123,0.2281873431364874
27-Jan-2000 21:30:00,3.543245502196351,0.017406237225455735,0.2274690000952284
27-Jan-2000 21:35:00,3.5213815819213425,0.017181794655156825,0.22675676856667232
27-Jan-2000 21:40:00,3.4997403671717033,0.0169630370406596,0.22604905199422587
27-Jan-2000 21:45:00,3.4783332354156316,0.016749785923411913,0.22534739267257672
27-Jan-2000 21:50:00,3.457157364309885,0.016541864180690265,0.22465054329693868
27-Jan-2000 21:55:00,3.436191855024458,0.016339097357227543,0.22395913374473278
27-Jan-2000 22:00:00,3.415057620168745,0.016141835800917624,0.2232662274676654
27-Jan-2000 22:05:00,3.391852464629441,0.015951123806563095,0.22251041829980886
27-Jan-2000 22:10:00,3.36709442002452,0.015765598460155118,0.22169215180856175
27-Jan-2000 22:15:00,3.3416788484321587,0.015584246273519904,0.2208456914413856
27-Jan-2000 22:20:00,3.316184101466743,0.015406674067379354,0.21999039452838323
27-Jan-2000 22:25:00,3.290771345982302,0.015232767124015539,0.21913376313556582
27-Jan-2000 22:30:00,3.2655957326695852,0.015062503665340248,0.21828148756539764
27-Jan-2000 22:35:00,3.240636452475879,0.014895872033428825,0.21743362263156693
27-Jan-2000 22:40:00,3.2159556581202935,0.014732844582366816,0.21659220071727936
27-Jan-2000 22:45:00,3.191512518884441,0.014573373235828491,0.2157552352682356
27-Jan-2000 22:50:00,3.167331455691686,0.014417393757704771,0.2149245552501266
27-Jan-2000 22:55:00,3.1433928299609306,0.014264834304541531,0.2140984653339845
27-Jan-2000 23:00:00,3.1196116116283847,0.014115793143910906,0.2132766714586939
27-Jan-2000 23:05:00,3.0956020248838803,0.013970611507774594,0.21244494269888534
27-Jan-2000 23:10:00,3.0713840704934903,0.013828754059373628,0.21160218765721917
27-Jan-2000 23:15:00,3.047172013377293,0.013689828989744569,0.2107547876153459
27-Jan-2000 23:20:00,3.0230313963268434,0.013553667571984123,0.2099064198436607
27-Jan-2000 23:25:00,2.9990643661932745,0.013420203639610565,0.20906009514027116
27-Jan-2000 23:30:00,2.9752711357032107,0.01328939898517596,0.20821668659839154
27-Jan-2000 23:35:00,2.95164623432337,0.013161217638927112,0.20737586745126207
27-Jan-2000 23:40:00,2.9281624420636008,0.013035616868333787,0.20653690721561577
27-Jan-2000 23:45:00,2.904783495817417,0.0129125467610634,0.2056984914347088
27-Jan-2000 23:50:00,2.8814852101844477,0.012791952044638922,0.204859671449248
27-Jan-2000 23:55:00,2.8582546136361557,0.012673774174897104,0.20401991366727365
28-Jan-2000 00:00:00,2.83508555109078,0.012557953083362574,0.20317894965695008
28-Jan-2000 00:05:00,2.811975429740244,0.012444428447814859,0.20233665316258403
28-Jan-2000 00:10:00,2.7889233670243745,0.012333140541013235,0.2014929673614653
28-Jan-2000 00:15:00,2.7659292602861485,0.01222403076170976,0.2006478674440587
28-Jan-2000 00:20:00,2.7429933541046574,0.012117041945533393,0.19980134296088942
28-Jan-2000 00:25:00,2.7201160406868525,0.012012118530712303,0.19895338965150405
28-Jan-2000 00:30:00,2.697297770942725,0.011909206631634838,0.19810400573038286
28-Jan-2000 00:35:00,2.674539019908945,0.011808254055639011,0.19725319038758593
28-Jan-2000 00:40:00,2.651842387815176,0.011705711569282344,0.1964009778711742
28-Jan-2000 00:45:00,2.629221473541847,0.011602608045766497,0.19554784333197253
28-Jan-2000 00:50:00,2.606673809033409,0.011501035632638814,0.19469379304545079
28-Jan-2000 00:55:00,2.584196104086849,0.011401167061664646,0.1938386522327632
28-Jan-2000 01:00:00,2.561789699330981,0.01130296950491446,0.19298243409995944
28-Jan-2000 01:05:00,2.5394578875907086,0.011206394770203435,0.19212524714056686
28-Jan-2000 01:10:00,2.51720297929171,0.011111398107422989,0.19126717596943554
28-Jan-2000 01:15:00,2.4950267628290512,0.011017938641159335,0.19040827862523996
28-Jan-2000 01:20:00,2.47293125665652,0.010925978380804342,0.18954862126523608
28-Jan-2000 01:25:00,2.450917834132239,0.010835481476928904,0.18868825413008739
28-Jan-2000 01:30:00,2.4289873716433106,0.010746413746661203,0.1878272029890953
28-Jan-2000 01:35:00,2.407140663444961,0.01065874237831584,0.1869654903979284
28-Jan-2000 01:40:00,2.385378380721843,0.01057243574346652,0.18610313476314455
28-Jan-2000 01:45:00,2.3637010523774924,0.01048746327220855,0.1852401491924177
28-Jan-2000 01:50:00,2.3421090651750003,0.010403795366351554,0.18437654131281106
28-Jan-2000 01:55:00,2.3206026814412075,0.010321403335618142,0.18351231369737223
28-Jan-2000 02:00:00,2.2991820592700565,0.010240259347983774,0.18264746465642248
28-Jan-2000 02:05:00,2.277847262918147,0.010160336388889224,0.18178198856351227
28-Jan-2000 02:10:00,2.256598276727239,0.010081608226169205,0.18091587632108258
28-Jan-2000 02:15:00,2.2354350139580608,0.01000404937881068,0.18004911568555906
28-Jan-2000 02:20:00,2.2143573268666907,0.009927635088416419,0.17918169156452196
28-Jan-2000 02:25:00,2.193365017061261,0.009852341292682707,0.1783135864199264
28-Jan-2000 02:30:00,2.17245783742269,0.009778144600450095,0.177444780318611
28-Jan-2000 02:35:00,2.151635499350988,0.009705022268082304,0.17657525113174727
28-Jan-2000 02:40:00,2.130897675004028,0.009632952176974649,0.17570497463985438
28-Jan-2000 02:45:00,2.110244004914416,0.009561912812082938,0.1748339246871086
28-Jan-2000 02:50:00,2.0896741108009644,0.009491883241380854,0.17396207372552097
28-Jan-2000 02:55:00,2.0691875959935566,0.009422843096180267,0.17308939288170655
28-Jan-2000 03:00:00,2.04885165576566,0.00935464658755396,0.17221724297552415
28-Jan-2000 03:05:00,2.029046105356729,0.009287001240506063,0.17136100026706194
28-Jan-2000 03:10:00,2.009763397747146,0.009220210356630931,0.17052439218070833
28-Jan-2000 03:15:00,1.9908107462717675,0.009154448083753989,0.16969940930900557
28-Jan-2000 03:20:00,1.972054177642322,0.009089728064462397,0.16887977903798912
28-Jan-2000 03:25:00,1.9534231860815356,0.00902501948191449,0.16806207488172925
28-Jan-2000 03:30:00,1.9348836170367731,0.008957663346602288,0.16724460486071632
28-Jan-2000 03:35:00,1.9164191735134881,0.00889033142503483,0.16642654756831426
28-Jan-2000 03:40:00,1.8980220127205194,0.008823738165087237,0.16560749607096423
28-Jan-2000 03:45:00,1.879688359397111,0.008757970194515184,0.1647872425025857
28-Jan-2000 03:50:00,1.86141648243897,0.008693012824078238,0.16396567827193523
28-Jan-2000 03:55:00,1.8432062449955084,0.008628840643496847,0.16314276407372266
28-Jan-2000 04:00:00,1.8252926797427862,0.00856519087315758,0.16232360338705054
28-Jan-2000 04:05:00,1.8089483411018004,0.008501532952114513,0.16156350200343972
28-Jan-2000 04:10:00,1.7940338124531168,0.008438438220014798,0.16087088129740573
28-Jan-2000 04:15:00,1.7798793191959057,0.008376244129656771,0.16021512548683167
28-Jan-2000 04:20:00,1.7660722884175204,0.008315005949216836,0.15957528917521605
28-Jan-2000 04:25:00,1.752415392901913,0.008254677899371314,0.15894100681235634
28-Jan-2000 04:30:00,1.738822336807103,0.00819519396110053,0.15830765463020346
28-Jan-2000 04:35:00,1.7252575334192282,0.008136494211994643,0.15767327960435293
28-Jan-2000 04:40:00,1.7117076659222388,0.008078530501121407,0.15703711299356873
28-Jan-2000 04:45:00,1.6981690606596056,0.008021265528806299,0.15639890311014046
28-Jan-2000 04:50:00,1.6846421807621217,0.007964670419086842,0.1557586226521322
28-Jan-2000 04:55:00,1.6711292315560453,0.007908722409001421,0.15511634091755594
28-Jan-2000 05:00:00,1.6579191953439616,0.007853273337654457,0.15447876411677575
28-Jan-2000 05:05:00,1.6464204638149913,0.007798005203509235,0.1539118026037664
28-Jan-2000 05:10:00,1.6363013184933803,0.007743216662224545,0.15341652693059563
28-Jan-2000 05:15:00,1.6268155516815526,0.0076891062843497645,0.15295544078175527
28-Jan-2000 05:20:00,1.617571447911985,0.007635713180615238,0.15250705503025438
28-Jan-2000 05:25:00,1.6084017054475137,0.007583014797982695,0.15206193774328017
28-Jan-2000 05:30:00,1.5992406653367348,0.0075309742681003555,0.1516163087989999
28-Jan-2000 05:35:00,1.5900649893482162,0.007479556515048361,0.1511687733936508
28-Jan-2000 05:40:00,1.5808683574990139,0.007428732128600686,0.15071890522018072
28-Jan-2000 05:45:00,1.5716511070044612,0.007378477273141726,0.1502666614272063
28-Jan-2000 05:50:00,1.5624160658557633,0.007328772617076655,0.14981214597080214
28-Jan-2000 05:55:00,1.5531669000594077,0.0072796022289760174,0.14935551514361692
28-Jan-2000 06:00:00,1.5441227334082959,0.0647530510574911,0.14890211606434353
28-Jan-2000 06:05:00,1.5362530807297656,0.06070568643322632,0.14850006598316765
28-Jan-2000 06:10:00,1.529264370005518,0.05919033964936794,0.14814633425062376
28-Jan-2000 06:15:00,1.5226514132399318,0.058592767011356024,0.14781404192872222
28-Jan-2000 06:20:00,1.51617247836348,0.058360441275801894,0.14748916888744956
28-Jan-2000 06:25:00,1.5097380609622677,0.05827236533573693,0.14716629659507457
28-Jan-2000 06:30:00,1.5033235587615352,0.0582391974756516,0.14684381440723965
28-Jan-2000 06:35:00,1.496927934874619,0.05822602179453431,0.14652154260545933
28-Jan-2000 06:40:00,1.4905571304540175,0.05821976627852605,0.14619975592494547
28-Jan-2000 06:45:00,1.4842164946780096,0.058215774130904695,0.145878745070173
28-Jan-2000 06:50:00,1.4779098544828566,0.05821248135802312,0.14555872015357788
28-Jan-2000 06:55:00,1.4716399967864955,0.05820940138573588,0.14523983817577063
28-Jan-2000 07:00:00,1.4656348335485025,0.05821092641858184,0.14492782365871612
28-Jan-2000 07:05:00,1.4608906441200815,0.05821184349665011,0.14467369699577676
28-Jan-2000 07:10:00,1.4570574496626305,0.058210441939593224,0.14447181602606624
28-Jan-2000 07:15:00,1.4536167037944976,0.05820814950137478,0.14429337871111975
28-Jan-2000 07:20:00,1.4503239184757732,0.05820553271921512,0.1441238431798593
28-Jan-2000 07:25:00,1.4470807270498798,0.058202816087230824,0.1439572526391796
28-Jan-2000 07:30:00,1.4438501248120708,0.05820008823717011,0.14379133380751336
28-Jan-2000 07:35:00,1.44061942801681,0.05819738379917011,0.1436252878574823
28-Jan-2000 07:40:00,1.4373888234674927,0.0581947159438107,0.14345899475434343
28-Jan-2000 07:45:00,1.4341651636078714,0.058192089322525294,0.1432928362745195
28-Jan-2000 07:50:00,1.4309492588313257,0.05818950521366999,0.14312687744466004
28-Jan-2000 07:55:00,1.427742037863648,0.05818696356882855,0.14296116581753748
28-Jan-2000 08:00:00,1.4245444584973486,0.05818446382627204,0.14279575132669325
28-Jan-2000 08:05:00,1.421357517455367,0.05818200523408007,0.14263068681320473
28-Jan-2000 08:10:00,1.4181821352687685,0.05817958697825597,0.14246602205773265
28-Jan-2000 08:15:00,1.4150191467119566,0.05817720823326428,0.14230180253975652
28-Jan-2000 08:20:00,1.4118693136309826,0.058174868181756934,0.14213807003640125
28-Jan-2000 08:25:00,1.4087331807290882,0.05817256602202488,0.14197486069646348
28-Jan-2000 08:30:00,1.4056100387576684,0.05817030097059968,0.1418121458229664
28-Jan-2000 08:35:00,1.4025002428539244,0.058168072262931775,0.1416499336502689
28-Jan-2000 08:40:00,1.3994044288890715,0.05816587915330995,0.14148825964365436
28-Jan-2000 08:45:00,1.3963231838388097,0.05816372091451037,0.14132715676967147
28-Jan-2000 08:50:00,1.3932570458190905,0.05816159683732168,0.1411666556383416
28-Jan-2000 08:55:00,1.3902064976169857,0.05815950623005065,0.14100678411498246
28-Jan-2000 09:00:00,1.3872838608535123,0.058157448273330886,0.14085043212156204
28-Jan-2000 09:05:00,1.3849655138206962,0.05815542230534648,0.14072289508029082
28-Jan-2000 09:10:00,1.3830671895146147,0.05815342795158122,0.14062040017502828
28-Jan-2000 09:15:00,1.3813409008570106,0.058151464563035944,0.14052863951930722
28-Jan-2000 09:20:00,1.3796725023178031,0.05814953148163413,0.1404405985944545
28-Jan-2000 09:25:00,1.3780167661558997,0.058147628083326915,0.14035345040805122
28-Jan-2000 09:30:00,1.3763572427810802,0.05814575377282296,0.14026614508348637
28-Jan-2000 09:35:00,1.3746887671227235,0.05814390797608134,0.14017834029838436
28-Jan-2000 09:40:00,1.3730103830437466,0.05814209013586364,0.14008995879813368
28-Jan-2000 09:45:00,1.3713226543333714,0.0581402997094642,0.14000102015514038
28-Jan-2000 09:50:00,1.3696266440106553,0.05813853616752672,0.13991157676509583
28-Jan-2000 09:55:00,1.367923537393957,0.05813679899334256,0.139821689658939
28-Jan-2000 10:00:00,1.366441589834885,0.058135087446123695,0.13973728462438165
28-Jan-2000 10:05:00,1.366134431245711,0.05813340103109352,0.13970957144407056
28-Jan-2000 10:10:00,1.366618597695333,0.058131739700396624,0.13972997371766513
28-Jan-2000 10:15:00,1.367403801238883,0.05813010294431822,0.1397697573135642
28-Jan-2000 10:20:00,1.3682688784172505,0.05812849022740337,0.1398151716443454
28-Jan-2000 10:25:00,1.3691276588055215,0.05812690105674875,0.13986077178478815
28-Jan-2000 10:30:00,1.3699491579890184,0.05812533497302456,0.13990457115283153
28-Jan-2000 10:35:00,1.3707236849264175,0.05812379153857499,0.13994592708803263
28-Jan-2000 10:40:00,1.3714494869746383,0.05812227033065002,0.13998470055137913
28-Jan-2000 10:45:00,1.37212767195329,0.058120770938149616,0.14002093495248719
28-Jan-2000 10:50:00,1.3727603179628716,0.05811929296006693,0.1400547363501594
28-Jan-2000 10:55:00,1.3733497797993919,0.05811783600470567,0.140086229409262
28-Jan-2000 11:00:00,1.3741413171648127,0.05811639949640284,0.14012179024592072
28-Jan-2000 11:05:00,1.3761262554840765,0.0581149830623263,0.14021506471008358
28-Jan-2000 11:10:00,1.3788587757391548,0.05811358668760321,0.14035427503414064
28-Jan-2000 11:15:00,1.3818471347280052,0.05811220997991429,0.1405101488209644
28-Jan-2000 11:20:00,1.3848810442514026,0.05811085252732477,0.1406695683421315
28-Jan-2000 11:25:00,1.38788030923893,0.05810951395205722,0.14082747694892656
28-Jan-2000 11:30:00,1.3908169612628414,0.0581081939026017,0.14098208701116544
28-Jan-2000 11:35:00,1.3936829411595033,0.058106892044051076,0.14113286529289307
28-Jan-2000 11:40:00,1.3964775122868172,0.058105608052700035,0.14127974139141122
28-Jan-2000 11:45:00,1.399202531257353,0.05810434161348211,0.14142280920289452
28-Jan-2000 11:50:00,1.4018607156753378,0.05810309241876133,0.14156221733421534
28-Jan-2000 11:55:00,1.40445501911242,0.05810186016773457,0.1416981295510234
28-Jan-2000 12:00:00,1.4072607397302326,0.05810064440720111,0.1418377582437527
28-Jan-2000 12:05:00,1.41130217821727,0.05809944485273304,0.1420368538550194
28-Jan-2000 12:10:00,1.4160814862444695,0.05809826150963325,0.14228073233422617
28-Jan-2000 12:15:00,1.421102863249535,0.05809709407196986,0.14254003665253234
28-Jan-2000 12:20:00,1.426156952214892,0.0580959422187861,0.14280185321545977
28-Jan-2000 12:25:00,1.431165244353351,0.05809480565685277,0.14306128856359662
28-Jan-2000 12:30:00,1.4361010100833955,0.05809368411377315,0.1433166631988473
28-Jan-2000 12:35:00,1.4409563839993473,0.05809257733004881,0.14356750131955656
28-Jan-2000 12:40:00,1.4457154829606442,0.058091485054732654,0.1438131394232212
28-Jan-2000 12:45:00,1.450374833904307,0.05809040704338095,0.144053193563316
28-Jan-2000 12:50:00,1.454939884120129,0.05808934305709437,0.14428796824245127
28-Jan-2000 12:55:00,1.4594162469323277,0.058088292862069846,0.14451777560541476
28-Jan-2000 13:00:00,1.463523884319287,0.05808725636309522,0.1447356403742294
28-Jan-2000 13:05:00,1.4662187251891483,0.05808623333546422,0.14488560701998726
28-Jan-2000 13:10:00,1.4680403310400547,0.05808522331548726,0.14498396144325132
28-Jan-2000 13:15:00,1.4695099835192242,0.0580842261113689,0.14506093996615207
28-Jan-2000 13:20:00,1.4708480613118808,0.05808324155485468,0.14512983847320404
28-Jan-2000 13:25:00,1.472139345067442,0.05808226946357049,0.14519581837269552
28-Jan-2000 13:30:00,1.4734152099246467,0.05808130964618934,0.1452608002123335
28-Jan-2000 13:35:00,1.4746868879248178,0.05808036190891593,0.14532547556293085
28-Jan-2000 13:40:00,1.475958214229599,0.05807942605898043,0.1453900830035377
28-Jan-2000 13:45:00,1.477230366061622,0.05807850190623016,0.14545469780351564
28-Jan-2000 13:50:00,1.4785035877943096,0.05807758926374165,0.14551933767928213
28-Jan-2000 13:55:00,1.4797778086127333,0.05807668794803739,0.1455840007476518
28-Jan-2000 14:00:00,1.4805249494577915,0.05807579801594637,0.1456352958117148
28-Jan-2000 14:05:00,1.478715798771183,0.05807491929962086,0.14556668998952257
28-Jan-2000 14:10:00,1.4752554327216798,0.0580740511869948,0.14540124770610002
28-Jan-2000 14:15:00,1.4711798302747947,0.05807319354363379,0.1451973557440685
28-Jan-2000 14:20:00,1.4669513530335299,0.05807234627903132,0.1449825424709182
28-Jan-2000 14:25:00,1.4627500729201106,0.05807150927468243,0.14476772469383936
28-Jan-2000 14:30:00,1.458641586321681,0.05807068239163589,0.14455695262996598
28-Jan-2000 14:35:00,1.4546466785168342,0.05806986548195394,0.1443515820090894
28-Jan-2000 14:40:00,1.4507692562891412,0.05806905839525742,0.144151934431614
28-Jan-2000 14:45:00,1.4470073161318204,0.058068260981771175,0.14395796512816061
28-Jan-2000 14:50:00,1.4433568578316152,0.05806747309359961,0.14376950264042115
28-Jan-2000 14:55:00,1.4398133394937223,0.05806669458524034,0.14358633587775033
28-Jan-2000 15:00:00,1.4361433163607555,0.0580659254209033,0.14340253487171048
28-Jan-2000 15:05:00,1.4313623181760977,0.058065165466680065,0.14316665360117495
28-Jan-2000 15:10:00,1.425858272258427,0.058064414384500995,0.14288671184924434
28-Jan-2000 15:15:00,1.4201452366801608,0.05806367205330725,0.1425918015804775
28-Jan-2000 15:20:00,1.41445763224163,0.058062938374746555,0.1422961330785891
28-Jan-2000 15:25:00,1.408884094838075,0.05806221323920543,0.14200526661190543
28-Jan-2000 15:30:00,1.4034493673446389,0.05806149652869874,0.14172093903467045
28-Jan-2000 15:35:00,1.398157349020267,0.058060788121981836,0.14144348358865022
28-Jan-2000 15:40:00,1.3930052354780067,0.0580600878975553,0.1411728462377927
28-Jan-2000 15:45:00,1.3879872672440519,0.05805939573506169,0.14090878097162218
28-Jan-2000 15:50:00,1.3830968786604763,0.05805871151587768,0.1406509834286695
28-Jan-2000 15:55:00,1.3783273155673224,0.05805803512333029,0.14039913823509095
28-Jan-2000 16:00:00,1.3735641197129738,0.058057366490511624,0.140150122353525
28-Jan-2000 16:05:00,1.3683416780326514,0.05805627750755771,0.13987920781556848
28-Jan-2000 16:10:00,1.362821525141499,0.05805277374147047,0.1395891070461831
28-Jan-2000 16:15:00,1.3572414533239008,0.0580496387168902,0.139293491411107
28-Jan-2000 16:20:00,1.351712541735847,0.058047565030624686,0.1389992479953295
28-Jan-2000 16:25:00,1.3462763859920466,0.05959925091700661,0.13870908147129637
28-Jan-2000 16:30:00,1.3409443478310454,0.06014153158752125,0.1384238054655135
28-Jan-2000 16:35:00,1.335718476685799,0.05999796537180336,0.13814361647810156
28-Jan-2000 16:40:00,1.3305977961529079,0.05990920258232438,0.1378685058774912
28-Jan-2000 16:45:00,1.325581218366106,0.05984334275662902,0.13759844314422084
28-Jan-2000 16:50:00,1.320667565597867,0.05978759611227092,0.1373333995182208
28-Jan-2000 16:55:00,1.3158541255473757,0.059736594719708186,0.1370732807435836
28-Jan-2000 17:00:00,1.3111369040731111,0.05968812475630424,0.13681789752302886
28-Jan-2000 17:05:00,1.3065128351283193,0.059641658376736684,0.13656710203983766
28-Jan-2000 17:10:00,1.3019794479390436,0.05959700714593942,0.13632078330618988
28-Jan-2000 17:15:00,1.2975392739302865,0.05955406980872237,0.1360789174193555
28-Jan-2000 17:20:00,1.2933222637306931,0.05951276498153991,0.1358461410574077
28-Jan-2000 17:25:00,1.2900107637904483,0.05947252666764791,0.13565300077612416
28-Jan-2000 17:30:00,1.2882346057185428,0.059433229620116906,0.13554065156448047
28-Jan-2000 17:35:00,1.287937243172945,0.05939538119989752,0.13551078257532298
28-Jan-2000 17:40:00,1.2885577085905444,0.05935890957500001,0.13553909975148046
28-Jan-2000 17:45:00,1.2893116332798535,0.05932374797031027,0.13558102062693855
28-Jan-2000 17:50:00,1.2898094623959158,0.05928983434723417,0.13561148570135206
28-Jan-2000 17:55:00,1.289921135710482,0.05925711069754493,0.13562159785267944
28-Jan-2000 18:00:00,1.2896264016439867,0.01419238192133098,0.13560954011767418
28-Jan-2000 18:05:00,1.2889661460926307,0.013003289205411047,0.13557655568369223
28-Jan-2000 18:10:00,1.2885473564112249,0.02572374855002336,0.1355436778404125
28-Jan-2000 18:15:00,1.2925154558078216,0.04414144973472674,0.1356927141021387
28-Jan-2000 18:20:00,1.3031149574282725,0.04738488133474213,0.13621472770329826
28-Jan-2000 18:25:00,1.31640243419323,0.04981277349588612,0.13692440933324634
28-Jan-2000 18:30:00,1.329033894390098,0.04967857362176731,0.13761795228312781
28-Jan-2000 18:35:00,1.3398031064767835,0.047431499705023174,0.13821478350247446
28-Jan-2000 18:40:00,1.3484981295713983,0.04561498135212689,0.1386986589330205
28-Jan-2000 18:45:00,1.3552528903345826,0.04402719424630387,0.13907591637135705
28-Jan-2000 18:50:00,1.3602920054433096,0.04259589607897599,0.13935899147567313
28-Jan-2000 18:55:00,1.3638405831969889,0.04129161681767482,0.13956050538472461
28-Jan-2000 19:00:00,1.366234914233443,0.04008890021965264,0.13969532016789976
28-Jan-2000 19:05:00,1.3681461157241692,0.038972037950411896,0.1398005934782089
28-Jan-2000 19:10:00,1.3694799702234857,0.03790385564617622,0.13987731512553878
28-Jan-2000 19:15:00,1.3701223909838234,0.03687417099510726,0.13991796944798676
28-Jan-2000 19:20:00,1.3700877785053602,0.035900404355799026,0.13992241391149837
28-Jan-2000 19:25:00,1.3694389804462952,0.0349495632160651,0.13989381018076402
28-Jan-2000 19:30:00,1.3682410669047287,0.034052971890664446,0.13983555684228025
28-Jan-2000 19:35:00,1.3665604060474008,0.03320758109940444,0.13975113526237765
28-Jan-2000 19:40:00,1.364459453757088,0.03240944587894548,0.13964385298115314
28-Jan-2000 19:45:00,1.3619946425552938,0.031655060203961964,0.13951670577206757
28-Jan-2000 19:50:00,1.3592159309035874,0.03094128663185092,0.13937235034299383
28-Jan-2000 19:55:00,1.3561671153758195,0.03026528815789074,0.13921311317145044
28-Jan-2000 20:00:00,1.352664291328652,0.02962485124788516,0.13903524971679534
28-Jan-2000 20:05:00,1.3478159165322414,0.028989790439615963,0.13879050151539543
28-Jan-2000 20:10:00,1.3420229062054625,0.02836873204713768,0.13848851696812262
28-Jan-2000 20:15:00,1.3357952021798425,0.027777550304577674,0.13815888803809662
28-Jan-2000 20:20:00,1.3293777854615185,0.02721447545242638,0.13781663618351064
28-Jan-2000 20:25:00,1.3228778119922322,0.026655649446598022,0.13746836063167198
28-Jan-2000 20:30:00,1.3163438587763754,0.026112432535096305,0.13711702968906916
28-Jan-2000 20:35:00,1.3097991122964352,0.025593601712339296,0.13676403281864238
28-Jan-2000 20:40:00,1.303258594324074,0.025097811675970482,0.13641022239555672
28-Jan-2000 20:45:00,1.2967333210493701,0.02462369327416949,0.13605622222161143
28-Jan-2000 20:50:00,1.290231872428508,0.024169989388229254,0.1357025174373881
28-Jan-2000 20:55:00,1.2837601760071728,0.023735541775023804,0.13534946734842834
28-Jan-2000 21:00:00,1.2770317783727099,0.023319805946076737,0.13498958571568057
28-Jan-2000 21:05:00,1.2687773061141734,0.022922570276714713,0.13455312217480123
28-Jan-2000 21:10:00,1.2594300177980375,0.022541649364256965,0.1340466576688861
28-Jan-2000 21:15:00,1.2496654574867903,0.022175720368633807,0.1335099079657124
28-Jan-2000 21:20:00,1.2398189003443705,0.02182397272068511,0.13296406258376595
28-Jan-2000 21:25:00,1.230031748462473,0.021485759727788947,0.13241855460214105
28-Jan-2000 21:30:00,1.2203571938589053,0.02116048417637149,0.13187712254264602
28-Jan-2000 21:35:00,1.2108132911798324,0.020847569423925936,0.13134015023475382
28-Jan-2000 21:40:00,1.2014059830491297,0.02054298304753113,0.13080857276041194
28-Jan-2000 21:45:00,1.1921343624782745,0.02023588673528545,0.13028255097108313
28-Jan-2000 21:50:00,1.1829944216132493,0.019937735785369736,0.12976192353301794
28-Jan-2000 21:55:00,1.173983723192271,0.01964912368860059,0.1292466120999656
28-Jan-2000 22:00:00,1.1647800281917933,0.019370354194436046,0.12872769475710819
28-Jan-2000 22:05:00,1.1539645373482463,0.019102345778134633,0.12812431137064084
28-Jan-2000 22:10:00,1.1418321862540606,0.018842986484676978,0.12743357970239177
28-Jan-2000 22:15:00,1.12910403831821,0.018591038973393082,0.12671045092610164
28-Jan-2000 22:20:00,1.1162133856334056,0.01834604485841079,0.12595736624496176
28-Jan-2000 22:25:00,1.1033739321026668,0.01810777532060491,0.12520095755050137
28-Jan-2000 22:30:00,1.0906768493383978,0.01786844443880035,0.12444740009910442
28-Jan-2000 22:35:00,1.0781597294734058,0.017632490250821992,0.12369867383189039
28-Jan-2000 22:40:00,1.0658326591642762,0.01740248585008259,0.12295676125007322
28-Jan-2000 22:45:00,1.0536968723802278,0.01717836510114273,0.12222324033602945
28-Jan-2000 22:50:00,1.0417495703533803,0.01695994529770408,0.12149682156533968
28-Jan-2000 22:55:00,1.029984515804111,0.016747039450495785,0.12077724827111683
28-Jan-2000 23:00:00,1.018338031867337,0.016539692837578474,0.12006272088092018
28-Jan-2000 23:05:00,1.0064912731374736,0.01633819254272686,0.11933489386422372
28-Jan-2000 23:10:00,0.9944564382639693,0.016141797729819735,0.11858923711254664
28-Jan-2000 23:15:00,0.9823827258535581,0.015950023201143755,0.117834711366353
28-Jan-2000 23:20:00,0.970370863095597,0.015762653348766538,0.11707822358222934
28-Jan-2000 23:25:00,0.9584738731182852,0.015579571879401148,0.11632362306011285
28-Jan-2000 23:30:00,0.9467136116883026,0.01540068627087511,0.11557265448740903
28-Jan-2000 23:35:00,0.9350984498111701,0.015225902550810709,0.11482603482344642
28-Jan-2000 23:40:00,0.9236300200112212,0.015055119948359308,0.11408403988528332
28-Jan-2000 23:45:00,0.9123050321250353,0.014888232072346247,0.11334658134685431
28-Jan-2000 23:50:00,0.9011198881553489,0.014725129542564112,0.11261352024879123
28-Jan-2000 23:55:00,0.8900691181785714,0.014565702365845777,0.1118846068502376
29-Jan-2000 00:00:00,0.879147449602938,0.014409843716688346,0.11115955060225433
29-Jan-2000 00:05:00,0.8683508285048773,0.014257451569326588,0.11043815305594605
29-Jan-2000 00:10:00,0.857674012058108,0.014108420516207651,0.10972015527918327
29-Jan-2000 00:15:00,0.8471123230477229,0.013962648074910893,0.10900528644067434
29-Jan-2000 00:20:00,0.8366609468536879,0.013820035913349087,0.10829329194385878
29-Jan-2000 00:25:00,0.8263146350567726,0.01368048965588277,0.10758386848446802
29-Jan-2000 00:30:00,0.816069526287485,0.013543918643739208,0.10687677679192219
29-Jan-2000 00:35:00,0.8059221657822722,0.013410235726365908,0.10617182924508484
29-Jan-2000 00:40:00,0.7958680887667394,0.013279357077903592,0.10546876378690233
29-Jan-2000 00:45:00,0.7859039032487962,0.01315120203176776,0.10476736448513814
29-Jan-2000 00:50:00,0.7760259536714929,0.013025692928943608,0.10406741333480117
29-Jan-2000 00:55:00,0.766230072679355,0.01290275497722016,0.10336864462033346
29-Jan-2000 01:00:00,0.7565132723361675,0.01278231611960348,0.10267084767851341
29-Jan-2000 01:05:00,0.7468729182816087,0.012664306910684476,0.10197385484007211
29-Jan-2000 01:10:00,0.7373054846295314,0.012548660400115002,0.10127743631889934
29-Jan-2000 01:15:00,0.7278080910423576,0.012435312022515523,0.10058138217858337
29-Jan-2000 01:20:00,0.7183778671527864,0.01232419949330959,0.09988548337299016
29-Jan-2000 01:25:00,0.7090118400807682,0.012215262710047674,0.09918953292518538
29-Jan-2000 01:30:00,0.6997076946205573,0.012108443658840845,0.09849333212352195
29-Jan-2000 01:35:00,0.6904645757449321,0.012003686325575023,0.09779678831480092
29-Jan-2000 01:40:00,0.6812811574210026,0.01190093661161945,0.09709982984743232
29-Jan-2000 01:45:00,0.6721543969353394,0.011800121194089278,0.09640222075259995
29-Jan-2000 01:50:00,0.6630813530010431,0.01169731489385057,0.09570371381119241
29-Jan-2000 01:55:00,0.6540599006295414,0.01159431385025914,0.09500412026106039
29-Jan-2000 02:00:00,0.645087645048859,0.011492880736758951,0.09430322091493136
29-Jan-2000 02:05:00,0.6361634024488135,0.011393150924515406,0.09360087971679504
29-Jan-2000 02:10:00,0.6272861145443375,0.011295088149607838,0.09289698281685492
29-Jan-2000 02:15:00,0.6184539264067727,0.011198644339076538,0.09219135779008719
29-Jan-2000 02:20:00,0.6096651241505763,0.011103775090218357,0.09148382297391394
29-Jan-2000 02:25:00,0.6009186416564503,0.011010439795292388,0.09077422807469299
29-Jan-2000 02:30:00,0.5922134184822856,0.010918600658762564,0.0900624535667184
29-Jan-2000 02:35:00,0.583548592707233,0.010828221978958783,0.08934833900386328
29-Jan-2000 02:40:00,0.5749301334640631,0.010739269693800098,0.08863220188105343
29-Jan-2000 02:45:00,0.5663589992600511,0.010651711095877195,0.08791427140919345
29-Jan-2000 02:50:00,0.5578299214415519,0.0105655146497704,0.08719408206014186
29-Jan-2000 02:55:00,0.5493393762889944,0.010480649870569929,0.08647123097974624
29-Jan-2000 03:00:00,0.5409414304794011,0.010396933319200446,0.0857475621168846
29-Jan-2000 03:05:00,0.5329467749497219,0.010314015902882978,0.08504773196523738
29-Jan-2000 03:10:00,0.5253536383304152,0.01023226529110915,0.08437952582507748
29-Jan-2000 03:15:00,0.5180094127516919,0.010151875962869183,0.08373057677658727
29-Jan-2000 03:20:00,0.5108057874588088,0.010072852545695172,0.08309064817306769
29-Jan-2000 03:25:00,0.50368398441002,0.00999513782686607,0.08245391601572566
29-Jan-2000 03:30:00,0.4966145552698888,0.00991866651629545,0.08181736529671838
29-Jan-2000 03:35:00,0.4895843115142791,0.009843381170339954,0.08117955933338233
29-Jan-2000 03:40:00,0.48258834936480693,0.009769234511649925,0.08053990462226415
29-Jan-2000 03:45:00,0.47562543417062075,0.009696187796707154,0.07989819739155257
29-Jan-2000 03:50:00,0.4686957222290657,0.009624208571836096,0.07925437148996041
29-Jan-2000 03:55:00,0.46180128179279606,0.009553268791033614,0.07860853683111606
29-Jan-2000 04:00:00,0.45514063589173026,0.009483057390650196,0.07796883100033107
29-Jan-2000 04:05:00,0.44977141673796517,0.009413000782176691,0.07742897759096956
29-Jan-2000 04:10:00,0.445593264610624,0.009343786978075001,0.0770098787496816
29-Jan-2000 04:15:00,0.4420667481510473,0.009275759440724639,0.07666103515383027
29-Jan-2000 04:20:00,0.438848099133912,0.009208948429787265,0.0763457786979041
29-Jan-2000 04:25:00,0.4357639212645654,0.009143287507015383,0.07604488310613844
29-Jan-2000 04:30:00,0.43273420348918884,0.009078696608138254,0.07574927555757435
29-Jan-2000 04:35:00,0.4297245216673367,0.009013486861470023,0.07545495972751194
29-Jan-2000 04:40:00,0.4267216210355948,0.008945981557193543,0.07516033180483853
29-Jan-2000 04:45:00,0.4237217477824167,0.008878733186768472,0.07486487719895871
29-Jan-2000 04:50:00,0.4207252451009229,0.008812252264214275,0.07456856059634837
29-Jan-2000 04:55:00,0.41773403350455574,0.008746595302747654,0.0742715429181243
29-Jan-2000 05:00:00,0.41498877344452895,0.008681591007246026,0.07398428589491049
29-Jan-2000 05:05:00,0.41365868096669195,0.008616862907423533,0.07381852728741385
29-Jan-2000 05:10:00,0.4134763695750463,0.008552767023667246,0.07378182125098073
29-Jan-2000 05:15:00,0.41382211471499425,0.008489527836853576,0.0738088534643045
29-Jan-2000 05:20:00,0.4143549209272548,0.008427182357681246,0.07385988533554134
29-Jan-2000 05:25:00,0.4149204971183256,0.008365698561228346,0.07391644971608849
29-Jan-2000 05:30:00,0.41545510831299653,0.008305029923789316,0.07397078616542058
29-Jan-2000 05:35:00,0.4159353733190274,0.008245133181120346,0.07401996310708354
29-Jan-2000 05:40:00,0.41635545664574675,0.008185972241340518,0.07406314352584144
29-Jan-2000 05:45:00,0.41671680764780084,0.008127517785422542,0.07410038812701304
29-Jan-2000 05:50:00,0.41702286757342283,0.008069745884055025,0.07413202409695285
29-Jan-2000 05:55:00,0.41727786756782087,0.008012636648932762,0.07415846713691453
29-Jan-2000 06:00:00,0.417664677780666,0.06476378803767584,0.07418801343951466
29-Jan-2000 06:05:00,0.41898648550450734,0.060745852093704894,0.07429845723926393
29-Jan-2000 06:10:00,0.4210070758330127,0.05924019134324651,0.07448851968922751
29-Jan-2000 06:15:00,0.4233071939430998,0.05864606359259333,0.07471269561104643
29-Jan-2000 06:20:00,0.4256833256339702,0.05841457184078947,0.07494655299651182
29-Jan-2000 06:25:00,0.42806702059639384,0.05832620758165631,0.07518118318792208
29-Jan-2000 06:30:00,0.4304502094375396,0.058292300486036557,0.07541495571866033
29-Jan-2000 06:35:00,0.4328444018815331,0.058278224630733455,0.07564879768877353
29-Jan-2000 06:40:00,0.43526246449792655,0.0582710258356783,0.07588400723414139
29-Jan-2000 06:45:00,0.43771266569270717,0.058266091733147604,0.07612148247195179
29-Jan-2000 06:50:00,0.4401982138210359,0.05826187344436137,0.07636160784021365
29-Jan-2000 06:55:00,0.44271863753176416,0.05825788865250553,0.07660437436308168
29-Jan-2000 07:00:00,0.4454561416018083,0.05825875218196444,0.07685732902708318
29-Jan-2000 07:05:00,0.4492232460375527,0.058259018058067116,0.07719691720148195
29-Jan-2000 07:10:00,0.45373582849265626,0.05825685149686095,0.07761677278262025
29-Jan-2000 07:15:00,0.4585559707438987,0.05825376091360574,0.07807037280646027
29-Jan-2000 07:20:00,0.4634629483301885,0.05825034427643309,0.07853264626768404
29-Jan-2000 07:25:00,0.468361798514372,0.058246838139116526,0.0789927389122076
29-Jan-2000 07:30:00,0.4732147472416795,0.058243335580763875,0.07944638600005918
29-Jan-2000 07:35:00,0.4780082739989114,0.05823987269002726,0.07989212067376697
29-Jan-2000 07:40:00,0.48273883913136,0.05823646292758673,0.0803296143857279
29-Jan-2000 07:45:00,0.48740705845775495,0.058233110783542055,0.080759008152821
29-Jan-2000 07:50:00,0.49201459905167894,0.058229817205745396,0.08118057072848107
29-Jan-2000 07:55:00,0.496563527064375,0.05822658175705827,0.08159460611630112
29-Jan-2000 08:00:00,0.5010561596149613,0.05822340347224799,0.08200143158491657
29-Jan-2000 08:05:00,0.5054946904273184,0.05822028119794879,0.08240135885403167
29-Jan-2000 08:10:00,0.5098809978664428,0.058217213727124933,0.08279465887315307
29-Jan-2000 08:15:00,0.5142169949622196,0.05821419985184354,0.08318159249326736
29-Jan-2000 08:20:00,0.518504448190177,0.05821123838361862,0.08356241246625928
29-Jan-2000 08:25:00,0.5227447965877678,0.05820832816085464,0.0839373317037438
29-Jan-2000 08:30:00,0.5269396263584617,0.05820546805120291,0.08430656141638723
29-Jan-2000 08:35:00,0.5310904791028165,0.05820265695191292,0.08467032057347287
29-Jan-2000 08:40:00,0.5351982360647924,0.05819989378940311,0.08502876355416036
29-Jan-2000 08:45:00,0.5392637198281844,0.05819717751854497,0.08538202776998662
29-Jan-2000 08:50:00,0.5432879028104705,0.058194507121855726,0.08573025664482103
29-Jan-2000 08:55:00,0.5472718371732572,0.05819188160866826,0.0860736047442937
29-Jan-2000 09:00:00,0.5513096184132323,0.05818929983267187,0.08641574844990618
29-Jan-2000 09:05:00,0.5558046014807695,0.0581867608503223,0.0867907666734797
29-Jan-2000 09:10:00,0.560613312053945,0.05818426408229553,0.08719538800366661
29-Jan-2000 09:15:00,0.5655253030954531,0.05818180860861184,0.08760971998927457
29-Jan-2000 09:20:00,0.5704370737836828,0.05817939350206262,0.08802335380057025
29-Jan-2000 09:25:00,0.5753056789013609,0.058177017882038995,0.08843194190182858
29-Jan-2000 09:30:00,0.5801151888268398,0.05817468090769592,0.08883390853281015
29-Jan-2000 09:35:00,0.5848608714649172,0.058172381768351204,0.08922881739590537
29-Jan-2000 09:40:00,0.5895425686978499,0.058170119677775016,0.0896166964506332
29-Jan-2000 09:45:00,0.5941626836224401,0.05816789387120906,0.08999777731691722
29-Jan-2000 09:50:00,0.5987269102181446,0.058165703603754296,0.09037260464325735
29-Jan-2000 09:55:00,0.6032361605192582,0.05816354814937615,0.09074140860122185
29-Jan-2000 10:00:00,0.6078804065821889,0.05816142650715993,0.09111115317065471
29-Jan-2000 10:05:00,0.6134688005583754,0.058159337985021715,0.09154693580085192
29-Jan-2000 10:10:00,0.6197010439494336,0.05815728244707968,0.09204119603932356
29-Jan-2000 10:15:00,0.6261586069323377,0.05815525918704136,0.09255611591344357
29-Jan-2000 10:20:00,0.6326394083783913,0.058153267469619935,0.09307234677761828
29-Jan-2000 10:25:00,0.63906046188299,0.05815130661496637,0.09358191273621164
29-Jan-2000 10:30:00,0.6453910308518758,0.058149375987332844,0.09408192184344912
29-Jan-2000 10:35:00,0.6516221840458887,0.05814747498019287,0.09457158684796796
29-Jan-2000 10:40:00,0.6577537164561755,0.05814560300776528,0.09505095864866875
29-Jan-2000 10:45:00,0.6637888189865385,0.0581437595008802,0.09552040063346737
29-Jan-2000 10:50:00,0.6697320921203441,0.05814194390498047,0.0959804029420158
29-Jan-2000 10:55:00,0.67558816175875,0.058140155679070556,0.09643145659372679
29-Jan-2000 11:00:00,0.6815603238460664,0.05813839405848607,0.0968808304964898
29-Jan-2000 11:05:00,0.6884768138888386,0.05813665852995329,0.09739200185340362
29-Jan-2000 11:10:00,0.695995190416549,0.05813494902066732,0.0979545339503818
29-Jan-2000 11:15:00,0.7037031533968157,0.058133264996342145,0.09853281550470383
29-Jan-2000 11:20:00,0.7114101258043353,0.058131605900624266,0.09910966164208014
29-Jan-2000 11:25:00,0.7190393120884422,0.05812997122087085,0.09967817029338145
29-Jan-2000 11:30:00,0.7265638251444384,0.058128360478359786,0.10023597185453918
29-Jan-2000 11:35:00,0.7339776742318421,0.0581267732163323,0.10078260141629893
29-Jan-2000 11:40:00,0.741281866611867,0.05812520899332359,0.10131824729857251
29-Jan-2000 11:45:00,0.7484801319042041,0.05812366737994427,0.10184332647163095
29-Jan-2000 11:50:00,0.7555773670232222,0.0581221479573672,0.10235833977302705
29-Jan-2000 11:55:00,0.7625788528489172,0.05812065031653158,0.10286382375769776
29-Jan-2000 12:00:00,0.7697037227857854,0.05811917386461993,0.10336729128544524
29-Jan-2000 12:05:00,0.7777787566122383,0.05811771821562992,0.10392930476317161
29-Jan-2000 12:10:00,0.78643285625001,0.05811628333646193,0.10453726906861084
29-Jan-2000 12:15:00,0.7952633130697774,0.0581148688169683,0.1051583716798608
29-Jan-2000 12:20:00,0.8040870554908321,0.058113474230128526,0.10577714501071349
29-Jan-2000 12:25:00,0.8128313170010734,0.05811209918387071,0.10638746629011707
29-Jan-2000 12:30:00,0.8214717429103321,0.05811074331260863,0.10698732538067741
29-Jan-2000 12:35:00,0.8300032721217694,0.058109406267534566,0.10757636759783071
29-Jan-2000 12:40:00,0.8384409187702281,0.05810808771130961,0.1081554945371577
29-Jan-2000 12:45:00,0.8467859742357047,0.058106787315527555,0.10872534917636056
29-Jan-2000 12:50:00,0.8550358514432996,0.05810550475953786,0.10928579828412634
29-Jan-2000 12:55:00,0.8631924224336331,0.05810423972984092,0.1098370696729508
29-Jan-2000 13:00:00,0.8710270114412451,0.05810299208083837,0.11037231512725393
29-Jan-2000 13:05:00,0.877689577825616,0.05810176151165754,0.11083262558281998
29-Jan-2000 13:10:00,0.8836146868431831,0.05810054743487005,0.11123385115018788
29-Jan-2000 13:15:00,0.8892276842594684,0.05809934959152368,0.11160887981483956
29-Jan-2000 13:20:00,0.8947118053207128,0.058098167751771915,0.11197249818722768
29-Jan-2000 13:25:00,0.9001386114277078,0.05809700166954224,0.11233054244907248
29-Jan-2000 13:30:00,0.9055351243444635,0.05809585108879337,0.11268522664079711
29-Jan-2000 13:35:00,0.9109108718709813,0.0580947157512824,0.11303736646144202
29-Jan-2000 13:40:00,0.9162684545338247,0.05809359540077797,0.11338721206918331
29-Jan-2000 13:45:00,0.9216080876525972,0.058092489784923755,0.11373481857885503
29-Jan-2000 13:50:00,0.9269291699601777,0.05809139865597773,0.11408017401481635
29-Jan-2000 13:55:00,0.9322309094535228,0.05809032177103541,0.11442324706220501
29-Jan-2000 14:00:00,0.9370818773968209,0.05808925917496396,0.1147511145038076
29-Jan-2000 14:05:00,0.9398259883186119,0.05808821064445538,0.1149545439734674
29-Jan-2000 14:10:00,0.9412243216568725,0.058087175426731995,0.11505652971776005
29-Jan-2000 14:15:00,0.9420679716834033,0.058086153340465865,0.11511537017708542
29-Jan-2000 14:20:00,0.9427249262508506,0.05808514425722371,0.11515885096594251
29-Jan-2000 14:25:00,0.9433522655465341,0.058084148015660704,0.11519903174606998
29-Jan-2000 14:30:00,0.9440124736177945,0.05808316443054609,0.11524077446923008
29-Jan-2000 14:35:00,0.9447279665753198,0.05808219330648834,0.11528586935441461
29-Jan-2000 14:40:00,0.9455047118609252,0.05808123444572631,0.11533483869174588
29-Jan-2000 14:45:00,0.9463421312230861,0.05808028765174737,0.11538769678120113
29-Jan-2000 14:50:00,0.9472371715604424,0.05807935273080614,0.11544426337653349
29-Jan-2000 14:55:00,0.9481859525990868,0.058078429492511456,0.11550429094522731
29-Jan-2000 15:00:00,0.9490038049157243,0.05807751787707167,0.11556225414672004
29-Jan-2000 15:05:00,0.9489032664884067,0.05807661770865188,0.115568202469543
29-Jan-2000 15:10:00,0.9481396587765533,0.058075728570039155,0.11552546668972932
29-Jan-2000 15:15:00,0.9471112219687756,0.058074850301891495,0.11546175554823489
29-Jan-2000 15:20:00,0.9460182787516117,0.05807398277216514,0.1153920512984697
29-Jan-2000 15:25:00,0.9449465518870017,0.05807312583586995,0.11532291306512236
29-Jan-2000 15:30:00,0.9439293686795553,0.05807227933849362,0.11525695302701983
29-Jan-2000 15:35:00,0.9429775876515512,0.05807144312207966,0.11519507327724392
29-Jan-2000 15:40:00,0.9420927749825528,0.058070617028761366,0.11513746245575421
29-Jan-2000 15:45:00,0.941272807755835,0.05806980090242004,0.11508402229147899
29-Jan-2000 15:50:00,0.9405142077662084,0.05806899458936519,0.11503454615254667
29-Jan-2000 15:55:00,0.9398130969535029,0.05806819793858921,0.1149887925353579
29-Jan-2000 16:00:00,0.939079091363106,0.05806741085805808,0.11494399403535122
29-Jan-2000 16:05:00,0.9379222868295416,0.05806617623215469,0.11487546534122875
29-Jan-2000 16:10:00,0.9364565541336529,0.05806250295964698,0.11478397589295584
29-Jan-2000 16:15:00,0.9348779244982552,0.05805923001373428,0.11468312645666606
29-Jan-2000 16:20:00,0.9332866682684325,0.05805703509668869,0.1145804504932935
29-Jan-2000 16:25:00,0.9317255318551446,0.058055588961406036,0.1144792515584143
29-Jan-2000 16:30:00,0.9302106014342735,0.0580545467148556,0.11438081716535375
29-Jan-2000 16:35:00,0.9287464401437868,0.05805369930171309,0.1142855534538902
29-Jan-2000 16:40:00,0.9273328404236407,0.05805294127766782,0.11419349669457306
29-Jan-2000 16:45:00,0.925967777093405,0.05805222458438605,0.11410453875952128
29-Jan-2000 16:50:00,0.9246486377179881,0.05805152878485697,0.11401852182185636
29-Jan-2000 16:55:00,0.923372700684958,0.05805084563407341,0.11393527633274757
29-Jan-2000 17:00:00,0.9221372971812118,0.05805017193260982,0.11385463413360757
29-Jan-2000 17:05:00,0.9209398641792111,0.058049506457865045,0.1137764328802668
29-Jan-2000 17:10:00,0.9197779544107781,0.05804884872275844,0.11370051710026544
29-Jan-2000 17:15:00,0.9186492397227521,0.058048198499760506,0.11362673844324363
29-Jan-2000 17:20:00,0.9175515151007874,0.058047555647857664,0.11355495601692375
29-Jan-2000 17:25:00,0.9164827041711748,0.058046920053260606,0.11348503671772359
29-Jan-2000 17:30:00,0.9154408672882606,0.05804629161053378,0.11341685589161687
29-Jan-2000 17:35:00,0.9144241897232035,0.05804567021720919,0.11335029686999766
29-Jan-2000 17:40:00,0.9134309664655168,0.058045055772516625,0.11328524995274397
29-Jan-2000 17:45:00,0.9124595933223658,0.058044448177205894,0.11322161179780371
29-Jan-2000 17:50:00,0.9115085606594439,0.05804384733359276,0.11315928502483354
29-Jan-2000 17:55:00,0.9105764465460761,0.058043253145611276,0.11309817782514103
29-Jan-2000 18:00:00,0.9096619073853551,0.009052628224495745,0.1130382033861336
29-Jan-2000 18:05:00,0.9087636306344655,0.004993940863797898,0.11297927848889401
29-Jan-2000 18:10:00,0.9078791274012822,0.003669264976354276,0.11292127344923973
29-Jan-2000 18:15:00,0.9070009102247715,0.003165260952295432,0.1128637820963516
29-Jan-2000 18:20:00,0.9061159378057577,0.0029703798966803857,0.11280600766703648
29-Jan-2000 18:25:00,0.9052097548608611,0.0028928935708056112,0.11274699898792775
29-Jan-2000 18:30:00,0.9042699598182417,0.0028588049308040453,0.11268590333392502
29-Jan-2000 18:35:00,0.903287545145832,0.0028388281692007626,0.11262207989806408
29-Jan-2000 18:40:00,0.9022568474088729,0.00282291939745407,0.11255511094639939
29-Jan-2000 18:45:00,0.9011749142734984,0.002808163211167965,0.11248476476186513
29-Jan-2000 18:50:00,0.9000408200038746,0.0027938300551457206,0.11241095071969538
29-Jan-2000 18:55:00,0.8988550469611538,0.0028292141557051346,0.1123336779878742
29-Jan-2000 19:00:00,0.8977042464210832,0.0029352657739109057,0.11225555288388252
29-Jan-2000 19:05:00,0.8969763765194718,0.0029899092351729716,0.11220163181321133
29-Jan-2000 19:10:00,0.8965577511610208,0.0030332927775159817,0.11217119850247612
29-Jan-2000 19:15:00,0.8962500806256484,0.0030744341038400043,0.11215015723218784
29-Jan-2000 19:20:00,0.8959518717837895,0.003105290141892736,0.11213069363870211
29-Jan-2000 19:25:00,0.8956198362569745,0.0031261832639970124,0.112109386068406
29-Jan-2000 19:30:00,0.8952376662048036,0.0031388801224776514,0.11208490533165566
29-Jan-2000 19:35:00,0.8948006865575087,0.0031451382487332515,0.11205683410693203
29-Jan-2000 19:40:00,0.8943090305590506,0.0031464334533997146,0.11202513504954052
29-Jan-2000 19:45:00,0.8937647258306607,0.0031439448170608557,0.11198992222953737
29-Jan-2000 19:50:00,0.8931704796636916,0.0031385943388296434,0.1119513654682298
29-Jan-2000 19:55:00,0.8925291819468243,0.0031310941994247836,0.11190965106909591
29-Jan-2000 20:00:00,0.8916723727028306,0.0031220280595304086,0.11185984087491643
29-Jan-2000 20:05:00,0.8898388477734299,0.003111898893698169,0.11175242913362872
29-Jan-2000 20:10:00,0.8872604688605152,0.0031009142393356465,0.11158932986672687
29-Jan-2000 20:15:00,0.8843347650512007,0.0030892439737111063,0.11139869840662735
29-Jan-2000 20:20:00,0.8812714051193788,0.003077059990176173,0.11119656008814975
29-Jan-2000 20:25:00,0.8781650872574811,0.003064510534598773,0.11099030008513332
29-Jan-2000 20:30:00,0.8750564096397188,0.003051712213098025,0.11078312049111683
29-Jan-2000 20:35:00,0.871962176395975,0.0030387529464994175,0.11057636343095305
29-Jan-2000 20:40:00,0.8688890133289552,0.00302569778901061,0.1103705706298845
29-Jan-2000 20:45:00,0.8658391785056851,0.003012594456504446,0.11016593967365017
29-Jan-2000 20:50:00,0.8628132591747253,0.002999477783562451,0.10996253116531542
29-Jan-2000 20:55:00,0.8598111622199556,0.002986373115838946,0.10976035220660403
29-Jan-2000 21:00:00,0.8565927897658389,0.0029733175302809425,0.10955209765612892
29-Jan-2000 21:05:00,0.8520554221717136,0.002960380065906051,0.10926515820252142
29-Jan-2000 21:10:00,0.8464784325615146,0.0029475271851626787,0.10889818266928439
29-Jan-2000 21:15:00,0.8404319071400582,0.00293472270399798,0.1084915316543403
29-Jan-2000 21:20:00,0.8342326569282215,0.0029219572239176845,0.1080696913542366
29-Jan-2000 21:25:00,0.8280274784081658,0.0029092347458405865,0.10764434860681153
29-Jan-2000 21:30:00,0.8218794280350893,0.0028965627146516127,0.10722065034158491
29-Jan-2000 21:35:00,0.8158135891533376,0.0028839480156177613,0.10680072691722708
29-Jan-2000 21:40:00,0.8098384587672397,0.002871395937097774,0.10638537665392142
29-Jan-2000 21:45:00,0.8039551149495481,0.0028589102073025836,0.1059748056407627
29-Jan-2000 21:50:00,0.7981617209317798,0.002846493311247362,0.10556896277933348
29-Jan-2000 21:55:00,0.7924555353382122,0.0028341468166692236,0.10516772085580833
29-Jan-2000 22:00:00,0.7865518966738695,0.002821903117316513,0.10476203263412723
29-Jan-2000 22:05:00,0.7790913781468505,0.0028098713587222037,0.1042595785411515
29-Jan-2000 22:10:00,0.7703087980036806,0.002797983927389403,0.10365032900978705
29-Jan-2000 22:15:00,0.7608912332638609,0.002786147192427285,0.10298330004161407
29-Jan-2000 22:20:00,0.7512583114379633,0.002774323984683081,0.10229167826139114
29-Jan-2000 22:25:00,0.7416194504518366,0.0027625151272310505,0.10159266317118275
29-Jan-2000 22:30:00,0.732070834327021,0.002750734151644194,0.10089438710619585
29-Jan-2000 22:35:00,0.7226539734524865,0.00273899478085866,0.10020053184389623
29-Jan-2000 22:40:00,0.7133847412757122,0.002727307239815511,0.09951265076849614
29-Jan-2000 22:45:00,0.704266663931591,0.0027156781841015418,0.09883125937955066
29-Jan-2000 22:50:00,0.6952986409183326,0.0027041115931832455,0.09815646445610596
29-Jan-2000 22:55:00,0.6864768534190655,0.002692609668162045,0.09748814988143002
29-Jan-2000 23:00:00,0.6777390134813155,0.00268118828863089,0.09682413797545388
29-Jan-2000 23:05:00,0.6687769007452582,0.0026698909290398167,0.09614250493997302
29-Jan-2000 23:10:00,0.6595969255736593,0.002658679441749485,0.09543721777678421
29-Jan-2000 23:15:00,0.6503411935148967,0.0026475177839875583,0.0947186602981035
29-Jan-2000 23:20:00,0.6411101481211013,0.0026363967817909168,0.09399525644836211
29-Jan-2000 23:25:00,0.6319580736714511,0.0026253201950089274,0.09327183973624847
29-Jan-2000 23:30:00,0.6229098280594468,0.0026142943499920324,0.09255077941102319
29-Jan-2000 23:35:00,0.6139742415631376,0.0026033243112855505,0.09183303238833686
29-Jan-2000 23:40:00,0.6051528093604711,0.0025924132738020557,0.09111888487555643
29-Jan-2000 23:45:00,0.5964439983451514,0.0025815629602094787,0.09040834055127207
29-Jan-2000 23:50:00,0.5878436799267067,0.0025707741367271414,0.08970117615387364
29-Jan-2000 23:55:00,0.5793477312120753,0.002560047004327232,0.08899712342158747
30-Jan-2000 00:00:00,0.5709518891628592,0.002549381448454438,0.08829590506848062
30-Jan-2000 00:05:00,0.5626512236261271,0.0025387771854144606,0.08759719283277524
30-Jan-2000 00:10:00,0.5544401995876302,0.0025282338440207287,0.08690057563477284
30-Jan-2000 00:15:00,0.5463140011865617,0.002517751009662449,0.08620567366895074
30-Jan-2000 00:20:00,0.5382685861627305,0.002507328247557198,0.08551217521833315
30-Jan-2000 00:25:00,0.5302992627995077,0.002496965114817045,0.08481972072231342
30-Jan-2000 00:30:00,0.5224038016187101,0.0024866611666093767,0.08412803602251787
30-Jan-2000 00:35:00,0.5145848406609723,0.002476415959272973,0.08343738474146409
30-Jan-2000 00:40:00,0.5068367181400155,0.002466229051860872,0.08274743193472472
30-Jan-2000 00:45:00,0.49915188455387166,0.0024561000068953668,0.08205750831083115
30-Jan-2000 00:50:00,0.49152475244742533,0.002446028390711618,0.0813670578744261
30-Jan-2000 00:55:00,0.4839526409741552,0.0024360137736152876,0.08067576868641094
30-Jan-2000 01:00:00,0.47643372122346145,0.0024260557299244606,0.07998346885225636
30-Jan-2000 01:05:00,0.4689641380154851,0.002416153837977293,0.07928979634553744
30-Jan-2000 01:10:00,0.46154091229901534,0.002406307680101504,0.07859441051001484
30-Jan-2000 01:15:00,0.45416173931506587,0.0023965168425827037,0.07789703764245888
30-Jan-2000 01:20:00,0.44682458474547326,0.0023867809156250326,0.07719743064990406
30-Jan-2000 01:25:00,0.43952634130388457,0.0023770994933045076,0.07649525167801909
30-Jan-2000 01:30:00,0.4322649696352917,0.0023674721735267947,0.07579018898135878
30-Jan-2000 01:35:00,0.42503940688222225,0.002357898557986617,0.07508205060629765
30-Jan-2000 01:40:00,0.4178487598789084,0.0023483782521154213,0.07437065744598549
30-Jan-2000 01:45:00,0.41069222535748806,0.002338910865048323,0.07365583064523452
30-Jan-2000 01:50:00,0.4035691459100402,0.0023294960095734895,0.07293740584996976
30-Jan-2000 01:55:00,0.3964786315380489,0.0023201333020953473,0.07221518441737408
30-Jan-2000 02:00:00,0.389424252205925,0.002310822362589821,0.07148910245424889
30-Jan-2000 02:05:00,0.3824340112073078,0.0023015628145641384,0.07076187895280965
30-Jan-2000 02:10:00,0.3754924939782464,0.002292354285016453,0.07003272556833821
30-Jan-2000 02:15:00,0.36858658018940127,0.0022831964043969646,0.06929990738726882
30-Jan-2000 02:20:00,0.3617108711962691,0.0022740888065654837,0.0685625959911139
30-Jan-2000 02:25:00,0.35486328602732464,0.002265031128755813,0.06782037166613275
30-Jan-2000 02:30:00,0.34804387089199484,0.002256023011536548,0.06707300934497216
30-Jan-2000 02:35:00,0.3412543339148964,0.002247064098773874,0.06632052124143573
30-Jan-2000 02:40:00,0.33449602666866196,0.0022381540375920393,0.06556288503786999
30-Jan-2000 02:45:00,0.3277703825197675,0.002229292478337076,0.06480008693649748
30-Jan-2000 02:50:00,0.32107846503189225,0.0022204790745423406,0.06403206594711955
30-Jan-2000 02:55:00,0.31442226818212665,0.0022117134828923825,0.06325883767768291
30-Jan-2000 03:00:00,0.30785942546801054,0.002202980776401516,0.06248321068866893
30-Jan-2000 03:05:00,0.3017069312722874,0.002194251818368952,0.061739426771908135
30-Jan-2000 03:10:00,0.29597173091684686,0.0021855641856676025,0.06104014492433797
30-Jan-2000 03:15:00,0.2905023666174613,0.00217693761836957,0.060369110699101974
30-Jan-2000 03:20:00,0.2851880028616073,0.0021683736373069393,0.05971210265504495
30-Jan-2000 03:25:00,0.2799675218682777,0.0021598681508476813,0.05906078146663624
30-Jan-2000 03:30:00,0.27481149066815813,0.002151416666159201,0.05841093194563241
30-Jan-2000 03:35:00,0.2697076103597795,0.002143015684697377,0.05776065247438568
30-Jan-2000 03:40:00,0.2646529764207,0.002134662770108692,0.05710936413208323
30-Jan-2000 03:45:00,0.25964968130856114,0.0021263562854232435,0.05645717575790184
30-Jan-2000 03:50:00,0.254702533654778,0.002118095123714397,0.055804644564773576
30-Jan-2000 03:55:00,0.24981717053122002,0.002109878508497682,0.055152498017017396
30-Jan-2000 04:00:00,0.24519802221918519,0.0021016810235565957,0.05451262771719088
30-Jan-2000 04:05:00,0.24192349547367684,0.0020934560320790487,0.054021059937982584
30-Jan-2000 04:10:00,0.23988932389582499,0.00208526255236071,0.05371133667911614
30-Jan-2000 04:15:00,0.238537225011136,0.0020771307575157545,0.053512375675421976
30-Jan-2000 04:20:00,0.2375003530335394,0.002069065019712734,0.053361716486808215
30-Jan-2000 04:25:00,0.23658841509460432,0.0020610613987638677,0.053232642065101435
30-Jan-2000 04:30:00,0.23571339741215588,0.0020531145680024072,0.05311047341542792
30-Jan-2000 04:35:00,0.234839881345149,0.0020452198946356286,0.05298900079294376
30-Jan-2000 04:40:00,0.23395767870964668,0.00203737381903367,0.05286619752459438
30-Jan-2000 04:45:00,0.23306738941413174,0.0020295737269525496,0.05274188375079386
30-Jan-2000 04:50:00,0.23217395769667068,0.0020218177222216167,0.05261664679926073
30-Jan-2000 04:55:00,0.23128355949274687,0.0020141044221733697,0.05249133069011423
30-Jan-2000 05:00:00,0.23064289385183157,0.0020064201403778553,0.052380384701781635
30-Jan-2000 05:05:00,0.2314335360066193,0.0019987364120025676,0.052439389638577534
30-Jan-2000 05:10:00,0.23338027229511338,0.001991082550808946,0.052683384922536027
30-Jan-2000 05:15:00,0.23584068899333038,0.0019834766525248155,0.05301598963927996
30-Jan-2000 05:20:00,0.23845341166958833,0.001975922481476779,0.05337655882476976
30-Jan-2000 05:25:00,0.24105493029839925,0.001968418574105638,0.053742492919553894
30-Jan-2000 05:30:00,0.24358197979559218,0.0019609622816214073,0.05409147953036761
30-Jan-2000 05:35:00,0.24601666148532766,0.0019535510900135387,0.05442694237916753
30-Jan-2000 05:40:00,0.24836023117377692,0.0019461829330901107,0.05474535006887995
30-Jan-2000 05:45:00,0.2506211001411846,0.0019388561883434204,0.05505195748720738
30-Jan-2000 05:50:00,0.25281763283565434,0.001931569594604089,0.055347205916105015
30-Jan-2000 05:55:00,0.2551162064094153,0.0019243221657818275,0.05564738208313439
30-Jan-2000 06:00:00,0.25781555104404863,0.06470811092224002,0.05598581469992235
30-Jan-2000 06:05:00,0.26158106579838586,0.060548732751474196,0.056449584392652484
30-Jan-2000 06:10:00,0.26606100538708893,0.05898434593439375,0.057018990708909034
30-Jan-2000 06:15:00,0.27077447366140256,0.058369587189523335,0.057623402085958175
30-Jan-2000 06:20:00,0.2754948872274939,0.05813157723322772,0.05822655983070305
30-Jan-2000 06:25:00,0.28015591073361423,0.05804295864692455,0.058816858402732215
30-Jan-2000 06:30:00,0.28476454347752633,0.0580114602998378,0.0593940707098579
30-Jan-2000 06:35:00,0.2893761954925279,0.05800084564591175,0.05996456069868894
30-Jan-2000 06:40:00,0.29400345435429925,0.05799747206401623,0.06053169686647164
30-Jan-2000 06:45:00,0.2986440523970802,0.057996448346336854,0.061095226743889265
30-Jan-2000 06:50:00,0.30329524798541535,0.05799611949715072,0.06165496074189496
30-Jan-2000 06:55:00,0.3079522638436431,0.05799596602220407,0.06221049638007597
30-Jan-2000 07:00:00,0.312806262542118,0.05799908609090262,0.06277122511400818
30-Jan-2000 07:05:00,0.3187034664475321,0.05800159489389114,0.06343451016008425
30-Jan-2000 07:10:00,0.325310486859681,0.058002507742591414,0.06418740566840592
30-Jan-2000 07:15:00,0.3321577048101964,0.058002785745456226,0.06496788288870302
30-Jan-2000 07:20:00,0.33901814935242747,0.05800281146015742,0.06574444404616445
30-Jan-2000 07:25:00,0.345798896992924,0.058002737253289145,0.06650455843762232
30-Jan-2000 07:30:00,0.3524668780510497,0.05800262383809042,0.06724415204415601
30-Jan-2000 07:35:00,0.3590136803008434,0.05800249540630987,0.06796258910052623
30-Jan-2000 07:40:00,0.36544079979681093,0.058002361594230285,0.0686605319705988
30-Jan-2000 07:45:00,0.3717532465028236,0.05800222623692971,0.06933910543319577
30-Jan-2000 07:50:00,0.3779560925198911,0.05800209085737283,0.06999940782010292
30-Jan-2000 07:55:00,0.3840544608110435,0.058001956057060135,0.07064248768877081
30-Jan-2000 08:00:00,0.3900537433325307,0.05800182207027946,0.07126936922483529
30-Jan-2000 08:05:00,0.39595890457056,0.05800168898502313,0.07188099455349098
30-Jan-2000 08:10:00,0.4017742102282947,0.058001556831036034,0.07247821201323121
30-Jan-2000 08:15:00,0.40750307841444117,0.058001425614908224,0.07306173043833926
30-Jan-2000 08:20:00,0.41314863833465126,0.058001295334053724,0.07363219584923397
30-Jan-2000 08:25:00,0.41871377979306706,0.05800116598229632,0.07419020238859564
30-Jan-2000 08:30:00,0.4242014046296336,0.05800103755208261,0.0747363106374617
30-Jan-2000 08:35:00,0.4296144579717128,0.058000910035364166,0.07527107923072383
30-Jan-2000 08:40:00,0.4349551832302766,0.05800078342395664,0.07579497627563563
30-Jan-2000 08:45:00,0.4402256622051894,0.05800065770967158,0.07630842937521609
30-Jan-2000 08:50:00,0.4454282075789296,0.0580005328843813,0.0768118645087368
30-Jan-2000 08:55:00,0.45056476639755055,0.05800040894002294,0.07730567684392368
30-Jan-2000 09:00:00,0.4557338134984995,0.05800028586002981,0.07779427372352374
30-Jan-2000 09:05:00,0.4613490059463001,0.05800016363611416,0.07831656208742695
30-Jan-2000 09:10:00,0.4672574693519688,0.05800004227639859,0.07886825647246674
30-Jan-2000 09:15:00,0.47324296825339884,0.057999921771943366,0.07942656370055413
30-Jan-2000 09:20:00,0.4792004289502511,0.057999802112379255,0.07997981086192281
30-Jan-2000 09:25:00,0.4850873896551108,0.05799968328854187,0.0805233170366686
30-Jan-2000 09:30:00,0.49088946281095924,0.05799956529219231,0.08105560173294056
30-Jan-2000 09:35:00,0.49660334900031217,0.057999448115611606,0.08157643883443039
30-Jan-2000 09:40:00,0.5022306344310331,0.05799933175135196,0.08208612373074907
30-Jan-2000 09:45:00,0.5077743440797865,0.05799921619213626,0.08258512476490266
30-Jan-2000 09:50:00,0.5132382638195144,0.05799910143079063,0.08307395105435218
30-Jan-2000 09:55:00,0.5186262810937047,0.05799898746023924,0.08355314279503041
30-Jan-2000 10:00:00,0.5241352904152051,0.057998874257957356,0.08403070592182028
30-Jan-2000 10:05:00,0.5305886658600114,0.057998761816598556,0.08457851073801224
30-Jan-2000 10:10:00,0.5376719384631158,0.0579986501578542,0.08518737266745324
30-Jan-2000 10:15:00,0.5449578469626228,0.057998539272540325,0.08581523655342972
30-Jan-2000 10:20:00,0.5522431537424173,0.05799842914903409,0.08644100707762208
30-Jan-2000 10:25:00,0.5594457662871402,0.05799831977783641,0.08705620747762234
30-Jan-2000 10:30:00,0.5665378564874957,0.05799821115103933,0.08765802889916427
30-Jan-2000 10:35:00,0.5735172667724074,0.05799810326156776,0.08824628391348407
30-Jan-2000 10:40:00,0.5803842806887176,0.05799799610275906,0.0888212899658185
30-Jan-2000 10:45:00,0.5871403540457558,0.05799788966816751,0.08938338058849604
30-Jan-2000 10:50:00,0.5937892374484267,0.0579977839514719,0.08993307601337323
30-Jan-2000 10:55:00,0.6003356411641046,0.05799767894644155,0.09047097790455942
30-Jan-2000 11:00:00,0.6069878088235119,0.0579975746330063,0.09100507968348341
30-Jan-2000 11:05:00,0.6145827232496035,0.05799747100494377,0.09160379566330847
30-Jan-2000 11:10:00,0.6227673401505603,0.0579973680816119,0.09225523586556435
30-Jan-2000 11:15:00,0.6311245381451441,0.05799726585472374,0.09292094474135458
30-Jan-2000 11:20:00,0.6394638119648047,0.05799716431398373,0.09358263063118939
30-Jan-2000 11:25:00,0.6477094601474908,0.05799706345102955,0.09423313069334784
30-Jan-2000 11:30:00,0.6558352405598862,0.05799696325890549,0.0948700777396103
30-Jan-2000 11:35:00,0.6638354049100518,0.05799686373138764,0.09549307260799351
30-Jan-2000 11:40:00,0.6717129390379599,0.057996764862607755,0.09610252456106042
30-Jan-2000 11:45:00,0.6794732168150089,0.057996666646889454,0.0966990879144217
30-Jan-2000 11:50:00,0.6871216744777243,0.05799656907866023,0.09728341279929104
30-Jan-2000 11:55:00,0.6946639289302206,0.057996472152429465,0.09785613707716583
30-Jan-2000 12:00:00,0.7023220933462575,0.05799637585025808,0.09842533649801727
30-Jan-2000 12:05:00,0.7109266207191245,0.05799628016685957,0.0990549256943149
30-Jan-2000 12:10:00,0.7201007369245517,0.05799618511957704,0.09973130644492643
30-Jan-2000 12:15:00,0.7294388834071002,0.057996090700919774,0.1004196948951488
30-Jan-2000 12:20:00,0.7387590148771662,0.05799599690174229,0.10110394903008307
30-Jan-2000 12:25:00,0.7479887616005925,0.05799590371465602,0.10177773773308937
30-Jan-2000 12:30:00,0.7571037764796974,0.05799581113352856,0.10243901498616163
30-Jan-2000 12:35:00,0.7660994325831392,0.05799571915286424,0.10308750882755133
30-Jan-2000 12:40:00,0.7749778829071083,0.057995627767482405,0.10372353970921025
30-Jan-2000 12:45:00,0.7837444114783523,0.057995536972367034,0.10434768258491843
30-Jan-2000 12:50:00,0.7924055501583311,0.0579954467625916,0.10496060076142423
30-Jan-2000 12:55:00,0.8009666342322735,0.05799535713330363,0.10556288528957597
30-Jan-2000 13:00:00,0.8092159305431448,0.05799526809112735,0.10614810075632265
30-Jan-2000 13:05:00,0.8163387209842318,0.05799517963145675,0.10665823795111942
30-Jan-2000 13:10:00,0.8227156253336958,0.057995091728735314,0.10710662234057101
30-Jan-2000 13:15:00,0.8287546045167303,0.057995004380221135,0.10752569080509448
30-Jan-2000 13:20:00,0.8346443289861938,0.057994917584923755,0.10793108473246767
30-Jan-2000 13:25:00,0.8404639860869109,0.05799483134036606,0.10832943475052707
30-Jan-2000 13:30:00,0.8462457909197428,0.05799474564300933,0.10872344865270281
30-Jan-2000 13:35:00,0.8520023008370643,0.0579946604888094,0.10911421781292835
30-Jan-2000 13:40:00,0.8577376953418514,0.05799457587351698,0.10950213336468916
30-Jan-2000 13:45:00,0.8634529958819076,0.057994491792830095,0.10988732370729892
30-Jan-2000 13:50:00,0.8691479059183889,0.057994408242440454,0.1102698098623417
30-Jan-2000 13:55:00,0.8748218064327183,0.05799432521806653,0.11064957759953971
30-Jan-2000 14:00:00,0.8800731126568185,0.05799424273729714,0.1110142641143893
30-Jan-2000 14:05:00,0.883311818028228,0.05799416079703819,0.11125689453855535
30-Jan-2000 14:10:00,0.8851597881914618,0.05799407935263022,0.11139293436067055
30-Jan-2000 14:15:00,0.8864186279416377,0.057993998403019574,0.11148155519135243
30-Jan-2000 14:20:00,0.8874770357318236,0.05799391795104914,0.1115531727541264
30-Jan-2000 14:25:00,0.8885000777626397,0.05799383799679456,0.11162089877263653
30-Jan-2000 14:30:00,0.8895532067203354,0.05799375853821116,0.11168999838226386
30-Jan-2000 14:35:00,0.8906598140578454,0.05799367957219216,0.11176240126473286
30-Jan-2000 14:40:00,0.8918260604484635,0.057993601095169635,0.11183866395691504
30-Jan-2000 14:45:00,0.8930512657431405,0.05799352310340713,0.11191879442293774
30-Jan-2000 14:50:00,0.8943321753536053,0.057993445593105375,0.11200259163582009
30-Jan-2000 14:55:00,0.8956646857068478,0.05799336856047979,0.11208978328765501
30-Jan-2000 15:00:00,0.896864143377451,0.05799329201236802,0.11217467798463417
30-Jan-2000 15:05:00,0.897145177159865,0.057993215945815864,0.11220596099307051
30-Jan-2000 15:10:00,0.8967635483021476,0.05799314033727436,0.11218712196981266
30-Jan-2000 15:15:00,0.8961162864692627,0.05799306518438921,0.11214664862454814
30-Jan-2000 15:20:00,0.8954029059798345,0.05799299048689361,0.11209992316688179
30-Jan-2000 15:25:00,0.8947086954852589,0.057992916243230816,0.1120536711125165
30-Jan-2000 15:30:00,0.8940667107323669,0.05799284245081884,0.11201056224021227
30-Jan-2000 15:35:00,0.893487605632473,0.05799276910656221,0.11197150921171865
30-Jan-2000 15:40:00,0.89297277579239,0.0579926962071432,0.11193669220271237
30-Jan-2000 15:45:00,0.8925199511086102,0.057992623749178455,0.11190599762320198
30-Jan-2000 15:50:00,0.8921255258138168,0.05799255172926059,0.11187920179466038
30-Jan-2000 15:55:00,0.8917855121009889,0.05799248014400744,0.11185604652068683
30-Jan-2000 16:00:00,0.8914094978455135,0.057992408995110704,0.11183368541416733
30-Jan-2000 16:05:00,0.8906083421615056,0.057992112555681485,0.11178679834445125
30-Jan-2000 16:10:00,0.8894961768139149,0.057989642213086175,0.11171619987584569
30-Jan-2000 16:15:00,0.8882685821656741,0.05798729283829753,0.11163584798748977
30-Jan-2000 16:20:00,0.8870255202628824,0.05798587385751574,0.1115534652261148
30-Jan-2000 16:25:00,0.8858095821052707,0.05798513238177482,0.11147243484186191
30-Jan-2000 16:30:00,0.8846367636650662,0.057984760303878155,0.11139407204988747
30-Jan-2000 16:35:00,0.8835115793366853,0.05798456470741614,0.11131878856547792
30-Jan-2000 16:40:00,0.8824337923099389,0.057984446786570186,0.11124661815745765
30-Jan-2000 16:45:00,0.8814013087248342,0.057984361097099,0.11117744391272645
30-Jan-2000 16:50:00,0.8804114343019851,0.057984288218973064,0.11111109652213899
30-Jan-2000 16:55:00,0.8794613944044227,0.05798422032630918,0.11104739625748264
30-Jan-2000 17:00:00,0.8785484994880999,0.05798415442752184,0.11098616714632664
30-Jan-2000 17:05:00,0.877670200866848,0.0579840894374573,0.1109272415034671
30-Jan-2000 17:10:00,0.8768241040735961,0.05798402498423133,0.11087046146697203
30-Jan-2000 17:15:00,0.8760079521184283,0.05798396094846547,0.11081567812132187
30-Jan-2000 17:20:00,0.8752196150185994,0.05798389729453597,0.11076275070065453
30-Jan-2000 17:25:00,0.874457085153852,0.0579838340122663,0.1107115462936298
30-Jan-2000 17:30:00,0.873718471930985,0.0579837710981828,0.1106619395576182
30-Jan-2000 17:35:00,0.8730019913579289,0.05798370855008677,0.1106138121403218
30-Jan-2000 17:40:00,0.8723059559167293,0.0579836463657622,0.1105670519554091
30-Jan-2000 17:45:00,0.8716287728763887,0.05798358454279522,0.110521553007303
30-Jan-2000 17:50:00,0.8709689438252097,0.05798352307864111,0.11047721540333337
30-Jan-2000 17:55:00,0.8703250619228831,0.05798346197069496,0.1104339452271687
30-Jan-2000 18:00:00,0.8696958052675705,0.008748972652385166,0.11039165419459811
30-Jan-2000 18:05:00,0.8690798842460168,0.0042796786610882495,0.11035025789720038
30-Jan-2000 18:10:00,0.8684748223441962,0.002557753530314152,0.11030962417761248
30-Jan-2000 18:15:00,0.8678730789422444,0.0017261884676287456,0.11026933438244954
30-Jan-2000 18:20:00,0.8672615008060768,0.0012919149471949962,0.11022856593057816
30-Jan-2000 18:25:00,0.8666254965589166,0.0010684773768576193,0.11018633645910103
30-Jan-2000 18:30:00,0.8659525528427425,0.000964881899184596,0.11014176567387979
30-Jan-2000 18:35:00,0.865233609853152,0.0009229927669507865,0.11009419417480361
30-Jan-2000 18:40:00,0.8644630213406677,0.0009077056253786957,0.11004319563874207
30-Jan-2000 18:45:00,0.8636379040925612,0.0009015519171781007,0.10998853813914718
30-Jan-2000 18:50:00,0.8627574283058199,0.0008978440333896805,0.10993013607889535
30-Jan-2000 18:55:00,0.8618222045904522,0.000894789339032104,0.10986800790476157
30-Jan-2000 19:00:00,0.8609190676637528,0.0008918773604080613,0.10980482617777894
30-Jan-2000 19:05:00,0.8604358315986385,0.0008889928940906269,0.10976619539614635
30-Jan-2000 19:10:00,0.8602585205863786,0.000886122629598296,0.10975136675999358
30-Jan-2000 19:15:00,0.8601890553319538,0.0009069037322544081,0.10974593521301095
30-Jan-2000 19:20:00,0.8601261611725722,0.0009805022834585024,0.10974192477165841
30-Jan-2000 19:25:00,0.8600267257873191,0.001050295293282751,0.10973584980545072
30-Jan-2000 19:30:00,0.8598746017457336,0.0010994862222459755,0.10972636353918844
30-Jan-2000 19:35:00,0.8596652662412846,0.0011293071326727905,0.10971305104716034
30-Jan-2000 19:40:00,0.8593989962254791,0.0011454304028170098,0.10969588524101266
30-Jan-2000 19:45:00,0.8590779533589953,0.001153010400396725,0.10967499305617591
30-Jan-2000 19:50:00,0.8587049688263261,0.0011556024338521841,0.10965055760498618
30-Jan-2000 19:55:00,0.8582830463881069,0.0011553998189648938,0.10962277804319558
30-Jan-2000 20:00:00,0.8576437607715051,0.0011536906773214595,0.10958662718005528
30-Jan-2000 20:05:00,0.8560264612522913,0.0011511991279175946,0.10949161585070408
30-Jan-2000 20:10:00,0.8536638319126613,0.001148310965327643,0.10933974515421026
30-Jan-2000 20:15:00,0.8509533478963787,0.0011452556480977842,0.10915976575508968
30-Jan-2000 20:20:00,0.8481045858544163,0.001142158670417997,0.10896803394829274
30-Jan-2000 20:25:00,0.8452122134850824,0.001139079462490854,0.10877208807556589
30-Jan-2000 20:30:00,0.8423167502274505,0.0011360412279718742,0.10857519246252256
30-Jan-2000 20:35:00,0.8394349695494053,0.0011330492958873599,0.10837871435474535
30-Jan-2000 20:40:00,0.8365733943602526,0.0011301010902970618,0.10818320064019553
30-Jan-2000 20:45:00,0.8337343316602107,0.001127191174302976,0.10798885323001865
30-Jan-2000 20:50:00,0.8309183727682805,0.0011243136354014858,0.10779573568712073
30-Jan-2000 20:55:00,0.8281253958202593,0.0011214631007397152,0.10760385295830137
30-Jan-2000 21:00:00,0.8251149457184301,0.0011186342190725603,0.10740575174793016
30-Jan-2000 21:05:00,0.8207836826470761,0.001115820778257237,0.10712733701319684
30-Jan-2000 21:10:00,0.8154121675158921,0.0011130228019654242,0.1067672589080881
30-Jan-2000 21:15:00,0.809571518257813,0.0011102401387208577,0.10636676080840003
30-Jan-2000 21:20:00,0.8035784782039668,0.0011074714322771959,0.10595083944717042
30-Jan-2000 21:25:00,0.7975795293601525,0.0011047151487480844,0.1055313922112247
30-Jan-2000 21:30:00,0.791637731948377,0.0011019700078364477,0.10511366904709984
30-Jan-2000 21:35:00,0.7857780893306411,0.0010992350480722053,0.10469984335483908
30-Jan-2000 21:40:00,0.7800088266719519,0.0010965095769823205,0.10429071015898769
30-Jan-2000 21:45:00,0.7743309932636392,0.0010937931036661122,0.10388647649658599
30-Jan-2000 21:50:00,0.7687426836245607,0.0010910852812546306,0.10348708684144599
30-Jan-2000 21:55:00,0.7632410799381967,0.0010883858636020326,0.1030924063404547
30-Jan-2000 22:00:00,0.7575405611963715,0.001085694047541603,0.10269318490321466
30-Jan-2000 22:05:00,0.7502786440563942,0.0010830072374052877,0.10219503052316989
30-Jan-2000 22:10:00,0.74169263303171,0.0010803271823206847,0.10158774500067055
30-Jan-2000 22:15:00,0.7324716650157187,0.0010776559755695384,0.10092148494306313
30-Jan-2000 22:20:00,0.7230355753356843,0.0010749941755411722,0.10023014758384949
30-Jan-2000 22:25:00,0.7135940373629209,0.0010723415172176978,0.09953129041387491
30-Jan-2000 22:30:00,0.7042432469903094,0.0010696975532585912,0.09883322533504023
30-Jan-2000 22:35:00,0.6950253897637874,0.0010670619040940158,0.09813975189063971
30-Jan-2000 22:40:00,0.6859566852912308,0.0010644343024125158,0.09745249599244418
30-Jan-2000 22:45:00,0.6770404136687488,0.001061814572306042,0.09677198328531038
30-Jan-2000 22:50:00,0.6682746210280736,0.0010592025993668374,0.09609827025366213
30-Jan-2000 22:55:00,0.659654912465501,0.0010565983072259681,0.0954311790778609
30-Jan-2000 23:00:00,0.6511187639085417,0.0010540014810921396,0.09476849689606054
30-Jan-2000 23:05:00,0.6423562599201798,0.0010514115417934642,0.09408768433508363
30-Jan-2000 23:10:00,0.6333750237299258,0.001048829046622885,0.09338261483354325
30-Jan-2000 23:15:00,0.6243186647432162,0.0010462544134285088,0.09266400643596553
30-Jan-2000 23:20:00,0.6152875620014525,0.00104368764960515,0.0919404971176279
30-Jan-2000 23:25:00,0.6063351208820854,0.0010411286216812593,0.0912169578982108
30-Jan-2000 23:30:00,0.5974864244390724,0.0010385771968609275,0.0904958071682934
30-Jan-2000 23:35:00,0.5887503831733386,0.0010360332773012985,0.08977804742681247
30-Jan-2000 23:40:00,0.5801289264844992,0.0010334967960490004,0.08906399743420518
30-Jan-2000 23:45:00,0.5716205880628783,0.0010309677061997955,0.08835367300686905
30-Jan-2000 23:50:00,0.5632216235392226,0.0010284459722962565,0.0876468893108673
30-Jan-2000 23:55:00,0.5549266968173362,0.0010259315649860077,0.08694329226660104
31-Jan-2000 00:00:00,0.5467307232439935,0.0010234244580508726,0.08624251254952095
31-Jan-2000 00:05:00,0.5386292372894816,0.0010209246268499633,0.08554423056701775
31-Jan-2000 00:10:00,0.5306170247241959,0.0010184320475441105,0.08484807208765054
31-Jan-2000 00:15:00,0.5226894168154,0.0010159466967156788,0.08415365608852539
31-Jan-2000 00:20:00,0.5148423217996408,0.001013468551189299,0.0834606615563063
31-Jan-2000 00:25:00,0.5070739580707025,0.0010109975879515785,0.08276887320938996
31-Jan-2000 00:30:00,0.499385170872421,0.0010085337841082241,0.08207846213796052
31-Jan-2000 00:35:00,0.49176872219035583,0.0010060771168731587,0.0813889078928199
31-Jan-2000 00:40:00,0.48421807380588655,0.0010036275635568245,0.08069959380893271
31-Jan-2000 00:45:00,0.4767283551459687,0.0010011851015615447,0.08001005563870146
31-Jan-2000 00:50:00,0.4692949926939247,0.0009987497083837093,0.07931985215039018
31-Jan-2000 00:55:00,0.46191549880757754,0.0009963213616086815,0.07862868053912125
31-Jan-2000 01:00:00,0.4545885683738814,0.0009939000389127836,0.07793639638338937
31-Jan-2000 01:05:00,0.44731144287518726,0.000991485718060854,0.07724273706336393
31-Jan-2000 01:10:00,0.44007987984809793,0.0009890783769067836,0.07654728066503046
31-Jan-2000 01:15:00,0.43289072186251604,0.0009866779933900595,0.075849625096197
31-Jan-2000 01:20:00,0.42574212459336175,0.0009842845455394756,0.07514951630066107
31-Jan-2000 01:25:00,0.4186325243700575,0.0009818980114692716,0.07444672683646111
31-Jan-2000 01:30:00,0.41155979553831523,0.0009795183693772848,0.07374098391392896
31-Jan-2000 01:35:00,0.4045227262785898,0.0009771455975485905,0.07303203792017166
31-Jan-2000 01:40:00,0.39752136926812826,0.0009747796743517446,0.07231979468339962
31-Jan-2000 01:45:00,0.39055497579212073,0.000972420578237439,0.07160408312831369
31-Jan-2000 01:50:00,0.38364735499651786,0.0009700682877409737,0.07088648937887129
31-Jan-2000 01:55:00,0.3767963269322996,0.0009677227814794745,0.07016802284828977
31-Jan-2000 02:00:00,0.3699845340433127,0.000965384038150791,0.06944658079152953
31-Jan-2000 02:05:00,0.36320432195651087,0.0009630520365338217,0.06872108522353094
31-Jan-2000 02:10:00,0.356452405980504,0.0009607267554872536,0.06799098523625022
31-Jan-2000 02:15:00,0.3497269012697437,0.0009584081739525523,0.06725588939241486
31-Jan-2000 02:20:00,0.34302800887025503,0.0009560962709452973,0.06651561295762995
31-Jan-2000 02:25:00,0.3363572292062866,0.0009537910255643982,0.0657701145280384
31-Jan-2000 02:30:00,0.32971660558438753,0.000951492416983063,0.06501946579240107
31-Jan-2000 02:35:00,0.3231060824901438,0.0009492004244521817,0.06426351340028623
31-Jan-2000 02:40:00,0.31652820302688583,0.0009469150273025693,0.06350227395371542
31-Jan-2000 02:45:00,0.3099853017938131,0.0009446362049388637,0.06273588049439345
31-Jan-2000 02:50:00,0.3034788941445976,0.0009423639368397192,0.061964319338150706
31-Jan-2000 02:55:00,0.29701090630190263,0.000940098202561686,0.061187624452177215
31-Jan-2000 03:00:00,0.29063869229555866,0.0009378385967534764,0.06040861658648886
31-Jan-2000 03:05:00,0.28468232074951333,0.0009355841233027209,0.05966305327671553
31-Jan-2000 03:10:00,0.27914719761877155,0.0009333358038731393,0.05896408295649917
31-Jan-2000 03:15:00,0.27387962219276113,0.0009310942823262844,0.05829467699653775
31-Jan-2000 03:20:00,0.26876659797568536,0.0009288596509793543,0.057639835562642586
31-Jan-2000 03:25:00,0.26374580341936665,0.0009266318090742587,0.05699076084479112
31-Jan-2000 03:30:00,0.25878783781143544,0.000924410625290847,0.05634303287920368
31-Jan-2000 03:35:00,0.25388154156638626,0.0009221959880336641,0.055694817708676736
31-Jan-2000 03:40:00,0.24902512075305389,0.0009199878131606009,0.05504564795926949
31-Jan-2000 03:45:00,0.244221429641337,0.0009177860391027781,0.05439577452202899
31-Jan-2000 03:50:00,0.23947544120709188,0.00091559062011146,0.053745221908621695
31-Jan-2000 03:55:00,0.23479229740057278,0.0009134015207294243,0.053106259297178396
31-Jan-2000 04:00:00,0.23037885522261947,0.0009112178603871146,0.05246968207438576
31-Jan-2000 04:05:00,0.22732302930525905,0.0009090375033153677,0.05198614570233578
31-Jan-2000 04:10:00,0.2255105715032465,0.0009068625561910192,0.05169331816092796
31-Jan-2000 04:15:00,0.224373565953516,0.0009046943673730318,0.05151323738881637
31-Jan-2000 04:20:00,0.22354157379264408,0.0009025332373448734,0.05138642116645902
31-Jan-2000 04:25:00,0.2228241546612785,0.000900379075266221,0.05128070698612195
31-Jan-2000 04:30:00,0.22213465008167613,0.0008982316942882212,0.05118093442015985
31-Jan-2000 04:35:00,0.2214392941177655,0.0008960909134017219,0.051080873620988516
31-Jan-2000 04:40:00,0.22072938246253593,0.0008939565840516395,0.050978624268937824
31-Jan-2000 04:45:00,0.22000711308472518,0.0008918285910825809,0.05087422679935675
31-Jan-2000 04:50:00,0.21927870767532257,0.0008897068466124963,0.05076848588702165
31-Jan-2000 04:55:00,0.21855128244476424,0.0008875912832038204,0.05066242166970291
31-Jan-2000 05:00:00,0.2180746607052406,0.0008854813216203084,0.050571180146035545
31-Jan-2000 05:05:00,0.21903804178559402,0.000883375373164467,0.050656830986484165
31-Jan-2000 05:10:00,0.2211566093066437,0.000881274668993495,0.05093418124392402
31-Jan-2000 05:15:00,0.22378111397383935,0.0008791802158531267,0.05130197707457384
31-Jan-2000 05:20:00,0.22654877453337052,0.0008770923056684969,0.05169695419264238
31-Jan-2000 05:25:00,0.2292970741782569,0.0008750109198159306,0.05209007473105139
31-Jan-2000 05:30:00,0.231964251728717,0.0008729359468802172,0.05247014592753276
31-Jan-2000 05:35:00,0.23453411604201296,0.0008708672650589951,0.05283408716699563
31-Jan-2000 05:40:00,0.2370093914870269,0.0008688047671157726,0.053182177872024256
31-Jan-2000 05:45:00,0.23939960681790054,0.0008667483646866199,0.05351590656830798
31-Jan-2000 05:50:00,0.24171594072796024,0.0008646979862466719,0.05384208635023623
31-Jan-2000 05:55:00,0.24396913083999847,0.0008626535737342488,0.05415215201191338
31-Jan-2000 06:00:00,0.2463471231925702,0.06476820099647113,0.054464508876575966
31-Jan-2000 06:05:00,0.24965542582574124,0.06055235372748913,0.054880371040024085
31-Jan-2000 06:10:00,0.2536628190354763,0.05897381576925019,0.055402430574916305
31-Jan-2000 06:15:00,0.2579438684208318,0.058353496239977154,0.05596571932899161
31-Jan-2000 06:20:00,0.26229083719531143,0.058113253088867105,0.05653600259747334
31-Jan-2000 06:25:00,0.2666408950877692,0.05802381237812916,0.05710178895921755
31-Jan-2000 06:30:00,0.27099697588594485,0.05799207313108598,0.057662369229954734
31-Jan-2000 06:35:00,0.27538163064202265,0.05798144719291102,0.058220516114660406
31-Jan-2000 06:40:00,0.2798128833718486,0.057978148509535865,0.058778853748194554
31-Jan-2000 06:45:00,0.2842969148447002,0.057977229950284905,0.05933844463606973
31-Jan-2000 06:50:00,0.2888559071279803,0.05797701578253944,0.05990113854244664
31-Jan-2000 06:55:00,0.29348292956627814,0.0579769792546193,0.06046780949693783
31-Jan-2000 07:00:00,0.29834378796786637,0.057980101103448325,0.0610445559218913
31-Jan-2000 07:05:00,0.30427437030367566,0.05798261383017638,0.06172964773098947
31-Jan-2000 07:10:00,0.31093636066644803,0.05798359838616139,0.06250906233159953
31-Jan-2000 07:15:00,0.3178526059154646,0.0579839744273436,0.06331801754560933
31-Jan-2000 07:20:00,0.3247893807605629,0.057984108069651215,0.0641232432277407
31-Jan-2000 07:25:00,0.33165143224591037,0.057984145164994755,0.06491150681903472
31-Jan-2000 07:30:00,0.33840608561564883,0.0579841438471194,0.06567869377917943
31-Jan-2000 07:35:00,0.3450442738925846,0.05798412728947724,0.0664241549743817
31-Jan-2000 07:40:00,0.3515662442750333,0.05798410472952602,0.06714848911256631
31-Jan-2000 07:45:00,0.3579758157607517,0.05798407984928421,0.06785273313174255
31-Jan-2000 07:50:00,0.36427865140165694,0.05798405411614363,0.06853808432295554
31-Jan-2000 07:55:00,0.3704801414206473,0.057984028114644724,0.06920571445449286
31-Jan-2000 08:00:00,0.3765842608026253,0.05798400207740049,0.069856570114013
31-Jan-2000 08:05:00,0.38259478782685385,0.0579839760967253,0.07049151601726622
31-Jan-2000 08:10:00,0.38851578129057457,0.05798395020900576,0.07111138926562606
31-Jan-2000 08:15:00,0.39435110238690596,0.05798392442834152,0.07171699048364974
31-Jan-2000 08:20:00,0.40010428158150657,0.05798389875994925,0.07230905363741909
31-Jan-2000 08:25:00,0.4057779596948353,0.05798387320550462,0.07288818900082475
31-Jan-2000 08:30:00,0.4113745697634836,0.05798384776527623,0.07345495117736084
31-Jan-2000 08:35:00,0.4168963828200227,0.0579838224389754,0.07400985496681523
31-Jan-2000 08:40:00,0.42234558879614964,0.057983797226093176,0.07455338079315092
31-Jan-2000 08:45:00,0.42772468954337967,0.057983772126033395,0.07508602064482639
31-Jan-2000 08:50:00,0.4330355768418532,0.05798374713817329,0.07560820334599165
31-Jan-2000 08:55:00,0.43827991206560163,0.057983722261878104,0.07612030766534866
31-Jan-2000 09:00:00,0.44355594121245495,0.05798369749478597,0.07662679779602219
31-Jan-2000 09:05:00,0.449278000886917,0.05798367283617144,0.07716720438759235
31-Jan-2000 09:10:00,0.4552935383291786,0.05798364828860322,0.0777372295227825
31-Jan-2000 09:15:00,0.4613861168576066,0.05798362385121342,0.07831371072807795
31-Jan-2000 09:20:00,0.46745024652642964,0.05798359952283372,0.07888477416180475
31-Jan-2000 09:25:00,0.4734427425916436,0.057983575302526284,0.07944562601916348
31-Jan-2000 09:30:00,0.479348561669777,0.0579835511895175,0.07999470795112441
31-Jan-2000 09:35:00,0.4851647101021254,0.05798352718313298,0.08053182016240781
31-Jan-2000 09:40:00,0.4908928996240896,0.05798350328273861,0.08105730854110428
31-Jan-2000 09:45:00,0.4965359908662369,0.057983479487726045,0.08157164093452793
31-Jan-2000 09:50:00,0.5020978176363048,0.057983455797488745,0.08207535148108677
31-Jan-2000 09:55:00,0.5075823905257824,0.05798343221143515,0.08256900825604745
31-Jan-2000 10:00:00,0.5131868485254802,0.05798340872576217,0.08306073435627459
31-Jan-2000 10:05:00,0.5197361008702416,0.05798338533977975,0.08362332317067804
31-Jan-2000 10:10:00,0.5269160910654348,0.057983362058811855,0.08424755621905168
31-Jan-2000 10:15:00,0.5342981559103227,0.05798333888179207,0.08489076675159099
31-Jan-2000 10:20:00,0.541677544561825,0.05798331580713572,0.0855314740911954
31-Jan-2000 10:25:00,0.5489720925447974,0.05798329283368046,0.08616109886283194
31-Jan-2000 10:30:00,0.5561531506979028,0.05798326996058158,0.08677678291096398
31-Jan-2000 10:35:00,0.5632182890342553,0.0579832471871546,0.08737825395478017
31-Jan-2000 10:40:00,0.5701702713336602,0.05798322451279342,0.08796609039323196
31-Jan-2000 10:45:00,0.5770107149603987,0.05798320193692385,0.08854066451873867
31-Jan-2000 10:50:00,0.5837433452946763,0.05798317945898784,0.0891025216658657
31-Jan-2000 10:55:00,0.5903726446336486,0.057983157078436,0.08965225903345457
31-Jan-2000 11:00:00,0.5971052599948261,0.057983134791759795,0.09019787142495346
31-Jan-2000 11:05:00,0.6047784990051045,0.05798311259837678,0.09080825885989498
31-Jan-2000 11:10:00,0.613042216766979,0.057983090503159716,0.09147174200148121
31-Jan-2000 11:15:00,0.6214786220237892,0.05798306850509055,0.09214946873926742
31-Jan-2000 11:20:00,0.629895701013273,0.05798304660271024,0.09282288494770857
31-Jan-2000 11:25:00,0.6382175667990951,0.05798302479495334,0.09348471986388143
31-Jan-2000 11:30:00,0.6464184739352112,0.0579830030810495,0.09413265097223045
31-Jan-2000 11:35:00,0.6544925131692269,0.05798298146037403,0.09476628299482777
31-Jan-2000 11:40:00,0.6624417541792474,0.05798295993236495,0.09538597517023424
31-Jan-2000 11:45:00,0.6702718943039667,0.057982938496494926,0.09599239464381713
31-Jan-2000 11:50:00,0.6779892938983799,0.05798291715225194,0.09658628503743544
31-Jan-2000 11:55:00,0.6855995292087202,0.05798289589912775,0.09716831058730341
31-Jan-2000 12:00:00,0.6933241284942042,0.057982874733879544,0.09774655775756652
31-Jan-2000 12:05:00,0.7019945482143731,0.05798285365601337,0.09838543175326714
31-Jan-2000 12:10:00,0.7112343974861682,0.05798283267000516,0.09907128745475074
31-Jan-2000 12:15:00,0.7206368041582072,0.057982811774883396,0.09976902829357873
31-Jan-2000 12:20:00,0.7300191301531382,0.05798279096929968,0.10046230993182761
31-Jan-2000 12:25:00,0.7393102356530229,0.05798277025228149,0.10114487106259844
31-Jan-2000 12:30:00,0.7484853285686474,0.05798274962312204,0.10181464855923997
31-Jan-2000 12:35:00,0.7575393811198173,0.05798272908124511,0.10247132467957115
31-Jan-2000 12:40:00,0.7664753827224055,0.057982708626135616,0.10311529552365975
31-Jan-2000 12:45:00,0.7752985214437803,0.05798268825730805,0.10374715070974737
31-Jan-2000 12:50:00,0.7840140726523569,0.05798266797428736,0.10436748154558555
31-Jan-2000 12:55:00,0.792628535723894,0.0579826477766059,0.10497693750969149
31-Jan-2000 13:00:00,0.8009306813535305,0.057982627666379224,0.10556910997595709
31-Jan-2000 13:05:00,0.8081055517742927,0.05798260764318675,0.1060856881520578
31-Jan-2000 13:10:00,0.8145331545207897,0.05798258770187732,0.10654001921346029
31-Jan-2000 13:15:00,0.8206220936402963,0.05798256784241935,0.10696476997641227
31-Jan-2000 13:20:00,0.826561368435736,0.05798254806517745,0.10737569639739443
31-Jan-2000 13:25:00,0.8324304959861596,0.05798252837016873,0.1077794912865527
31-Jan-2000 13:30:00,0.83826138948684,0.057982508757173055,0.10817887143122573
31-Jan-2000 13:35:00,0.8440664102660448,0.057982489225842045,0.10857490577560573
31-Jan-2000 13:40:00,0.8498504688330296,0.05798246977578179,0.10896803841480747
31-Jan-2000 13:45:00,0.8556146409092918,0.057982450406571726,0.10935840971418136
31-Jan-2000 13:50:00,0.8613586013070101,0.0579824311177859,0.10974603978717064
31-Jan-2000 13:55:00,0.8670814958106976,0.05798241190900071,0.11013090483617327
31-Jan-2000 14:00:00,0.8723825880994821,0.05798239278483957,0.11050060404761965
31-Jan-2000 14:05:00,0.875673191859223,0.057982373745162116,0.11074782781264302
31-Jan-2000 14:10:00,0.8775726212609603,0.057982354780178706,0.11088793769053118
31-Jan-2000 14:15:00,0.8788822683650876,0.05798233589016745,0.11098035409451487
31-Jan-2000 14:20:00,0.8799911490514272,0.057982317076311164,0.11105565623566512
31-Jan-2000 14:25:00,0.8810645706107245,0.05798229833914643,0.11112703515990172
31-Jan-2000 14:30:00,0.8821680975492898,0.05798227967871833,0.11119978909350937
31-Jan-2000 14:35:00,0.8833251521571825,0.057982261094818854,0.11127585913175414
31-Jan-2000 14:40:00,0.88454188301925,0.057982242587124484,0.11135580358176386
31-Jan-2000 14:45:00,0.8858175780500318,0.057982224155270705,0.11143962812641446
31-Jan-2000 14:50:00,0.8871489433574885,0.05798220579887055,0.11152712793370104
31-Jan-2000 14:55:00,0.8885318349437871,0.05798218751753299,0.11161802648195494
31-Jan-2000 15:00:00,0.8897817972004707,0.0579821693133859,0.1117066147447978
31-Jan-2000 15:05:00,0.8901140127977916,0.05798215118623304,0.11174141276379199
31-Jan-2000 15:10:00,0.8897834747054066,0.057982133130977505,0.11172588061438117
31-Jan-2000 15:15:00,0.8891869269532109,0.05798211514753584,0.11168860071243972
31-Jan-2000 15:20:00,0.8885239103109681,0.05798209723632288,0.11164502049893275
31-Jan-2000 15:25:00,0.8878797794142654,0.05798207939743973,0.11160189815684864
31-Jan-2000 15:30:00,0.8872876311860773,0.05798206163073867,0.11156191752140619
31-Jan-2000 15:35:00,0.8867581326970724,0.0579820439359469,0.11152599593982675
31-Jan-2000 15:40:00,0.8862926742531146,0.057982026312733734,0.11149431384835021
31-Jan-2000 15:45:00,0.8858889709534992,0.05798200876074433,0.11146675598003125
31-Jan-2000 15:50:00,0.8855433985586402,0.057981991279617846,0.11144309624290284
31-Jan-2000 15:55:00,0.8852519503454536,0.05798197386898662,0.11142307384893123
31-Jan-2000 16:00:00,0.8849243008751425,0.05798195652972024,0.11140383395394064
31-Jan-2000 16:05:00,0.8841715709604607,0.05798174077212536,0.11135998141378525
31-Jan-2000 16:10:00,0.8831075518530747,0.05797939855727125,0.11129231437452426
31-Jan-2000 16:15:00,0.8819276814971884,0.05797713755943083,0.11121483236967493
31-Jan-2000 16:20:00,0.8807319296538687,0.05797578597857001,0.11113528758946306
31-Jan-2000 16:25:00,0.8795629188683532,0.057975102143733824,0.11105707835247718
31-Jan-2000 16:30:00,0.8784366671310251,0.05797478340082244,0.1109815263804847
31-Jan-2000 16:35:00,0.8773576984108159,0.05797463923640018,0.11090904551629273
31-Jan-2000 16:40:00,0.8763257907558366,0.05797457183112681,0.11083967010643471
31-Jan-2000 16:45:00,0.8753389176454622,0.05797453612273448,0.11077328627063929
31-Jan-2000 16:50:00,0.8743944669813235,0.057974512831686746,0.11070972959712845
31-Jan-2000 16:55:00,0.8734897010777652,0.057974494181683385,0.11064882262508073
31-Jan-2000 17:00:00,0.8726219310464081,0.057974477198503654,0.11059038896294704
31-Jan-2000 17:05:00,0.8717885886564943,0.05797446080369507,0.11053425908926165
31-Jan-2000 17:10:00,0.8709872464707034,0.057974444628845156,0.11048027230723256
31-Jan-2000 17:15:00,0.8702156163549039,0.05797442855720514,0.11042827684935064
31-Jan-2000 17:20:00,0.8694715415485906,0.05797441255559963,0.11037812949690894
31-Jan-2000 17:25:00,0.868752988072933,0.05797439661629054,0.11032969489807858
31-Jan-2000 17:30:00,0.8680580436832143,0.05797438073824303,0.11028284567946665
31-Jan-2000 17:35:00,0.8673849026276427,0.05797436492169901,0.11023746145770384
31-Jan-2000 17:40:00,0.8667318613651197,0.057974349166862685,0.11019342847269817
31-Jan-2000 17:45:00,0.8660973169373655,0.05797433347372839,0.11015063949856375
31-Jan-2000 17:50:00,0.8654797637086694,0.05797431784213609,0.11010899368865872
31-Jan-2000 17:55:00,0.8648777867716468,0.05797430227184411,0.11006839619213077
31-Jan-2000 18:00:00,0.8642900565833016,0.008701852162406884,0.11002875776986532
31-Jan-2000 18:05:00,0.8637152828190255,0.004163757110753913,0.10998999353532218
31-Jan-2000 18:10:00,0.8631509862079434,0.0023645473635540335,0.10995197067324015
31-Jan-2000 18:15:00,0.8625896236465436,0.0014534067783444115,0.10991426894293196
31-Jan-2000 18:20:00,0.8620180407680931,0.0009409316487849396,0.10987606301807364
31-Jan-2000 18:25:00,0.8614216424387214,0.0006502901743380043,0.10983636720487522
31-Jan-2000 18:30:00,0.8607879114134555,0.0004993961530183069,0.10979429818862992
31-Jan-2000 18:35:00,0.8601077881610023,0.0004322887574719928,0.10974919455687228
31-Jan-2000 18:40:00,0.8593756311573911,0.00040805990173876293,0.10970062906345421
31-Jan-2000 18:45:00,0.8585885648894215,0.00040121501675441574,0.1096483697212879
31-Jan-2000 18:50:00,0.8577457682160167,0.00039906976776918454,0.10959233143218225
31-Jan-2000 18:55:00,0.8568478599295184,0.0003978599382329244,0.10953253344297875
31-Jan-2000 19:00:00,0.8559816213699704,0.00039683864896006456,0.10947165461736184
31-Jan-2000 19:05:00,0.8555347139671764,0.00039585747521149564,0.1094353633614773
31-Jan-2000 19:10:00,0.8553933638177078,0.0003948868653030682,0.10942292083751777
31-Jan-2000 19:15:00,0.8553595650191025,0.00039392092032626954,0.10941988463678261
31-Jan-2000 19:20:00,0.85533202963209,0.0003929584531633625,0.10941825382179389
31-Jan-2000 19:25:00,0.8552676244399163,0.0003919992163329332,0.10941453073858909
31-Jan-2000 19:30:00,0.8551501919910747,0.00040314232802714966,0.1094073638787559
31-Jan-2000 19:35:00,0.8549752101179331,0.00043841506359355305,0.10939633720273
31-Jan-2000 19:40:00,0.8547429631490631,0.0004762430857504743,0.1093814241856393
31-Jan-2000 19:45:00,0.854455623308033,0.0005078956668879367,0.10936275302938446
31-Jan-2000 19:50:00,0.8541160331552535,0.0005315366858632093,0.10934050834090026
31-Jan-2000 19:55:00,0.853727207439696,0.0005480882992258723,0.10931489078260893
31-Jan-2000 20:00:00,0.8531208383923728,0.0005592535135606301,0.10928086444922312
31-Jan-2000 20:05:00,0.8515366146036153,0.0005666924795921838,0.10918782805948113
31-Jan-2000 20:10:00,0.8492068772053986,0.0005714960878711775,0.10903776908687467
31-Jan-2000 20:15:00,0.84652895906404,0.00057443670740833,0.10885950579467807
31-Jan-2000 20:20:00,0.8437124386642356,0.0005760884835760513,0.10866944088626371
31-Jan-2000 20:25:00,0.8408520040148628,0.0005768599464908266,0.10847513424253322
31-Jan-2000 20:30:00,0.8379882577097227,0.0005770311643296771,0.10827986570794616
31-Jan-2000 20:35:00,0.835137919200847,0.0005767908302097027,0.10808500316126766
31-Jan-2000 20:40:00,0.8323076192580593,0.0005762658039950778,0.10789110004214066
31-Jan-2000 20:45:00,0.8294997136928771,0.000575541977770956,0.10769836411830541
31-Jan-2000 20:50:00,0.8267147887164951,0.0005746781776234474,0.10750685879250038
31-Jan-2000 20:55:00,0.823952714190208,0.0005737152097526664,0.10731658843952084
31-Jan-2000 21:00:00,0.8209731525153884,0.0005726834336924532,0.10712008479991138
31-Jan-2000 21:05:00,0.8166731180757071,0.000571608947145944,0.10684308743029179
31-Jan-2000 21:10:00,0.8113327596517752,0.0005705014772952389,0.10648421559405664
31-Jan-2000 21:15:00,0.8055228428172103,0.0005693665158746636,0.10608479954141758
31-Jan-2000 21:20:00,0.7995600590471331,0.000568210306102295,0.1056698871664528
31-Jan-2000 21:25:00,0.7935912233590677,0.000567038914521614,0.10525143522221253
31-Jan-2000 21:30:00,0.7876794266784876,0.000565857397309169,0.10483471282231377
31-Jan-2000 21:35:00,0.7818495491019368,0.0005646696206758014,0.10442188889728568
31-Jan-2000 21:40:00,0.7761099029384065,0.0005634784072314353,0.1040137699877424
31-Jan-2000 21:45:00,0.7704614421280268,0.0005622857671100792,0.10361055030993313
31-Jan-2000 21:50:00,0.7649025045854582,0.000561093112637377,0.10321219483111534
31-Jan-2000 21:55:00,0.7594302513676867,0.0005599014285757119,0.102818567839278
31-Jan-2000 22:00:00,0.7537592001350267,0.0005587123124853689,0.10242040023987001
31-Jan-2000 22:05:00,0.7465273014277549,0.0005575304753111777,0.10192309255622148
31-Jan-2000 22:10:00,0.737971260473705,0.0005563548457525662,0.1013163665410225
31-Jan-2000 22:15:00,0.7287798698217526,0.0005551819493853974,0.10065049495802489
31-Jan-2000 22:20:00,0.7193727109177974,0.0005540098920014476,0.09995942835339836
31-Jan-2000 22:25:00,0.7099593125390963,0.0005528383935724351,0.09926077117810397
31-Jan-2000 22:30:00,0.7006364617713432,0.0005516679208155274,0.09856288500755922
31-Jan-2000 22:35:00,0.6914465214463242,0.0005504990897772432,0.09786960261208603
31-Jan-2000 22:40:00,0.6824054150751554,0.0005493324190928192,0.0971825411327514
31-Jan-2000 22:45:00,0.6735165695626328,0.0005481682766156597,0.09650222614590642
31-Jan-2000 22:50:00,0.6647779824298491,0.000547006899821085,0.09582871345950979
31-Jan-2000 22:55:00,0.6561854715178203,0.0005458484325350089,0.09516184832696889
31-Jan-2000 23:00:00,0.6476763017986925,0.0005446934152850958,0.09449938333623423
31-Jan-2000 23:05:00,0.6389411893176797,0.0005435437366584194,0.09381876991934791
31-Jan-2000 23:10:00,0.629987541133394,0.000542398394885376,0.0931138527250231
31-Jan-2000 23:15:00,0.6209583185789028,0.0005412557960623655,0.09239533363622604
31-Jan-2000 23:20:00,0.6119539114108915,0.0005401152862534307,0.09167186323822195
31-Jan-2000 23:25:00,0.6030279814055505,0.0005389768736885122,0.09094834020128369
31-Jan-2000 23:30:00,0.5942055416630573,0.0005378407980749983,0.09022720071912858
31-Jan-2000 23:35:00,0.5854955195541994,0.0005367073048128734,0.08950943301070641
31-Jan-2000 23:40:00,0.5769001348690493,0.000535576574069454,0.08879539068805192
31-Jan-2000 23:45:00,0.5684178832939175,0.000534448718618085,0.08808508896302916
31-Jan-2000 23:50:00,0.5600445496286764,0.0005333238014895521,0.08737830711409919
