station_name,longitude,latitude,timestamp,rainfall_mm,related_facility,node_id
Shatin Pumping Station North Gauge,114.2213,22.3918,2026-03-24 00:00:00,0.1,Shatin SPS,JN-104
Shatin Pumping Station North Gauge,114.2213,22.3918,2026-03-24 00:05:00,0.4,Shatin SPS,JN-104
Shatin Pumping Station North Gauge,114.2213,22.3918,2026-03-24 00:10:00,0.0,Shatin SPS,JN-104
Shatin Pumping Station North Gauge,114.2213,22.3918,2026-03-24 00:15:00,0.0,Shatin SPS,JN-104
Shatin Pumping Station North Gauge,114.2213,22.3918,2026-03-24 00:20:00,0.0,Shatin SPS,JN-104
Shatin Pumping Station North Gauge,114.2213,22.3918,2026-03-24 00:25:00,0.4,Shatin SPS,JN-104
Shatin Pumping Station North Gauge,114.2213,22.3918,2026-03-24 00:30:00,0.0,Shatin SPS,JN-104
Shatin Pumping Station North Gauge,114.2213,22.3918,2026-03-24 00:35:00,0.2,Shatin SPS,JN-104
Shatin Pumping Station North Gauge,114.2213,22.3918,2026-03-24 00:40:00,0.0,Shatin SPS,JN-104
Shatin Pumping Station North Gauge,114.2213,22.3918,2026-03-24 00:45:00,0.1,Shatin SPS,JN-104
Shatin Pumping Station North Gauge,114.2213,22.3918,2026-03-24 00:50:00,0.1,Shatin SPS,JN-104
Shatin Pumping Station North Gauge,114.2213,22.3918,2026-03-24 00:55:00,0.5,Shatin SPS,JN-104
Shatin Pumping Station North Gauge,114.2213,22.3918,2026-03-24 01:00:00,0.1,Shatin SPS,JN-104
Shatin Pumping Station North Gauge,114.2213,22.3918,2026-03-24 01:05:00,0.7,Shatin SPS,JN-104
Shatin Pumping Station North Gauge,114.2213,22.3918,2026-03-24 01:10:00,0.3,Shatin SPS,JN-104
Shatin Pumping Station North Gauge,114.2213,22.3918,2026-03-24 01:15:00,0.7,Shatin SPS,JN-104
Shatin Pumping Station North Gauge,114.2213,22.3918,2026-03-24 01:20:00,0.5,Shatin SPS,JN-104
Shatin Pumping Station North Gauge,114.2213,22.3918,2026-03-24 01:25:00,1.2,Shatin SPS,JN-104
Shatin Pumping Station North Gauge,114.2213,22.3918,2026-03-24 01:30:00,1.0,Shatin SPS,JN-104
Shatin Pumping Station North Gauge,114.2213,22.3918,2026-03-24 01:35:00,1.7,Shatin SPS,JN-104
Shatin Pumping Station North Gauge,114.2213,22.3918,2026-03-24 01:40:00,2.2,Shatin SPS,JN-104
Shatin Pumping Station North Gauge,114.2213,22.3918,2026-03-24 01:45:00,2.4,Shatin SPS,JN-104
Shatin Pumping Station North Gauge,114.2213,22.3918,2026-03-24 01:50:00,2.3,Shatin SPS,JN-104
Shatin Pumping Station North Gauge,114.2213,22.3918,2026-03-24 01:55:00,3.1,Shatin SPS,JN-104
Shatin Pumping Station North Gauge,114.2213,22.3918,2026-03-24 02:00:00,3.2,Shatin SPS,JN-104
Shatin Pumping Station North Gauge,114.2213,22.3918,2026-03-24 02:05:00,3.4,Shatin SPS,JN-104
Shatin Pumping Station North Gauge,114.2213,22.3918,2026-03-24 02:10:00,4.1,Shatin SPS,JN-104
Shatin Pumping Station North Gauge,114.2213,22.3918,2026-03-24 02:15:00,4.2,Shatin SPS,JN-104
Shatin Pumping Station North Gauge,114.2213,22.3918,2026-03-24 02:20:00,3.7,Shatin SPS,JN-104
Shatin Pumping Station North Gauge,114.2213,22.3918,2026-03-24 02:25:00,5.0,Shatin SPS,JN-104
Shatin Pumping Station North Gauge,114.2213,22.3918,2026-03-24 02:30:00,4.3,Shatin SPS,JN-104
Shatin Pumping Station North Gauge,114.2213,22.3918,2026-03-24 02:35:00,4.6,Shatin SPS,JN-104
Shatin Pumping Station North Gauge,114.2213,22.3918,2026-03-24 02:40:00,4.3,Shatin SPS,JN-104
Shatin Pumping Station North Gauge,114.2213,22.3918,2026-03-24 02:45:00,4.0,Shatin SPS,JN-104
Shatin Pumping Station North Gauge,114.2213,22.3918,2026-03-24 02:50:00,3.7,Shatin SPS,JN-104
Shatin Pumping Station North Gauge,114.2213,22.3918,2026-03-24 02:55:00,3.4,Shatin SPS,JN-104
Shatin Pumping Station North Gauge,114.2213,22.3918,2026-03-24 03:00:00,3.0,Shatin SPS,JN-104
Shatin Pumping Station North Gauge,114.2213,22.3918,2026-03-24 03:05:00,2.6,Shatin SPS,JN-104
Shatin Pumping Station North Gauge,114.2213,22.3918,2026-03-24 03:10:00,2.8,Shatin SPS,JN-104
Shatin Pumping Station North Gauge,114.2213,22.3918,2026-03-24 03:15:00,2.1,Shatin SPS,JN-104
Shatin Pumping Station North Gauge,114.2213,22.3918,2026-03-24 03:20:00,1.6,Shatin SPS,JN-104
Shatin Pumping Station North Gauge,114.2213,22.3918,2026-03-24 03:25:00,1.0,Shatin SPS,JN-104
Shatin Pumping Station North Gauge,114.2213,22.3918,2026-03-24 03:30:00,1.2,Shatin SPS,JN-104
Shatin Pumping Station North Gauge,114.2213,22.3918,2026-03-24 03:35:00,1.0,Shatin SPS,JN-104
Shatin Pumping Station North Gauge,114.2213,22.3918,2026-03-24 03:40:00,1.4,Shatin SPS,JN-104
Shatin Pumping Station North Gauge,114.2213,22.3918,2026-03-24 03:45:00,1.1,Shatin SPS,JN-104
Shatin Pumping Station North Gauge,114.2213,22.3918,2026-03-24 03:50:00,1.0,Shatin SPS,JN-104
Shatin Pumping Station North Gauge,114.2213,22.3918,2026-03-24 03:55:00,1.5,Shatin SPS,JN-104
Shatin Pumping Station North Gauge,114.2213,22.3918,2026-03-24 04:00:00,1.8,Shatin SPS,JN-104
Shatin Pumping Station North Gauge,114.2213,22.3918,2026-03-24 04:05:00,2.2,Shatin SPS,JN-104
Shatin Pumping Station North Gauge,114.2213,22.3918,2026-03-24 04:10:00,3.0,Shatin SPS,JN-104
Shatin Pumping Station North Gauge,114.2213,22.3918,2026-03-24 04:15:00,3.2,Shatin SPS,JN-104
Shatin Pumping Station North Gauge,114.2213,22.3918,2026-03-24 04:20:00,4.5,Shatin SPS,JN-104
Shatin Pumping Station North Gauge,114.2213,22.3918,2026-03-24 04:25:00,4.7,Shatin SPS,JN-104
Shatin Pumping Station North Gauge,114.2213,22.3918,2026-03-24 04:30:00,5.9,Shatin SPS,JN-104
Shatin Pumping Station North Gauge,114.2213,22.3918,2026-03-24 04:35:00,6.1,Shatin SPS,JN-104
Shatin Pumping Station North Gauge,114.2213,22.3918,2026-03-24 04:40:00,6.9,Shatin SPS,JN-104
Shatin Pumping Station North Gauge,114.2213,22.3918,2026-03-24 04:45:00,7.1,Shatin SPS,JN-104
Shatin Pumping Station North Gauge,114.2213,22.3918,2026-03-24 04:50:00,7.1,Shatin SPS,JN-104
Shatin Pumping Station North Gauge,114.2213,22.3918,2026-03-24 04:55:00,6.9,Shatin SPS,JN-104
Shatin Pumping Station North Gauge,114.2213,22.3918,2026-03-24 05:00:00,7.0,Shatin SPS,JN-104
Shatin Pumping Station North Gauge,114.2213,22.3918,2026-03-24 05:05:00,6.7,Shatin SPS,JN-104
Shatin Pumping Station North Gauge,114.2213,22.3918,2026-03-24 05:10:00,5.7,Shatin SPS,JN-104
Shatin Pumping Station North Gauge,114.2213,22.3918,2026-03-24 05:15:00,5.1,Shatin SPS,JN-104
Shatin Pumping Station North Gauge,114.2213,22.3918,2026-03-24 05:20:00,5.0,Shatin SPS,JN-104
Shatin Pumping Station North Gauge,114.2213,22.3918,2026-03-24 05:25:00,4.0,Shatin SPS,JN-104
Shatin Pumping Station North Gauge,114.2213,22.3918,2026-03-24 05:30:00,3.6,Shatin SPS,JN-104
Shatin Pumping Station North Gauge,114.2213,22.3918,2026-03-24 05:35:00,3.1,Shatin SPS,JN-104
Shatin Pumping Station North Gauge,114.2213,22.3918,2026-03-24 05:40:00,3.0,Shatin SPS,JN-104
Shatin Pumping Station North Gauge,114.2213,22.3918,2026-03-24 05:45:00,2.6,Shatin SPS,JN-104
Shatin Pumping Station North Gauge,114.2213,22.3918,2026-03-24 05:50:00,2.4,Shatin SPS,JN-104
Shatin Pumping Station North Gauge,114.2213,22.3918,2026-03-24 05:55:00,2.6,Shatin SPS,JN-104
Shatin Pumping Station North Gauge,114.2213,22.3918,2026-03-24 06:00:00,2.3,Shatin SPS,JN-104
Shatin Pumping Station North Gauge,114.2213,22.3918,2026-03-24 06:05:00,2.5,Shatin SPS,JN-104
Shatin Pumping Station North Gauge,114.2213,22.3918,2026-03-24 06:10:00,2.5,Shatin SPS,JN-104
Shatin Pumping Station North Gauge,114.2213,22.3918,2026-03-24 06:15:00,2.6,Shatin SPS,JN-104
Shatin Pumping Station North Gauge,114.2213,22.3918,2026-03-24 06:20:00,2.7,Shatin SPS,JN-104
Shatin Pumping Station North Gauge,114.2213,22.3918,2026-03-24 06:25:00,2.9,Shatin SPS,JN-104
Shatin Pumping Station North Gauge,114.2213,22.3918,2026-03-24 06:30:00,2.8,Shatin SPS,JN-104
Shatin Pumping Station North Gauge,114.2213,22.3918,2026-03-24 06:35:00,2.8,Shatin SPS,JN-104
Shatin Pumping Station North Gauge,114.2213,22.3918,2026-03-24 06:40:00,2.4,Shatin SPS,JN-104
Shatin Pumping Station North Gauge,114.2213,22.3918,2026-03-24 06:45:00,2.6,Shatin SPS,JN-104
Shatin Pumping Station North Gauge,114.2213,22.3918,2026-03-24 06:50:00,2.4,Shatin SPS,JN-104
Shatin Pumping Station North Gauge,114.2213,22.3918,2026-03-24 06:55:00,2.6,Shatin SPS,JN-104
Shatin Pumping Station North Gauge,114.2213,22.3918,2026-03-24 07:00:00,2.2,Shatin SPS,JN-104
Shatin Pumping Station North Gauge,114.2213,22.3918,2026-03-24 07:05:00,2.2,Shatin SPS,JN-104
Shatin Pumping Station North Gauge,114.2213,22.3918,2026-03-24 07:10:00,1.7,Shatin SPS,JN-104
Shatin Pumping Station North Gauge,114.2213,22.3918,2026-03-24 07:15:00,1.5,Shatin SPS,JN-104
Shatin Pumping Station North Gauge,114.2213,22.3918,2026-03-24 07:20:00,1.3,Shatin SPS,JN-104
Shatin Pumping Station North Gauge,114.2213,22.3918,2026-03-24 07:25:00,0.9,Shatin SPS,JN-104
Shatin Pumping Station North Gauge,114.2213,22.3918,2026-03-24 07:30:00,0.9,Shatin SPS,JN-104
Shatin Pumping Station North Gauge,114.2213,22.3918,2026-03-24 07:35:00,1.2,Shatin SPS,JN-104
Shatin Pumping Station North Gauge,114.2213,22.3918,2026-03-24 07:40:00,1.1,Shatin SPS,JN-104
Shatin Pumping Station North Gauge,114.2213,22.3918,2026-03-24 07:45:00,0.7,Shatin SPS,JN-104
Shatin Pumping Station North Gauge,114.2213,22.3918,2026-03-24 07:50:00,0.3,Shatin SPS,JN-104
Shatin Pumping Station North Gauge,114.2213,22.3918,2026-03-24 07:55:00,0.3,Shatin SPS,JN-104
Central Interceptor Rain Gauge 2,114.1738,22.2819,2026-03-24 00:00:00,0.1,Central Interceptor,MH-022
Central Interceptor Rain Gauge 2,114.1738,22.2819,2026-03-24 00:05:00,0.2,Central Interceptor,MH-022
Central Interceptor Rain Gauge 2,114.1738,22.2819,2026-03-24 00:10:00,0.6,Central Interceptor,MH-022
Central Interceptor Rain Gauge 2,114.1738,22.2819,2026-03-24 00:15:00,0.1,Central Interceptor,MH-022
Central Interceptor Rain Gauge 2,114.1738,22.2819,2026-03-24 00:20:00,0.3,Central Interceptor,MH-022
Central Interceptor Rain Gauge 2,114.1738,22.2819,2026-03-24 00:25:00,0.6,Central Interceptor,MH-022
Central Interceptor Rain Gauge 2,114.1738,22.2819,2026-03-24 00:30:00,0.3,Central Interceptor,MH-022
Central Interceptor Rain Gauge 2,114.1738,22.2819,2026-03-24 00:35:00,0.2,Central Interceptor,MH-022
Central Interceptor Rain Gauge 2,114.1738,22.2819,2026-03-24 00:40:00,0.0,Central Interceptor,MH-022
Central Interceptor Rain Gauge 2,114.1738,22.2819,2026-03-24 00:45:00,0.2,Central Interceptor,MH-022
Central Interceptor Rain Gauge 2,114.1738,22.2819,2026-03-24 00:50:00,0.1,Central Interceptor,MH-022
Central Interceptor Rain Gauge 2,114.1738,22.2819,2026-03-24 00:55:00,0.2,Central Interceptor,MH-022
Central Interceptor Rain Gauge 2,114.1738,22.2819,2026-03-24 01:00:00,0.4,Central Interceptor,MH-022
Central Interceptor Rain Gauge 2,114.1738,22.2819,2026-03-24 01:05:00,0.3,Central Interceptor,MH-022
Central Interceptor Rain Gauge 2,114.1738,22.2819,2026-03-24 01:10:00,0.6,Central Interceptor,MH-022
Central Interceptor Rain Gauge 2,114.1738,22.2819,2026-03-24 01:15:00,0.9,Central Interceptor,MH-022
Central Interceptor Rain Gauge 2,114.1738,22.2819,2026-03-24 01:20:00,1.1,Central Interceptor,MH-022
Central Interceptor Rain Gauge 2,114.1738,22.2819,2026-03-24 01:25:00,1.1,Central Interceptor,MH-022
Central Interceptor Rain Gauge 2,114.1738,22.2819,2026-03-24 01:30:00,1.3,Central Interceptor,MH-022
Central Interceptor Rain Gauge 2,114.1738,22.2819,2026-03-24 01:35:00,2.1,Central Interceptor,MH-022
Central Interceptor Rain Gauge 2,114.1738,22.2819,2026-03-24 01:40:00,1.7,Central Interceptor,MH-022
Central Interceptor Rain Gauge 2,114.1738,22.2819,2026-03-24 01:45:00,2.4,Central Interceptor,MH-022
Central Interceptor Rain Gauge 2,114.1738,22.2819,2026-03-24 01:50:00,2.8,Central Interceptor,MH-022
Central Interceptor Rain Gauge 2,114.1738,22.2819,2026-03-24 01:55:00,3.0,Central Interceptor,MH-022
Central Interceptor Rain Gauge 2,114.1738,22.2819,2026-03-24 02:00:00,3.4,Central Interceptor,MH-022
Central Interceptor Rain Gauge 2,114.1738,22.2819,2026-03-24 02:05:00,3.8,Central Interceptor,MH-022
Central Interceptor Rain Gauge 2,114.1738,22.2819,2026-03-24 02:10:00,4.1,Central Interceptor,MH-022
Central Interceptor Rain Gauge 2,114.1738,22.2819,2026-03-24 02:15:00,4.8,Central Interceptor,MH-022
Central Interceptor Rain Gauge 2,114.1738,22.2819,2026-03-24 02:20:00,4.7,Central Interceptor,MH-022
Central Interceptor Rain Gauge 2,114.1738,22.2819,2026-03-24 02:25:00,4.7,Central Interceptor,MH-022
Central Interceptor Rain Gauge 2,114.1738,22.2819,2026-03-24 02:30:00,4.9,Central Interceptor,MH-022
Central Interceptor Rain Gauge 2,114.1738,22.2819,2026-03-24 02:35:00,4.7,Central Interceptor,MH-022
Central Interceptor Rain Gauge 2,114.1738,22.2819,2026-03-24 02:40:00,4.6,Central Interceptor,MH-022
Central Interceptor Rain Gauge 2,114.1738,22.2819,2026-03-24 02:45:00,4.7,Central Interceptor,MH-022
Central Interceptor Rain Gauge 2,114.1738,22.2819,2026-03-24 02:50:00,4.2,Central Interceptor,MH-022
Central Interceptor Rain Gauge 2,114.1738,22.2819,2026-03-24 02:55:00,3.9,Central Interceptor,MH-022
Central Interceptor Rain Gauge 2,114.1738,22.2819,2026-03-24 03:00:00,3.1,Central Interceptor,MH-022
Central Interceptor Rain Gauge 2,114.1738,22.2819,2026-03-24 03:05:00,3.3,Central Interceptor,MH-022
Central Interceptor Rain Gauge 2,114.1738,22.2819,2026-03-24 03:10:00,2.6,Central Interceptor,MH-022
Central Interceptor Rain Gauge 2,114.1738,22.2819,2026-03-24 03:15:00,2.1,Central Interceptor,MH-022
Central Interceptor Rain Gauge 2,114.1738,22.2819,2026-03-24 03:20:00,1.7,Central Interceptor,MH-022
Central Interceptor Rain Gauge 2,114.1738,22.2819,2026-03-24 03:25:00,1.7,Central Interceptor,MH-022
Central Interceptor Rain Gauge 2,114.1738,22.2819,2026-03-24 03:30:00,1.4,Central Interceptor,MH-022
Central Interceptor Rain Gauge 2,114.1738,22.2819,2026-03-24 03:35:00,1.1,Central Interceptor,MH-022
Central Interceptor Rain Gauge 2,114.1738,22.2819,2026-03-24 03:40:00,1.2,Central Interceptor,MH-022
Central Interceptor Rain Gauge 2,114.1738,22.2819,2026-03-24 03:45:00,1.2,Central Interceptor,MH-022
Central Interceptor Rain Gauge 2,114.1738,22.2819,2026-03-24 03:50:00,1.8,Central Interceptor,MH-022
Central Interceptor Rain Gauge 2,114.1738,22.2819,2026-03-24 03:55:00,1.7,Central Interceptor,MH-022
Central Interceptor Rain Gauge 2,114.1738,22.2819,2026-03-24 04:00:00,2.2,Central Interceptor,MH-022
Central Interceptor Rain Gauge 2,114.1738,22.2819,2026-03-24 04:05:00,2.7,Central Interceptor,MH-022
Central Interceptor Rain Gauge 2,114.1738,22.2819,2026-03-24 04:10:00,3.3,Central Interceptor,MH-022
Central Interceptor Rain Gauge 2,114.1738,22.2819,2026-03-24 04:15:00,3.6,Central Interceptor,MH-022
Central Interceptor Rain Gauge 2,114.1738,22.2819,2026-03-24 04:20:00,3.9,Central Interceptor,MH-022
Central Interceptor Rain Gauge 2,114.1738,22.2819,2026-03-24 04:25:00,4.9,Central Interceptor,MH-022
Central Interceptor Rain Gauge 2,114.1738,22.2819,2026-03-24 04:30:00,6.1,Central Interceptor,MH-022
Central Interceptor Rain Gauge 2,114.1738,22.2819,2026-03-24 04:35:00,6.6,Central Interceptor,MH-022
Central Interceptor Rain Gauge 2,114.1738,22.2819,2026-03-24 04:40:00,6.6,Central Interceptor,MH-022
Central Interceptor Rain Gauge 2,114.1738,22.2819,2026-03-24 04:45:00,7.8,Central Interceptor,MH-022
Central Interceptor Rain Gauge 2,114.1738,22.2819,2026-03-24 04:50:00,8.0,Central Interceptor,MH-022
Central Interceptor Rain Gauge 2,114.1738,22.2819,2026-03-24 04:55:00,8.0,Central Interceptor,MH-022
Central Interceptor Rain Gauge 2,114.1738,22.2819,2026-03-24 05:00:00,7.2,Central Interceptor,MH-022
Central Interceptor Rain Gauge 2,114.1738,22.2819,2026-03-24 05:05:00,7.7,Central Interceptor,MH-022
Central Interceptor Rain Gauge 2,114.1738,22.2819,2026-03-24 05:10:00,6.6,Central Interceptor,MH-022
Central Interceptor Rain Gauge 2,114.1738,22.2819,2026-03-24 05:15:00,6.0,Central Interceptor,MH-022
Central Interceptor Rain Gauge 2,114.1738,22.2819,2026-03-24 05:20:00,5.2,Central Interceptor,MH-022
Central Interceptor Rain Gauge 2,114.1738,22.2819,2026-03-24 05:25:00,4.5,Central Interceptor,MH-022
Central Interceptor Rain Gauge 2,114.1738,22.2819,2026-03-24 05:30:00,3.9,Central Interceptor,MH-022
Central Interceptor Rain Gauge 2,114.1738,22.2819,2026-03-24 05:35:00,3.6,Central Interceptor,MH-022
Central Interceptor Rain Gauge 2,114.1738,22.2819,2026-03-24 05:40:00,3.2,Central Interceptor,MH-022
Central Interceptor Rain Gauge 2,114.1738,22.2819,2026-03-24 05:45:00,2.9,Central Interceptor,MH-022
Central Interceptor Rain Gauge 2,114.1738,22.2819,2026-03-24 05:50:00,3.2,Central Interceptor,MH-022
Central Interceptor Rain Gauge 2,114.1738,22.2819,2026-03-24 05:55:00,3.0,Central Interceptor,MH-022
Central Interceptor Rain Gauge 2,114.1738,22.2819,2026-03-24 06:00:00,2.7,Central Interceptor,MH-022
Central Interceptor Rain Gauge 2,114.1738,22.2819,2026-03-24 06:05:00,2.8,Central Interceptor,MH-022
Central Interceptor Rain Gauge 2,114.1738,22.2819,2026-03-24 06:10:00,2.9,Central Interceptor,MH-022
Central Interceptor Rain Gauge 2,114.1738,22.2819,2026-03-24 06:15:00,3.1,Central Interceptor,MH-022
Central Interceptor Rain Gauge 2,114.1738,22.2819,2026-03-24 06:20:00,3.1,Central Interceptor,MH-022
Central Interceptor Rain Gauge 2,114.1738,22.2819,2026-03-24 06:25:00,3.2,Central Interceptor,MH-022
Central Interceptor Rain Gauge 2,114.1738,22.2819,2026-03-24 06:30:00,2.9,Central Interceptor,MH-022
Central Interceptor Rain Gauge 2,114.1738,22.2819,2026-03-24 06:35:00,3.2,Central Interceptor,MH-022
Central Interceptor Rain Gauge 2,114.1738,22.2819,2026-03-24 06:40:00,2.7,Central Interceptor,MH-022
Central Interceptor Rain Gauge 2,114.1738,22.2819,2026-03-24 06:45:00,3.2,Central Interceptor,MH-022
Central Interceptor Rain Gauge 2,114.1738,22.2819,2026-03-24 06:50:00,2.8,Central Interceptor,MH-022
Central Interceptor Rain Gauge 2,114.1738,22.2819,2026-03-24 06:55:00,2.6,Central Interceptor,MH-022
Central Interceptor Rain Gauge 2,114.1738,22.2819,2026-03-24 07:00:00,2.1,Central Interceptor,MH-022
Central Interceptor Rain Gauge 2,114.1738,22.2819,2026-03-24 07:05:00,2.0,Central Interceptor,MH-022
Central Interceptor Rain Gauge 2,114.1738,22.2819,2026-03-24 07:10:00,1.9,Central Interceptor,MH-022
Central Interceptor Rain Gauge 2,114.1738,22.2819,2026-03-24 07:15:00,1.9,Central Interceptor,MH-022
Central Interceptor Rain Gauge 2,114.1738,22.2819,2026-03-24 07:20:00,1.4,Central Interceptor,MH-022
Central Interceptor Rain Gauge 2,114.1738,22.2819,2026-03-24 07:25:00,1.2,Central Interceptor,MH-022
Central Interceptor Rain Gauge 2,114.1738,22.2819,2026-03-24 07:30:00,1.4,Central Interceptor,MH-022
Central Interceptor Rain Gauge 2,114.1738,22.2819,2026-03-24 07:35:00,0.6,Central Interceptor,MH-022
Central Interceptor Rain Gauge 2,114.1738,22.2819,2026-03-24 07:40:00,0.9,Central Interceptor,MH-022
Central Interceptor Rain Gauge 2,114.1738,22.2819,2026-03-24 07:45:00,0.9,Central Interceptor,MH-022
Central Interceptor Rain Gauge 2,114.1738,22.2819,2026-03-24 07:50:00,0.6,Central Interceptor,MH-022
Central Interceptor Rain Gauge 2,114.1738,22.2819,2026-03-24 07:55:00,0.6,Central Interceptor,MH-022
Eastern Trunk Sewer Gauge 5,114.2451,22.2749,2026-03-24 00:00:00,0.3,Eastern Trunk Sewer,TS-315
Eastern Trunk Sewer Gauge 5,114.2451,22.2749,2026-03-24 00:05:00,0.3,Eastern Trunk Sewer,TS-315
Eastern Trunk Sewer Gauge 5,114.2451,22.2749,2026-03-24 00:10:00,0.1,Eastern Trunk Sewer,TS-315
Eastern Trunk Sewer Gauge 5,114.2451,22.2749,2026-03-24 00:15:00,0.4,Eastern Trunk Sewer,TS-315
Eastern Trunk Sewer Gauge 5,114.2451,22.2749,2026-03-24 00:20:00,0.3,Eastern Trunk Sewer,TS-315
Eastern Trunk Sewer Gauge 5,114.2451,22.2749,2026-03-24 00:25:00,0.2,Eastern Trunk Sewer,TS-315
Eastern Trunk Sewer Gauge 5,114.2451,22.2749,2026-03-24 00:30:00,0.5,Eastern Trunk Sewer,TS-315
Eastern Trunk Sewer Gauge 5,114.2451,22.2749,2026-03-24 00:35:00,0.2,Eastern Trunk Sewer,TS-315
Eastern Trunk Sewer Gauge 5,114.2451,22.2749,2026-03-24 00:40:00,0.5,Eastern Trunk Sewer,TS-315
Eastern Trunk Sewer Gauge 5,114.2451,22.2749,2026-03-24 00:45:00,0.7,Eastern Trunk Sewer,TS-315
Eastern Trunk Sewer Gauge 5,114.2451,22.2749,2026-03-24 00:50:00,0.3,Eastern Trunk Sewer,TS-315
Eastern Trunk Sewer Gauge 5,114.2451,22.2749,2026-03-24 00:55:00,0.6,Eastern Trunk Sewer,TS-315
Eastern Trunk Sewer Gauge 5,114.2451,22.2749,2026-03-24 01:00:00,0.4,Eastern Trunk Sewer,TS-315
Eastern Trunk Sewer Gauge 5,114.2451,22.2749,2026-03-24 01:05:00,0.4,Eastern Trunk Sewer,TS-315
Eastern Trunk Sewer Gauge 5,114.2451,22.2749,2026-03-24 01:10:00,0.6,Eastern Trunk Sewer,TS-315
Eastern Trunk Sewer Gauge 5,114.2451,22.2749,2026-03-24 01:15:00,0.4,Eastern Trunk Sewer,TS-315
Eastern Trunk Sewer Gauge 5,114.2451,22.2749,2026-03-24 01:20:00,1.0,Eastern Trunk Sewer,TS-315
Eastern Trunk Sewer Gauge 5,114.2451,22.2749,2026-03-24 01:25:00,1.0,Eastern Trunk Sewer,TS-315
Eastern Trunk Sewer Gauge 5,114.2451,22.2749,2026-03-24 01:30:00,1.4,Eastern Trunk Sewer,TS-315
Eastern Trunk Sewer Gauge 5,114.2451,22.2749,2026-03-24 01:35:00,1.6,Eastern Trunk Sewer,TS-315
Eastern Trunk Sewer Gauge 5,114.2451,22.2749,2026-03-24 01:40:00,1.8,Eastern Trunk Sewer,TS-315
Eastern Trunk Sewer Gauge 5,114.2451,22.2749,2026-03-24 01:45:00,2.3,Eastern Trunk Sewer,TS-315
Eastern Trunk Sewer Gauge 5,114.2451,22.2749,2026-03-24 01:50:00,2.8,Eastern Trunk Sewer,TS-315
Eastern Trunk Sewer Gauge 5,114.2451,22.2749,2026-03-24 01:55:00,2.8,Eastern Trunk Sewer,TS-315
Eastern Trunk Sewer Gauge 5,114.2451,22.2749,2026-03-24 02:00:00,4.2,Eastern Trunk Sewer,TS-315
Eastern Trunk Sewer Gauge 5,114.2451,22.2749,2026-03-24 02:05:00,3.8,Eastern Trunk Sewer,TS-315
Eastern Trunk Sewer Gauge 5,114.2451,22.2749,2026-03-24 02:10:00,4.2,Eastern Trunk Sewer,TS-315
Eastern Trunk Sewer Gauge 5,114.2451,22.2749,2026-03-24 02:15:00,4.7,Eastern Trunk Sewer,TS-315
Eastern Trunk Sewer Gauge 5,114.2451,22.2749,2026-03-24 02:20:00,5.0,Eastern Trunk Sewer,TS-315
Eastern Trunk Sewer Gauge 5,114.2451,22.2749,2026-03-24 02:25:00,5.2,Eastern Trunk Sewer,TS-315
Eastern Trunk Sewer Gauge 5,114.2451,22.2749,2026-03-24 02:30:00,5.8,Eastern Trunk Sewer,TS-315
Eastern Trunk Sewer Gauge 5,114.2451,22.2749,2026-03-24 02:35:00,5.1,Eastern Trunk Sewer,TS-315
Eastern Trunk Sewer Gauge 5,114.2451,22.2749,2026-03-24 02:40:00,5.0,Eastern Trunk Sewer,TS-315
Eastern Trunk Sewer Gauge 5,114.2451,22.2749,2026-03-24 02:45:00,4.6,Eastern Trunk Sewer,TS-315
Eastern Trunk Sewer Gauge 5,114.2451,22.2749,2026-03-24 02:50:00,4.3,Eastern Trunk Sewer,TS-315
Eastern Trunk Sewer Gauge 5,114.2451,22.2749,2026-03-24 02:55:00,4.4,Eastern Trunk Sewer,TS-315
Eastern Trunk Sewer Gauge 5,114.2451,22.2749,2026-03-24 03:00:00,3.4,Eastern Trunk Sewer,TS-315
Eastern Trunk Sewer Gauge 5,114.2451,22.2749,2026-03-24 03:05:00,3.4,Eastern Trunk Sewer,TS-315
Eastern Trunk Sewer Gauge 5,114.2451,22.2749,2026-03-24 03:10:00,2.8,Eastern Trunk Sewer,TS-315
Eastern Trunk Sewer Gauge 5,114.2451,22.2749,2026-03-24 03:15:00,2.5,Eastern Trunk Sewer,TS-315
Eastern Trunk Sewer Gauge 5,114.2451,22.2749,2026-03-24 03:20:00,2.0,Eastern Trunk Sewer,TS-315
Eastern Trunk Sewer Gauge 5,114.2451,22.2749,2026-03-24 03:25:00,2.4,Eastern Trunk Sewer,TS-315
Eastern Trunk Sewer Gauge 5,114.2451,22.2749,2026-03-24 03:30:00,1.3,Eastern Trunk Sewer,TS-315
Eastern Trunk Sewer Gauge 5,114.2451,22.2749,2026-03-24 03:35:00,1.3,Eastern Trunk Sewer,TS-315
Eastern Trunk Sewer Gauge 5,114.2451,22.2749,2026-03-24 03:40:00,1.3,Eastern Trunk Sewer,TS-315
Eastern Trunk Sewer Gauge 5,114.2451,22.2749,2026-03-24 03:45:00,1.2,Eastern Trunk Sewer,TS-315
Eastern Trunk Sewer Gauge 5,114.2451,22.2749,2026-03-24 03:50:00,1.1,Eastern Trunk Sewer,TS-315
Eastern Trunk Sewer Gauge 5,114.2451,22.2749,2026-03-24 03:55:00,2.3,Eastern Trunk Sewer,TS-315
Eastern Trunk Sewer Gauge 5,114.2451,22.2749,2026-03-24 04:00:00,1.6,Eastern Trunk Sewer,TS-315
Eastern Trunk Sewer Gauge 5,114.2451,22.2749,2026-03-24 04:05:00,2.7,Eastern Trunk Sewer,TS-315
Eastern Trunk Sewer Gauge 5,114.2451,22.2749,2026-03-24 04:10:00,3.0,Eastern Trunk Sewer,TS-315
Eastern Trunk Sewer Gauge 5,114.2451,22.2749,2026-03-24 04:15:00,4.3,Eastern Trunk Sewer,TS-315
Eastern Trunk Sewer Gauge 5,114.2451,22.2749,2026-03-24 04:20:00,5.0,Eastern Trunk Sewer,TS-315
Eastern Trunk Sewer Gauge 5,114.2451,22.2749,2026-03-24 04:25:00,5.9,Eastern Trunk Sewer,TS-315
Eastern Trunk Sewer Gauge 5,114.2451,22.2749,2026-03-24 04:30:00,6.7,Eastern Trunk Sewer,TS-315
Eastern Trunk Sewer Gauge 5,114.2451,22.2749,2026-03-24 04:35:00,7.6,Eastern Trunk Sewer,TS-315
Eastern Trunk Sewer Gauge 5,114.2451,22.2749,2026-03-24 04:40:00,8.1,Eastern Trunk Sewer,TS-315
Eastern Trunk Sewer Gauge 5,114.2451,22.2749,2026-03-24 04:45:00,7.5,Eastern Trunk Sewer,TS-315
Eastern Trunk Sewer Gauge 5,114.2451,22.2749,2026-03-24 04:50:00,8.4,Eastern Trunk Sewer,TS-315
Eastern Trunk Sewer Gauge 5,114.2451,22.2749,2026-03-24 04:55:00,8.4,Eastern Trunk Sewer,TS-315
Eastern Trunk Sewer Gauge 5,114.2451,22.2749,2026-03-24 05:00:00,7.9,Eastern Trunk Sewer,TS-315
Eastern Trunk Sewer Gauge 5,114.2451,22.2749,2026-03-24 05:05:00,7.5,Eastern Trunk Sewer,TS-315
Eastern Trunk Sewer Gauge 5,114.2451,22.2749,2026-03-24 05:10:00,7.2,Eastern Trunk Sewer,TS-315
Eastern Trunk Sewer Gauge 5,114.2451,22.2749,2026-03-24 05:15:00,6.1,Eastern Trunk Sewer,TS-315
Eastern Trunk Sewer Gauge 5,114.2451,22.2749,2026-03-24 05:20:00,5.8,Eastern Trunk Sewer,TS-315
Eastern Trunk Sewer Gauge 5,114.2451,22.2749,2026-03-24 05:25:00,5.2,Eastern Trunk Sewer,TS-315
Eastern Trunk Sewer Gauge 5,114.2451,22.2749,2026-03-24 05:30:00,4.2,Eastern Trunk Sewer,TS-315
Eastern Trunk Sewer Gauge 5,114.2451,22.2749,2026-03-24 05:35:00,4.0,Eastern Trunk Sewer,TS-315
Eastern Trunk Sewer Gauge 5,114.2451,22.2749,2026-03-24 05:40:00,3.6,Eastern Trunk Sewer,TS-315
Eastern Trunk Sewer Gauge 5,114.2451,22.2749,2026-03-24 05:45:00,3.4,Eastern Trunk Sewer,TS-315
Eastern Trunk Sewer Gauge 5,114.2451,22.2749,2026-03-24 05:50:00,3.3,Eastern Trunk Sewer,TS-315
Eastern Trunk Sewer Gauge 5,114.2451,22.2749,2026-03-24 05:55:00,2.9,Eastern Trunk Sewer,TS-315
Eastern Trunk Sewer Gauge 5,114.2451,22.2749,2026-03-24 06:00:00,3.2,Eastern Trunk Sewer,TS-315
Eastern Trunk Sewer Gauge 5,114.2451,22.2749,2026-03-24 06:05:00,2.9,Eastern Trunk Sewer,TS-315
Eastern Trunk Sewer Gauge 5,114.2451,22.2749,2026-03-24 06:10:00,3.6,Eastern Trunk Sewer,TS-315
Eastern Trunk Sewer Gauge 5,114.2451,22.2749,2026-03-24 06:15:00,3.3,Eastern Trunk Sewer,TS-315
Eastern Trunk Sewer Gauge 5,114.2451,22.2749,2026-03-24 06:20:00,3.3,Eastern Trunk Sewer,TS-315
Eastern Trunk Sewer Gauge 5,114.2451,22.2749,2026-03-24 06:25:00,3.4,Eastern Trunk Sewer,TS-315
Eastern Trunk Sewer Gauge 5,114.2451,22.2749,2026-03-24 06:30:00,3.4,Eastern Trunk Sewer,TS-315
Eastern Trunk Sewer Gauge 5,114.2451,22.2749,2026-03-24 06:35:00,3.4,Eastern Trunk Sewer,TS-315
Eastern Trunk Sewer Gauge 5,114.2451,22.2749,2026-03-24 06:40:00,3.6,Eastern Trunk Sewer,TS-315
Eastern Trunk Sewer Gauge 5,114.2451,22.2749,2026-03-24 06:45:00,2.8,Eastern Trunk Sewer,TS-315
Eastern Trunk Sewer Gauge 5,114.2451,22.2749,2026-03-24 06:50:00,3.2,Eastern Trunk Sewer,TS-315
Eastern Trunk Sewer Gauge 5,114.2451,22.2749,2026-03-24 06:55:00,3.0,Eastern Trunk Sewer,TS-315
Eastern Trunk Sewer Gauge 5,114.2451,22.2749,2026-03-24 07:00:00,2.7,Eastern Trunk Sewer,TS-315
Eastern Trunk Sewer Gauge 5,114.2451,22.2749,2026-03-24 07:05:00,2.6,Eastern Trunk Sewer,TS-315
Eastern Trunk Sewer Gauge 5,114.2451,22.2749,2026-03-24 07:10:00,2.3,Eastern Trunk Sewer,TS-315
Eastern Trunk Sewer Gauge 5,114.2451,22.2749,2026-03-24 07:15:00,2.0,Eastern Trunk Sewer,TS-315
Eastern Trunk Sewer Gauge 5,114.2451,22.2749,2026-03-24 07:20:00,1.7,Eastern Trunk Sewer,TS-315
Eastern Trunk Sewer Gauge 5,114.2451,22.2749,2026-03-24 07:25:00,1.5,Eastern Trunk Sewer,TS-315
Eastern Trunk Sewer Gauge 5,114.2451,22.2749,2026-03-24 07:30:00,1.1,Eastern Trunk Sewer,TS-315
Eastern Trunk Sewer Gauge 5,114.2451,22.2749,2026-03-24 07:35:00,1.4,Eastern Trunk Sewer,TS-315
Eastern Trunk Sewer Gauge 5,114.2451,22.2749,2026-03-24 07:40:00,1.0,Eastern Trunk Sewer,TS-315
Eastern Trunk Sewer Gauge 5,114.2451,22.2749,2026-03-24 07:45:00,0.7,Eastern Trunk Sewer,TS-315
Eastern Trunk Sewer Gauge 5,114.2451,22.2749,2026-03-24 07:50:00,0.9,Eastern Trunk Sewer,TS-315
Eastern Trunk Sewer Gauge 5,114.2451,22.2749,2026-03-24 07:55:00,0.5,Eastern Trunk Sewer,TS-315
Kowloon South Diversion Chamber Gauge,114.1772,22.3041,2026-03-24 00:00:00,0.1,Kowloon South Diversion Chamber,KD-087
Kowloon South Diversion Chamber Gauge,114.1772,22.3041,2026-03-24 00:05:00,0.1,Kowloon South Diversion Chamber,KD-087
Kowloon South Diversion Chamber Gauge,114.1772,22.3041,2026-03-24 00:10:00,0.1,Kowloon South Diversion Chamber,KD-087
Kowloon South Diversion Chamber Gauge,114.1772,22.3041,2026-03-24 00:15:00,0.2,Kowloon South Diversion Chamber,KD-087
Kowloon South Diversion Chamber Gauge,114.1772,22.3041,2026-03-24 00:20:00,0.0,Kowloon South Diversion Chamber,KD-087
Kowloon South Diversion Chamber Gauge,114.1772,22.3041,2026-03-24 00:25:00,0.3,Kowloon South Diversion Chamber,KD-087
Kowloon South Diversion Chamber Gauge,114.1772,22.3041,2026-03-24 00:30:00,0.5,Kowloon South Diversion Chamber,KD-087
Kowloon South Diversion Chamber Gauge,114.1772,22.3041,2026-03-24 00:35:00,0.2,Kowloon South Diversion Chamber,KD-087
Kowloon South Diversion Chamber Gauge,114.1772,22.3041,2026-03-24 00:40:00,0.1,Kowloon South Diversion Chamber,KD-087
Kowloon South Diversion Chamber Gauge,114.1772,22.3041,2026-03-24 00:45:00,0.1,Kowloon South Diversion Chamber,KD-087
Kowloon South Diversion Chamber Gauge,114.1772,22.3041,2026-03-24 00:50:00,0.2,Kowloon South Diversion Chamber,KD-087
Kowloon South Diversion Chamber Gauge,114.1772,22.3041,2026-03-24 00:55:00,0.8,Kowloon South Diversion Chamber,KD-087
Kowloon South Diversion Chamber Gauge,114.1772,22.3041,2026-03-24 01:00:00,0.6,Kowloon South Diversion Chamber,KD-087
Kowloon South Diversion Chamber Gauge,114.1772,22.3041,2026-03-24 01:05:00,0.8,Kowloon South Diversion Chamber,KD-087
Kowloon South Diversion Chamber Gauge,114.1772,22.3041,2026-03-24 01:10:00,0.7,Kowloon South Diversion Chamber,KD-087
Kowloon South Diversion Chamber Gauge,114.1772,22.3041,2026-03-24 01:15:00,0.5,Kowloon South Diversion Chamber,KD-087
Kowloon South Diversion Chamber Gauge,114.1772,22.3041,2026-03-24 01:20:00,0.5,Kowloon South Diversion Chamber,KD-087
Kowloon South Diversion Chamber Gauge,114.1772,22.3041,2026-03-24 01:25:00,1.3,Kowloon South Diversion Chamber,KD-087
Kowloon South Diversion Chamber Gauge,114.1772,22.3041,2026-03-24 01:30:00,1.5,Kowloon South Diversion Chamber,KD-087
Kowloon South Diversion Chamber Gauge,114.1772,22.3041,2026-03-24 01:35:00,2.3,Kowloon South Diversion Chamber,KD-087
Kowloon South Diversion Chamber Gauge,114.1772,22.3041,2026-03-24 01:40:00,1.7,Kowloon South Diversion Chamber,KD-087
Kowloon South Diversion Chamber Gauge,114.1772,22.3041,2026-03-24 01:45:00,2.5,Kowloon South Diversion Chamber,KD-087
Kowloon South Diversion Chamber Gauge,114.1772,22.3041,2026-03-24 01:50:00,3.2,Kowloon South Diversion Chamber,KD-087
Kowloon South Diversion Chamber Gauge,114.1772,22.3041,2026-03-24 01:55:00,3.2,Kowloon South Diversion Chamber,KD-087
Kowloon South Diversion Chamber Gauge,114.1772,22.3041,2026-03-24 02:00:00,3.8,Kowloon South Diversion Chamber,KD-087
Kowloon South Diversion Chamber Gauge,114.1772,22.3041,2026-03-24 02:05:00,4.4,Kowloon South Diversion Chamber,KD-087
Kowloon South Diversion Chamber Gauge,114.1772,22.3041,2026-03-24 02:10:00,4.4,Kowloon South Diversion Chamber,KD-087
Kowloon South Diversion Chamber Gauge,114.1772,22.3041,2026-03-24 02:15:00,5.1,Kowloon South Diversion Chamber,KD-087
Kowloon South Diversion Chamber Gauge,114.1772,22.3041,2026-03-24 02:20:00,5.1,Kowloon South Diversion Chamber,KD-087
Kowloon South Diversion Chamber Gauge,114.1772,22.3041,2026-03-24 02:25:00,5.6,Kowloon South Diversion Chamber,KD-087
Kowloon South Diversion Chamber Gauge,114.1772,22.3041,2026-03-24 02:30:00,5.0,Kowloon South Diversion Chamber,KD-087
Kowloon South Diversion Chamber Gauge,114.1772,22.3041,2026-03-24 02:35:00,5.7,Kowloon South Diversion Chamber,KD-087
Kowloon South Diversion Chamber Gauge,114.1772,22.3041,2026-03-24 02:40:00,4.9,Kowloon South Diversion Chamber,KD-087
Kowloon South Diversion Chamber Gauge,114.1772,22.3041,2026-03-24 02:45:00,5.1,Kowloon South Diversion Chamber,KD-087
Kowloon South Diversion Chamber Gauge,114.1772,22.3041,2026-03-24 02:50:00,4.5,Kowloon South Diversion Chamber,KD-087
Kowloon South Diversion Chamber Gauge,114.1772,22.3041,2026-03-24 02:55:00,4.5,Kowloon South Diversion Chamber,KD-087
Kowloon South Diversion Chamber Gauge,114.1772,22.3041,2026-03-24 03:00:00,3.5,Kowloon South Diversion Chamber,KD-087
Kowloon South Diversion Chamber Gauge,114.1772,22.3041,2026-03-24 03:05:00,3.4,Kowloon South Diversion Chamber,KD-087
Kowloon South Diversion Chamber Gauge,114.1772,22.3041,2026-03-24 03:10:00,3.0,Kowloon South Diversion Chamber,KD-087
Kowloon South Diversion Chamber Gauge,114.1772,22.3041,2026-03-24 03:15:00,2.3,Kowloon South Diversion Chamber,KD-087
Kowloon South Diversion Chamber Gauge,114.1772,22.3041,2026-03-24 03:20:00,2.2,Kowloon South Diversion Chamber,KD-087
Kowloon South Diversion Chamber Gauge,114.1772,22.3041,2026-03-24 03:25:00,1.4,Kowloon South Diversion Chamber,KD-087
Kowloon South Diversion Chamber Gauge,114.1772,22.3041,2026-03-24 03:30:00,1.7,Kowloon South Diversion Chamber,KD-087
Kowloon South Diversion Chamber Gauge,114.1772,22.3041,2026-03-24 03:35:00,1.5,Kowloon South Diversion Chamber,KD-087
Kowloon South Diversion Chamber Gauge,114.1772,22.3041,2026-03-24 03:40:00,1.1,Kowloon South Diversion Chamber,KD-087
Kowloon South Diversion Chamber Gauge,114.1772,22.3041,2026-03-24 03:45:00,1.3,Kowloon South Diversion Chamber,KD-087
Kowloon South Diversion Chamber Gauge,114.1772,22.3041,2026-03-24 03:50:00,1.3,Kowloon South Diversion Chamber,KD-087
Kowloon South Diversion Chamber Gauge,114.1772,22.3041,2026-03-24 03:55:00,1.6,Kowloon South Diversion Chamber,KD-087
Kowloon South Diversion Chamber Gauge,114.1772,22.3041,2026-03-24 04:00:00,2.2,Kowloon South Diversion Chamber,KD-087
Kowloon South Diversion Chamber Gauge,114.1772,22.3041,2026-03-24 04:05:00,2.9,Kowloon South Diversion Chamber,KD-087
Kowloon South Diversion Chamber Gauge,114.1772,22.3041,2026-03-24 04:10:00,3.4,Kowloon South Diversion Chamber,KD-087
Kowloon South Diversion Chamber Gauge,114.1772,22.3041,2026-03-24 04:15:00,4.3,Kowloon South Diversion Chamber,KD-087
Kowloon South Diversion Chamber Gauge,114.1772,22.3041,2026-03-24 04:20:00,5.4,Kowloon South Diversion Chamber,KD-087
Kowloon South Diversion Chamber Gauge,114.1772,22.3041,2026-03-24 04:25:00,5.9,Kowloon South Diversion Chamber,KD-087
Kowloon South Diversion Chamber Gauge,114.1772,22.3041,2026-03-24 04:30:00,7.2,Kowloon South Diversion Chamber,KD-087
Kowloon South Diversion Chamber Gauge,114.1772,22.3041,2026-03-24 04:35:00,7.2,Kowloon South Diversion Chamber,KD-087
Kowloon South Diversion Chamber Gauge,114.1772,22.3041,2026-03-24 04:40:00,8.3,Kowloon South Diversion Chamber,KD-087
Kowloon South Diversion Chamber Gauge,114.1772,22.3041,2026-03-24 04:45:00,8.6,Kowloon South Diversion Chamber,KD-087
Kowloon South Diversion Chamber Gauge,114.1772,22.3041,2026-03-24 04:50:00,8.8,Kowloon South Diversion Chamber,KD-087
Kowloon South Diversion Chamber Gauge,114.1772,22.3041,2026-03-24 04:55:00,8.9,Kowloon South Diversion Chamber,KD-087
Kowloon South Diversion Chamber Gauge,114.1772,22.3041,2026-03-24 05:00:00,8.6,Kowloon South Diversion Chamber,KD-087
Kowloon South Diversion Chamber Gauge,114.1772,22.3041,2026-03-24 05:05:00,7.7,Kowloon South Diversion Chamber,KD-087
Kowloon South Diversion Chamber Gauge,114.1772,22.3041,2026-03-24 05:10:00,7.2,Kowloon South Diversion Chamber,KD-087
Kowloon South Diversion Chamber Gauge,114.1772,22.3041,2026-03-24 05:15:00,6.5,Kowloon South Diversion Chamber,KD-087
Kowloon South Diversion Chamber Gauge,114.1772,22.3041,2026-03-24 05:20:00,6.1,Kowloon South Diversion Chamber,KD-087
Kowloon South Diversion Chamber Gauge,114.1772,22.3041,2026-03-24 05:25:00,5.2,Kowloon South Diversion Chamber,KD-087
Kowloon South Diversion Chamber Gauge,114.1772,22.3041,2026-03-24 05:30:00,4.5,Kowloon South Diversion Chamber,KD-087
Kowloon South Diversion Chamber Gauge,114.1772,22.3041,2026-03-24 05:35:00,3.9,Kowloon South Diversion Chamber,KD-087
Kowloon South Diversion Chamber Gauge,114.1772,22.3041,2026-03-24 05:40:00,3.4,Kowloon South Diversion Chamber,KD-087
Kowloon South Diversion Chamber Gauge,114.1772,22.3041,2026-03-24 05:45:00,3.3,Kowloon South Diversion Chamber,KD-087
Kowloon South Diversion Chamber Gauge,114.1772,22.3041,2026-03-24 05:50:00,3.3,Kowloon South Diversion Chamber,KD-087
Kowloon South Diversion Chamber Gauge,114.1772,22.3041,2026-03-24 05:55:00,3.3,Kowloon South Diversion Chamber,KD-087
Kowloon South Diversion Chamber Gauge,114.1772,22.3041,2026-03-24 06:00:00,3.3,Kowloon South Diversion Chamber,KD-087
Kowloon South Diversion Chamber Gauge,114.1772,22.3041,2026-03-24 06:05:00,3.0,Kowloon South Diversion Chamber,KD-087
Kowloon South Diversion Chamber Gauge,114.1772,22.3041,2026-03-24 06:10:00,3.1,Kowloon South Diversion Chamber,KD-087
Kowloon South Diversion Chamber Gauge,114.1772,22.3041,2026-03-24 06:15:00,3.5,Kowloon South Diversion Chamber,KD-087
Kowloon South Diversion Chamber Gauge,114.1772,22.3041,2026-03-24 06:20:00,3.5,Kowloon South Diversion Chamber,KD-087
Kowloon South Diversion Chamber Gauge,114.1772,22.3041,2026-03-24 06:25:00,3.7,Kowloon South Diversion Chamber,KD-087
Kowloon South Diversion Chamber Gauge,114.1772,22.3041,2026-03-24 06:30:00,3.3,Kowloon South Diversion Chamber,KD-087
Kowloon South Diversion Chamber Gauge,114.1772,22.3041,2026-03-24 06:35:00,3.0,Kowloon South Diversion Chamber,KD-087
Kowloon South Diversion Chamber Gauge,114.1772,22.3041,2026-03-24 06:40:00,2.9,Kowloon South Diversion Chamber,KD-087
Kowloon South Diversion Chamber Gauge,114.1772,22.3041,2026-03-24 06:45:00,3.8,Kowloon South Diversion Chamber,KD-087
Kowloon South Diversion Chamber Gauge,114.1772,22.3041,2026-03-24 06:50:00,3.1,Kowloon South Diversion Chamber,KD-087
Kowloon South Diversion Chamber Gauge,114.1772,22.3041,2026-03-24 06:55:00,2.8,Kowloon South Diversion Chamber,KD-087
Kowloon South Diversion Chamber Gauge,114.1772,22.3041,2026-03-24 07:00:00,2.3,Kowloon South Diversion Chamber,KD-087
Kowloon South Diversion Chamber Gauge,114.1772,22.3041,2026-03-24 07:05:00,2.6,Kowloon South Diversion Chamber,KD-087
Kowloon South Diversion Chamber Gauge,114.1772,22.3041,2026-03-24 07:10:00,2.4,Kowloon South Diversion Chamber,KD-087
Kowloon South Diversion Chamber Gauge,114.1772,22.3041,2026-03-24 07:15:00,1.9,Kowloon South Diversion Chamber,KD-087
Kowloon South Diversion Chamber Gauge,114.1772,22.3041,2026-03-24 07:20:00,1.8,Kowloon South Diversion Chamber,KD-087
Kowloon South Diversion Chamber Gauge,114.1772,22.3041,2026-03-24 07:25:00,1.7,Kowloon South Diversion Chamber,KD-087
Kowloon South Diversion Chamber Gauge,114.1772,22.3041,2026-03-24 07:30:00,1.4,Kowloon South Diversion Chamber,KD-087
Kowloon South Diversion Chamber Gauge,114.1772,22.3041,2026-03-24 07:35:00,1.6,Kowloon South Diversion Chamber,KD-087
Kowloon South Diversion Chamber Gauge,114.1772,22.3041,2026-03-24 07:40:00,0.9,Kowloon South Diversion Chamber,KD-087
Kowloon South Diversion Chamber Gauge,114.1772,22.3041,2026-03-24 07:45:00,0.9,Kowloon South Diversion Chamber,KD-087
Kowloon South Diversion Chamber Gauge,114.1772,22.3041,2026-03-24 07:50:00,0.7,Kowloon South Diversion Chamber,KD-087
Kowloon South Diversion Chamber Gauge,114.1772,22.3041,2026-03-24 07:55:00,0.5,Kowloon South Diversion Chamber,KD-087
Tsuen Wan Coastal Interceptor Gauge,114.1135,22.3701,2026-03-24 00:00:00,0.2,Tsuen Wan Coastal Interceptor,TW-156
Tsuen Wan Coastal Interceptor Gauge,114.1135,22.3701,2026-03-24 00:05:00,0.3,Tsuen Wan Coastal Interceptor,TW-156
Tsuen Wan Coastal Interceptor Gauge,114.1135,22.3701,2026-03-24 00:10:00,0.5,Tsuen Wan Coastal Interceptor,TW-156
Tsuen Wan Coastal Interceptor Gauge,114.1135,22.3701,2026-03-24 00:15:00,0.3,Tsuen Wan Coastal Interceptor,TW-156
Tsuen Wan Coastal Interceptor Gauge,114.1135,22.3701,2026-03-24 00:20:00,0.2,Tsuen Wan Coastal Interceptor,TW-156
Tsuen Wan Coastal Interceptor Gauge,114.1135,22.3701,2026-03-24 00:25:00,0.3,Tsuen Wan Coastal Interceptor,TW-156
Tsuen Wan Coastal Interceptor Gauge,114.1135,22.3701,2026-03-24 00:30:00,0.1,Tsuen Wan Coastal Interceptor,TW-156
Tsuen Wan Coastal Interceptor Gauge,114.1135,22.3701,2026-03-24 00:35:00,0.4,Tsuen Wan Coastal Interceptor,TW-156
Tsuen Wan Coastal Interceptor Gauge,114.1135,22.3701,2026-03-24 00:40:00,0.0,Tsuen Wan Coastal Interceptor,TW-156
Tsuen Wan Coastal Interceptor Gauge,114.1135,22.3701,2026-03-24 00:45:00,0.3,Tsuen Wan Coastal Interceptor,TW-156
Tsuen Wan Coastal Interceptor Gauge,114.1135,22.3701,2026-03-24 00:50:00,0.3,Tsuen Wan Coastal Interceptor,TW-156
Tsuen Wan Coastal Interceptor Gauge,114.1135,22.3701,2026-03-24 00:55:00,0.0,Tsuen Wan Coastal Interceptor,TW-156
Tsuen Wan Coastal Interceptor Gauge,114.1135,22.3701,2026-03-24 01:00:00,0.1,Tsuen Wan Coastal Interceptor,TW-156
Tsuen Wan Coastal Interceptor Gauge,114.1135,22.3701,2026-03-24 01:05:00,0.8,Tsuen Wan Coastal Interceptor,TW-156
Tsuen Wan Coastal Interceptor Gauge,114.1135,22.3701,2026-03-24 01:10:00,0.6,Tsuen Wan Coastal Interceptor,TW-156
Tsuen Wan Coastal Interceptor Gauge,114.1135,22.3701,2026-03-24 01:15:00,1.0,Tsuen Wan Coastal Interceptor,TW-156
Tsuen Wan Coastal Interceptor Gauge,114.1135,22.3701,2026-03-24 01:20:00,0.9,Tsuen Wan Coastal Interceptor,TW-156
Tsuen Wan Coastal Interceptor Gauge,114.1135,22.3701,2026-03-24 01:25:00,0.9,Tsuen Wan Coastal Interceptor,TW-156
Tsuen Wan Coastal Interceptor Gauge,114.1135,22.3701,2026-03-24 01:30:00,1.4,Tsuen Wan Coastal Interceptor,TW-156
Tsuen Wan Coastal Interceptor Gauge,114.1135,22.3701,2026-03-24 01:35:00,2.1,Tsuen Wan Coastal Interceptor,TW-156
Tsuen Wan Coastal Interceptor Gauge,114.1135,22.3701,2026-03-24 01:40:00,2.3,Tsuen Wan Coastal Interceptor,TW-156
Tsuen Wan Coastal Interceptor Gauge,114.1135,22.3701,2026-03-24 01:45:00,2.8,Tsuen Wan Coastal Interceptor,TW-156
Tsuen Wan Coastal Interceptor Gauge,114.1135,22.3701,2026-03-24 01:50:00,3.0,Tsuen Wan Coastal Interceptor,TW-156
Tsuen Wan Coastal Interceptor Gauge,114.1135,22.3701,2026-03-24 01:55:00,3.0,Tsuen Wan Coastal Interceptor,TW-156
Tsuen Wan Coastal Interceptor Gauge,114.1135,22.3701,2026-03-24 02:00:00,4.1,Tsuen Wan Coastal Interceptor,TW-156
Tsuen Wan Coastal Interceptor Gauge,114.1135,22.3701,2026-03-24 02:05:00,4.4,Tsuen Wan Coastal Interceptor,TW-156
Tsuen Wan Coastal Interceptor Gauge,114.1135,22.3701,2026-03-24 02:10:00,4.7,Tsuen Wan Coastal Interceptor,TW-156
Tsuen Wan Coastal Interceptor Gauge,114.1135,22.3701,2026-03-24 02:15:00,5.1,Tsuen Wan Coastal Interceptor,TW-156
Tsuen Wan Coastal Interceptor Gauge,114.1135,22.3701,2026-03-24 02:20:00,5.5,Tsuen Wan Coastal Interceptor,TW-156
Tsuen Wan Coastal Interceptor Gauge,114.1135,22.3701,2026-03-24 02:25:00,5.7,Tsuen Wan Coastal Interceptor,TW-156
Tsuen Wan Coastal Interceptor Gauge,114.1135,22.3701,2026-03-24 02:30:00,5.5,Tsuen Wan Coastal Interceptor,TW-156
Tsuen Wan Coastal Interceptor Gauge,114.1135,22.3701,2026-03-24 02:35:00,5.7,Tsuen Wan Coastal Interceptor,TW-156
Tsuen Wan Coastal Interceptor Gauge,114.1135,22.3701,2026-03-24 02:40:00,5.4,Tsuen Wan Coastal Interceptor,TW-156
Tsuen Wan Coastal Interceptor Gauge,114.1135,22.3701,2026-03-24 02:45:00,5.2,Tsuen Wan Coastal Interceptor,TW-156
Tsuen Wan Coastal Interceptor Gauge,114.1135,22.3701,2026-03-24 02:50:00,4.6,Tsuen Wan Coastal Interceptor,TW-156
Tsuen Wan Coastal Interceptor Gauge,114.1135,22.3701,2026-03-24 02:55:00,4.1,Tsuen Wan Coastal Interceptor,TW-156
Tsuen Wan Coastal Interceptor Gauge,114.1135,22.3701,2026-03-24 03:00:00,3.9,Tsuen Wan Coastal Interceptor,TW-156
Tsuen Wan Coastal Interceptor Gauge,114.1135,22.3701,2026-03-24 03:05:00,3.5,Tsuen Wan Coastal Interceptor,TW-156
Tsuen Wan Coastal Interceptor Gauge,114.1135,22.3701,2026-03-24 03:10:00,2.9,Tsuen Wan Coastal Interceptor,TW-156
Tsuen Wan Coastal Interceptor Gauge,114.1135,22.3701,2026-03-24 03:15:00,2.4,Tsuen Wan Coastal Interceptor,TW-156
Tsuen Wan Coastal Interceptor Gauge,114.1135,22.3701,2026-03-24 03:20:00,2.2,Tsuen Wan Coastal Interceptor,TW-156
Tsuen Wan Coastal Interceptor Gauge,114.1135,22.3701,2026-03-24 03:25:00,1.8,Tsuen Wan Coastal Interceptor,TW-156
Tsuen Wan Coastal Interceptor Gauge,114.1135,22.3701,2026-03-24 03:30:00,1.7,Tsuen Wan Coastal Interceptor,TW-156
Tsuen Wan Coastal Interceptor Gauge,114.1135,22.3701,2026-03-24 03:35:00,1.6,Tsuen Wan Coastal Interceptor,TW-156
Tsuen Wan Coastal Interceptor Gauge,114.1135,22.3701,2026-03-24 03:40:00,1.3,Tsuen Wan Coastal Interceptor,TW-156
Tsuen Wan Coastal Interceptor Gauge,114.1135,22.3701,2026-03-24 03:45:00,1.2,Tsuen Wan Coastal Interceptor,TW-156
Tsuen Wan Coastal Interceptor Gauge,114.1135,22.3701,2026-03-24 03:50:00,1.4,Tsuen Wan Coastal Interceptor,TW-156
Tsuen Wan Coastal Interceptor Gauge,114.1135,22.3701,2026-03-24 03:55:00,1.8,Tsuen Wan Coastal Interceptor,TW-156
Tsuen Wan Coastal Interceptor Gauge,114.1135,22.3701,2026-03-24 04:00:00,2.4,Tsuen Wan Coastal Interceptor,TW-156
Tsuen Wan Coastal Interceptor Gauge,114.1135,22.3701,2026-03-24 04:05:00,2.4,Tsuen Wan Coastal Interceptor,TW-156
Tsuen Wan Coastal Interceptor Gauge,114.1135,22.3701,2026-03-24 04:10:00,3.6,Tsuen Wan Coastal Interceptor,TW-156
Tsuen Wan Coastal Interceptor Gauge,114.1135,22.3701,2026-03-24 04:15:00,4.1,Tsuen Wan Coastal Interceptor,TW-156
Tsuen Wan Coastal Interceptor Gauge,114.1135,22.3701,2026-03-24 04:20:00,4.9,Tsuen Wan Coastal Interceptor,TW-156
Tsuen Wan Coastal Interceptor Gauge,114.1135,22.3701,2026-03-24 04:25:00,5.9,Tsuen Wan Coastal Interceptor,TW-156
Tsuen Wan Coastal Interceptor Gauge,114.1135,22.3701,2026-03-24 04:30:00,6.6,Tsuen Wan Coastal Interceptor,TW-156
Tsuen Wan Coastal Interceptor Gauge,114.1135,22.3701,2026-03-24 04:35:00,7.4,Tsuen Wan Coastal Interceptor,TW-156
Tsuen Wan Coastal Interceptor Gauge,114.1135,22.3701,2026-03-24 04:40:00,8.3,Tsuen Wan Coastal Interceptor,TW-156
Tsuen Wan Coastal Interceptor Gauge,114.1135,22.3701,2026-03-24 04:45:00,8.4,Tsuen Wan Coastal Interceptor,TW-156
Tsuen Wan Coastal Interceptor Gauge,114.1135,22.3701,2026-03-24 04:50:00,9.0,Tsuen Wan Coastal Interceptor,TW-156
Tsuen Wan Coastal Interceptor Gauge,114.1135,22.3701,2026-03-24 04:55:00,9.4,Tsuen Wan Coastal Interceptor,TW-156
Tsuen Wan Coastal Interceptor Gauge,114.1135,22.3701,2026-03-24 05:00:00,8.7,Tsuen Wan Coastal Interceptor,TW-156
Tsuen Wan Coastal Interceptor Gauge,114.1135,22.3701,2026-03-24 05:05:00,8.3,Tsuen Wan Coastal Interceptor,TW-156
Tsuen Wan Coastal Interceptor Gauge,114.1135,22.3701,2026-03-24 05:10:00,7.4,Tsuen Wan Coastal Interceptor,TW-156
Tsuen Wan Coastal Interceptor Gauge,114.1135,22.3701,2026-03-24 05:15:00,6.7,Tsuen Wan Coastal Interceptor,TW-156
Tsuen Wan Coastal Interceptor Gauge,114.1135,22.3701,2026-03-24 05:20:00,5.5,Tsuen Wan Coastal Interceptor,TW-156
Tsuen Wan Coastal Interceptor Gauge,114.1135,22.3701,2026-03-24 05:25:00,4.8,Tsuen Wan Coastal Interceptor,TW-156
Tsuen Wan Coastal Interceptor Gauge,114.1135,22.3701,2026-03-24 05:30:00,4.6,Tsuen Wan Coastal Interceptor,TW-156
Tsuen Wan Coastal Interceptor Gauge,114.1135,22.3701,2026-03-24 05:35:00,4.2,Tsuen Wan Coastal Interceptor,TW-156
Tsuen Wan Coastal Interceptor Gauge,114.1135,22.3701,2026-03-24 05:40:00,3.8,Tsuen Wan Coastal Interceptor,TW-156
Tsuen Wan Coastal Interceptor Gauge,114.1135,22.3701,2026-03-24 05:45:00,3.2,Tsuen Wan Coastal Interceptor,TW-156
Tsuen Wan Coastal Interceptor Gauge,114.1135,22.3701,2026-03-24 05:50:00,3.2,Tsuen Wan Coastal Interceptor,TW-156
Tsuen Wan Coastal Interceptor Gauge,114.1135,22.3701,2026-03-24 05:55:00,3.2,Tsuen Wan Coastal Interceptor,TW-156
Tsuen Wan Coastal Interceptor Gauge,114.1135,22.3701,2026-03-24 06:00:00,3.3,Tsuen Wan Coastal Interceptor,TW-156
Tsuen Wan Coastal Interceptor Gauge,114.1135,22.3701,2026-03-24 06:05:00,2.8,Tsuen Wan Coastal Interceptor,TW-156
Tsuen Wan Coastal Interceptor Gauge,114.1135,22.3701,2026-03-24 06:10:00,3.0,Tsuen Wan Coastal Interceptor,TW-156
Tsuen Wan Coastal Interceptor Gauge,114.1135,22.3701,2026-03-24 06:15:00,3.8,Tsuen Wan Coastal Interceptor,TW-156
Tsuen Wan Coastal Interceptor Gauge,114.1135,22.3701,2026-03-24 06:20:00,3.4,Tsuen Wan Coastal Interceptor,TW-156
Tsuen Wan Coastal Interceptor Gauge,114.1135,22.3701,2026-03-24 06:25:00,3.5,Tsuen Wan Coastal Interceptor,TW-156
Tsuen Wan Coastal Interceptor Gauge,114.1135,22.3701,2026-03-24 06:30:00,3.6,Tsuen Wan Coastal Interceptor,TW-156
Tsuen Wan Coastal Interceptor Gauge,114.1135,22.3701,2026-03-24 06:35:00,3.7,Tsuen Wan Coastal Interceptor,TW-156
Tsuen Wan Coastal Interceptor Gauge,114.1135,22.3701,2026-03-24 06:40:00,3.4,Tsuen Wan Coastal Interceptor,TW-156
Tsuen Wan Coastal Interceptor Gauge,114.1135,22.3701,2026-03-24 06:45:00,3.4,Tsuen Wan Coastal Interceptor,TW-156
Tsuen Wan Coastal Interceptor Gauge,114.1135,22.3701,2026-03-24 06:50:00,2.9,Tsuen Wan Coastal Interceptor,TW-156
Tsuen Wan Coastal Interceptor Gauge,114.1135,22.3701,2026-03-24 06:55:00,3.0,Tsuen Wan Coastal Interceptor,TW-156
Tsuen Wan Coastal Interceptor Gauge,114.1135,22.3701,2026-03-24 07:00:00,2.5,Tsuen Wan Coastal Interceptor,TW-156
Tsuen Wan Coastal Interceptor Gauge,114.1135,22.3701,2026-03-24 07:05:00,2.4,Tsuen Wan Coastal Interceptor,TW-156
Tsuen Wan Coastal Interceptor Gauge,114.1135,22.3701,2026-03-24 07:10:00,2.3,Tsuen Wan Coastal Interceptor,TW-156
Tsuen Wan Coastal Interceptor Gauge,114.1135,22.3701,2026-03-24 07:15:00,2.1,Tsuen Wan Coastal Interceptor,TW-156
Tsuen Wan Coastal Interceptor Gauge,114.1135,22.3701,2026-03-24 07:20:00,1.8,Tsuen Wan Coastal Interceptor,TW-156
Tsuen Wan Coastal Interceptor Gauge,114.1135,22.3701,2026-03-24 07:25:00,1.6,Tsuen Wan Coastal Interceptor,TW-156
Tsuen Wan Coastal Interceptor Gauge,114.1135,22.3701,2026-03-24 07:30:00,1.3,Tsuen Wan Coastal Interceptor,TW-156
Tsuen Wan Coastal Interceptor Gauge,114.1135,22.3701,2026-03-24 07:35:00,0.8,Tsuen Wan Coastal Interceptor,TW-156
Tsuen Wan Coastal Interceptor Gauge,114.1135,22.3701,2026-03-24 07:40:00,0.9,Tsuen Wan Coastal Interceptor,TW-156
Tsuen Wan Coastal Interceptor Gauge,114.1135,22.3701,2026-03-24 07:45:00,1.1,Tsuen Wan Coastal Interceptor,TW-156
Tsuen Wan Coastal Interceptor Gauge,114.1135,22.3701,2026-03-24 07:50:00,0.7,Tsuen Wan Coastal Interceptor,TW-156
Tsuen Wan Coastal Interceptor Gauge,114.1135,22.3701,2026-03-24 07:55:00,0.8,Tsuen Wan Coastal Interceptor,TW-156
Tuen Mun North Pump Sump Gauge,113.9761,22.4015,2026-03-24 00:00:00,0.3,Tuen Mun North Pump Sump,TM-203
Tuen Mun North Pump Sump Gauge,113.9761,22.4015,2026-03-24 00:05:00,0.6,Tuen Mun North Pump Sump,TM-203
Tuen Mun North Pump Sump Gauge,113.9761,22.4015,2026-03-24 00:10:00,0.3,Tuen Mun North Pump Sump,TM-203
Tuen Mun North Pump Sump Gauge,113.9761,22.4015,2026-03-24 00:15:00,0.4,Tuen Mun North Pump Sump,TM-203
Tuen Mun North Pump Sump Gauge,113.9761,22.4015,2026-03-24 00:20:00,0.3,Tuen Mun North Pump Sump,TM-203
Tuen Mun North Pump Sump Gauge,113.9761,22.4015,2026-03-24 00:25:00,0.5,Tuen Mun North Pump Sump,TM-203
Tuen Mun North Pump Sump Gauge,113.9761,22.4015,2026-03-24 00:30:00,0.0,Tuen Mun North Pump Sump,TM-203
Tuen Mun North Pump Sump Gauge,113.9761,22.4015,2026-03-24 00:35:00,0.2,Tuen Mun North Pump Sump,TM-203
Tuen Mun North Pump Sump Gauge,113.9761,22.4015,2026-03-24 00:40:00,0.7,Tuen Mun North Pump Sump,TM-203
Tuen Mun North Pump Sump Gauge,113.9761,22.4015,2026-03-24 00:45:00,0.3,Tuen Mun North Pump Sump,TM-203
Tuen Mun North Pump Sump Gauge,113.9761,22.4015,2026-03-24 00:50:00,0.9,Tuen Mun North Pump Sump,TM-203
Tuen Mun North Pump Sump Gauge,113.9761,22.4015,2026-03-24 00:55:00,0.1,Tuen Mun North Pump Sump,TM-203
Tuen Mun North Pump Sump Gauge,113.9761,22.4015,2026-03-24 01:00:00,0.6,Tuen Mun North Pump Sump,TM-203
Tuen Mun North Pump Sump Gauge,113.9761,22.4015,2026-03-24 01:05:00,0.6,Tuen Mun North Pump Sump,TM-203
Tuen Mun North Pump Sump Gauge,113.9761,22.4015,2026-03-24 01:10:00,0.9,Tuen Mun North Pump Sump,TM-203
Tuen Mun North Pump Sump Gauge,113.9761,22.4015,2026-03-24 01:15:00,0.4,Tuen Mun North Pump Sump,TM-203
Tuen Mun North Pump Sump Gauge,113.9761,22.4015,2026-03-24 01:20:00,1.1,Tuen Mun North Pump Sump,TM-203
Tuen Mun North Pump Sump Gauge,113.9761,22.4015,2026-03-24 01:25:00,1.2,Tuen Mun North Pump Sump,TM-203
Tuen Mun North Pump Sump Gauge,113.9761,22.4015,2026-03-24 01:30:00,1.6,Tuen Mun North Pump Sump,TM-203
Tuen Mun North Pump Sump Gauge,113.9761,22.4015,2026-03-24 01:35:00,1.8,Tuen Mun North Pump Sump,TM-203
Tuen Mun North Pump Sump Gauge,113.9761,22.4015,2026-03-24 01:40:00,2.5,Tuen Mun North Pump Sump,TM-203
Tuen Mun North Pump Sump Gauge,113.9761,22.4015,2026-03-24 01:45:00,2.5,Tuen Mun North Pump Sump,TM-203
Tuen Mun North Pump Sump Gauge,113.9761,22.4015,2026-03-24 01:50:00,3.0,Tuen Mun North Pump Sump,TM-203
Tuen Mun North Pump Sump Gauge,113.9761,22.4015,2026-03-24 01:55:00,3.2,Tuen Mun North Pump Sump,TM-203
Tuen Mun North Pump Sump Gauge,113.9761,22.4015,2026-03-24 02:00:00,3.8,Tuen Mun North Pump Sump,TM-203
Tuen Mun North Pump Sump Gauge,113.9761,22.4015,2026-03-24 02:05:00,4.2,Tuen Mun North Pump Sump,TM-203
Tuen Mun North Pump Sump Gauge,113.9761,22.4015,2026-03-24 02:10:00,4.6,Tuen Mun North Pump Sump,TM-203
Tuen Mun North Pump Sump Gauge,113.9761,22.4015,2026-03-24 02:15:00,5.0,Tuen Mun North Pump Sump,TM-203
Tuen Mun North Pump Sump Gauge,113.9761,22.4015,2026-03-24 02:20:00,5.4,Tuen Mun North Pump Sump,TM-203
Tuen Mun North Pump Sump Gauge,113.9761,22.4015,2026-03-24 02:25:00,5.4,Tuen Mun North Pump Sump,TM-203
Tuen Mun North Pump Sump Gauge,113.9761,22.4015,2026-03-24 02:30:00,5.4,Tuen Mun North Pump Sump,TM-203
Tuen Mun North Pump Sump Gauge,113.9761,22.4015,2026-03-24 02:35:00,5.0,Tuen Mun North Pump Sump,TM-203
Tuen Mun North Pump Sump Gauge,113.9761,22.4015,2026-03-24 02:40:00,5.5,Tuen Mun North Pump Sump,TM-203
Tuen Mun North Pump Sump Gauge,113.9761,22.4015,2026-03-24 02:45:00,4.6,Tuen Mun North Pump Sump,TM-203
Tuen Mun North Pump Sump Gauge,113.9761,22.4015,2026-03-24 02:50:00,4.6,Tuen Mun North Pump Sump,TM-203
Tuen Mun North Pump Sump Gauge,113.9761,22.4015,2026-03-24 02:55:00,4.1,Tuen Mun North Pump Sump,TM-203
Tuen Mun North Pump Sump Gauge,113.9761,22.4015,2026-03-24 03:00:00,4.2,Tuen Mun North Pump Sump,TM-203
Tuen Mun North Pump Sump Gauge,113.9761,22.4015,2026-03-24 03:05:00,3.6,Tuen Mun North Pump Sump,TM-203
Tuen Mun North Pump Sump Gauge,113.9761,22.4015,2026-03-24 03:10:00,2.5,Tuen Mun North Pump Sump,TM-203
Tuen Mun North Pump Sump Gauge,113.9761,22.4015,2026-03-24 03:15:00,2.7,Tuen Mun North Pump Sump,TM-203
Tuen Mun North Pump Sump Gauge,113.9761,22.4015,2026-03-24 03:20:00,1.9,Tuen Mun North Pump Sump,TM-203
Tuen Mun North Pump Sump Gauge,113.9761,22.4015,2026-03-24 03:25:00,1.4,Tuen Mun North Pump Sump,TM-203
Tuen Mun North Pump Sump Gauge,113.9761,22.4015,2026-03-24 03:30:00,1.5,Tuen Mun North Pump Sump,TM-203
Tuen Mun North Pump Sump Gauge,113.9761,22.4015,2026-03-24 03:35:00,1.3,Tuen Mun North Pump Sump,TM-203
Tuen Mun North Pump Sump Gauge,113.9761,22.4015,2026-03-24 03:40:00,1.2,Tuen Mun North Pump Sump,TM-203
Tuen Mun North Pump Sump Gauge,113.9761,22.4015,2026-03-24 03:45:00,1.4,Tuen Mun North Pump Sump,TM-203
Tuen Mun North Pump Sump Gauge,113.9761,22.4015,2026-03-24 03:50:00,1.2,Tuen Mun North Pump Sump,TM-203
Tuen Mun North Pump Sump Gauge,113.9761,22.4015,2026-03-24 03:55:00,2.0,Tuen Mun North Pump Sump,TM-203
Tuen Mun North Pump Sump Gauge,113.9761,22.4015,2026-03-24 04:00:00,2.2,Tuen Mun North Pump Sump,TM-203
Tuen Mun North Pump Sump Gauge,113.9761,22.4015,2026-03-24 04:05:00,2.8,Tuen Mun North Pump Sump,TM-203
Tuen Mun North Pump Sump Gauge,113.9761,22.4015,2026-03-24 04:10:00,3.3,Tuen Mun North Pump Sump,TM-203
Tuen Mun North Pump Sump Gauge,113.9761,22.4015,2026-03-24 04:15:00,4.0,Tuen Mun North Pump Sump,TM-203
Tuen Mun North Pump Sump Gauge,113.9761,22.4015,2026-03-24 04:20:00,5.1,Tuen Mun North Pump Sump,TM-203
Tuen Mun North Pump Sump Gauge,113.9761,22.4015,2026-03-24 04:25:00,6.0,Tuen Mun North Pump Sump,TM-203
Tuen Mun North Pump Sump Gauge,113.9761,22.4015,2026-03-24 04:30:00,6.4,Tuen Mun North Pump Sump,TM-203
Tuen Mun North Pump Sump Gauge,113.9761,22.4015,2026-03-24 04:35:00,7.5,Tuen Mun North Pump Sump,TM-203
Tuen Mun North Pump Sump Gauge,113.9761,22.4015,2026-03-24 04:40:00,8.1,Tuen Mun North Pump Sump,TM-203
Tuen Mun North Pump Sump Gauge,113.9761,22.4015,2026-03-24 04:45:00,8.8,Tuen Mun North Pump Sump,TM-203
Tuen Mun North Pump Sump Gauge,113.9761,22.4015,2026-03-24 04:50:00,8.1,Tuen Mun North Pump Sump,TM-203
Tuen Mun North Pump Sump Gauge,113.9761,22.4015,2026-03-24 04:55:00,8.7,Tuen Mun North Pump Sump,TM-203
Tuen Mun North Pump Sump Gauge,113.9761,22.4015,2026-03-24 05:00:00,8.5,Tuen Mun North Pump Sump,TM-203
Tuen Mun North Pump Sump Gauge,113.9761,22.4015,2026-03-24 05:05:00,7.4,Tuen Mun North Pump Sump,TM-203
Tuen Mun North Pump Sump Gauge,113.9761,22.4015,2026-03-24 05:10:00,7.4,Tuen Mun North Pump Sump,TM-203
Tuen Mun North Pump Sump Gauge,113.9761,22.4015,2026-03-24 05:15:00,6.1,Tuen Mun North Pump Sump,TM-203
Tuen Mun North Pump Sump Gauge,113.9761,22.4015,2026-03-24 05:20:00,6.0,Tuen Mun North Pump Sump,TM-203
Tuen Mun North Pump Sump Gauge,113.9761,22.4015,2026-03-24 05:25:00,4.9,Tuen Mun North Pump Sump,TM-203
Tuen Mun North Pump Sump Gauge,113.9761,22.4015,2026-03-24 05:30:00,4.2,Tuen Mun North Pump Sump,TM-203
Tuen Mun North Pump Sump Gauge,113.9761,22.4015,2026-03-24 05:35:00,3.7,Tuen Mun North Pump Sump,TM-203
Tuen Mun North Pump Sump Gauge,113.9761,22.4015,2026-03-24 05:40:00,3.5,Tuen Mun North Pump Sump,TM-203
Tuen Mun North Pump Sump Gauge,113.9761,22.4015,2026-03-24 05:45:00,3.4,Tuen Mun North Pump Sump,TM-203
Tuen Mun North Pump Sump Gauge,113.9761,22.4015,2026-03-24 05:50:00,2.7,Tuen Mun North Pump Sump,TM-203
Tuen Mun North Pump Sump Gauge,113.9761,22.4015,2026-03-24 05:55:00,3.1,Tuen Mun North Pump Sump,TM-203
Tuen Mun North Pump Sump Gauge,113.9761,22.4015,2026-03-24 06:00:00,2.8,Tuen Mun North Pump Sump,TM-203
Tuen Mun North Pump Sump Gauge,113.9761,22.4015,2026-03-24 06:05:00,2.9,Tuen Mun North Pump Sump,TM-203
Tuen Mun North Pump Sump Gauge,113.9761,22.4015,2026-03-24 06:10:00,3.2,Tuen Mun North Pump Sump,TM-203
Tuen Mun North Pump Sump Gauge,113.9761,22.4015,2026-03-24 06:15:00,3.4,Tuen Mun North Pump Sump,TM-203
Tuen Mun North Pump Sump Gauge,113.9761,22.4015,2026-03-24 06:20:00,3.3,Tuen Mun North Pump Sump,TM-203
Tuen Mun North Pump Sump Gauge,113.9761,22.4015,2026-03-24 06:25:00,3.5,Tuen Mun North Pump Sump,TM-203
Tuen Mun North Pump Sump Gauge,113.9761,22.4015,2026-03-24 06:30:00,3.3,Tuen Mun North Pump Sump,TM-203
Tuen Mun North Pump Sump Gauge,113.9761,22.4015,2026-03-24 06:35:00,3.7,Tuen Mun North Pump Sump,TM-203
Tuen Mun North Pump Sump Gauge,113.9761,22.4015,2026-03-24 06:40:00,3.2,Tuen Mun North Pump Sump,TM-203
Tuen Mun North Pump Sump Gauge,113.9761,22.4015,2026-03-24 06:45:00,2.9,Tuen Mun North Pump Sump,TM-203
Tuen Mun North Pump Sump Gauge,113.9761,22.4015,2026-03-24 06:50:00,3.0,Tuen Mun North Pump Sump,TM-203
Tuen Mun North Pump Sump Gauge,113.9761,22.4015,2026-03-24 06:55:00,2.8,Tuen Mun North Pump Sump,TM-203
Tuen Mun North Pump Sump Gauge,113.9761,22.4015,2026-03-24 07:00:00,2.9,Tuen Mun North Pump Sump,TM-203
Tuen Mun North Pump Sump Gauge,113.9761,22.4015,2026-03-24 07:05:00,2.8,Tuen Mun North Pump Sump,TM-203
Tuen Mun North Pump Sump Gauge,113.9761,22.4015,2026-03-24 07:10:00,2.5,Tuen Mun North Pump Sump,TM-203
Tuen Mun North Pump Sump Gauge,113.9761,22.4015,2026-03-24 07:15:00,1.9,Tuen Mun North Pump Sump,TM-203
Tuen Mun North Pump Sump Gauge,113.9761,22.4015,2026-03-24 07:20:00,2.1,Tuen Mun North Pump Sump,TM-203
Tuen Mun North Pump Sump Gauge,113.9761,22.4015,2026-03-24 07:25:00,1.6,Tuen Mun North Pump Sump,TM-203
Tuen Mun North Pump Sump Gauge,113.9761,22.4015,2026-03-24 07:30:00,1.2,Tuen Mun North Pump Sump,TM-203
Tuen Mun North Pump Sump Gauge,113.9761,22.4015,2026-03-24 07:35:00,1.3,Tuen Mun North Pump Sump,TM-203
Tuen Mun North Pump Sump Gauge,113.9761,22.4015,2026-03-24 07:40:00,1.2,Tuen Mun North Pump Sump,TM-203
Tuen Mun North Pump Sump Gauge,113.9761,22.4015,2026-03-24 07:45:00,0.7,Tuen Mun North Pump Sump,TM-203
Tuen Mun North Pump Sump Gauge,113.9761,22.4015,2026-03-24 07:50:00,0.9,Tuen Mun North Pump Sump,TM-203
Tuen Mun North Pump Sump Gauge,113.9761,22.4015,2026-03-24 07:55:00,0.5,Tuen Mun North Pump Sump,TM-203
Sha Tin Main Trunk Gauge 3,114.2088,22.3874,2026-03-24 00:00:00,0.5,Sha Tin Main Trunk,ST-143
Sha Tin Main Trunk Gauge 3,114.2088,22.3874,2026-03-24 00:05:00,0.2,Sha Tin Main Trunk,ST-143
Sha Tin Main Trunk Gauge 3,114.2088,22.3874,2026-03-24 00:10:00,0.2,Sha Tin Main Trunk,ST-143
Sha Tin Main Trunk Gauge 3,114.2088,22.3874,2026-03-24 00:15:00,0.5,Sha Tin Main Trunk,ST-143
Sha Tin Main Trunk Gauge 3,114.2088,22.3874,2026-03-24 00:20:00,0.3,Sha Tin Main Trunk,ST-143
Sha Tin Main Trunk Gauge 3,114.2088,22.3874,2026-03-24 00:25:00,0.4,Sha Tin Main Trunk,ST-143
Sha Tin Main Trunk Gauge 3,114.2088,22.3874,2026-03-24 00:30:00,0.0,Sha Tin Main Trunk,ST-143
Sha Tin Main Trunk Gauge 3,114.2088,22.3874,2026-03-24 00:35:00,0.2,Sha Tin Main Trunk,ST-143
Sha Tin Main Trunk Gauge 3,114.2088,22.3874,2026-03-24 00:40:00,0.0,Sha Tin Main Trunk,ST-143
Sha Tin Main Trunk Gauge 3,114.2088,22.3874,2026-03-24 00:45:00,0.3,Sha Tin Main Trunk,ST-143
Sha Tin Main Trunk Gauge 3,114.2088,22.3874,2026-03-24 00:50:00,0.5,Sha Tin Main Trunk,ST-143
Sha Tin Main Trunk Gauge 3,114.2088,22.3874,2026-03-24 00:55:00,0.5,Sha Tin Main Trunk,ST-143
Sha Tin Main Trunk Gauge 3,114.2088,22.3874,2026-03-24 01:00:00,0.2,Sha Tin Main Trunk,ST-143
Sha Tin Main Trunk Gauge 3,114.2088,22.3874,2026-03-24 01:05:00,0.2,Sha Tin Main Trunk,ST-143
Sha Tin Main Trunk Gauge 3,114.2088,22.3874,2026-03-24 01:10:00,0.7,Sha Tin Main Trunk,ST-143
Sha Tin Main Trunk Gauge 3,114.2088,22.3874,2026-03-24 01:15:00,0.8,Sha Tin Main Trunk,ST-143
Sha Tin Main Trunk Gauge 3,114.2088,22.3874,2026-03-24 01:20:00,1.0,Sha Tin Main Trunk,ST-143
Sha Tin Main Trunk Gauge 3,114.2088,22.3874,2026-03-24 01:25:00,1.4,Sha Tin Main Trunk,ST-143
Sha Tin Main Trunk Gauge 3,114.2088,22.3874,2026-03-24 01:30:00,0.8,Sha Tin Main Trunk,ST-143
Sha Tin Main Trunk Gauge 3,114.2088,22.3874,2026-03-24 01:35:00,1.8,Sha Tin Main Trunk,ST-143
Sha Tin Main Trunk Gauge 3,114.2088,22.3874,2026-03-24 01:40:00,2.0,Sha Tin Main Trunk,ST-143
Sha Tin Main Trunk Gauge 3,114.2088,22.3874,2026-03-24 01:45:00,2.0,Sha Tin Main Trunk,ST-143
Sha Tin Main Trunk Gauge 3,114.2088,22.3874,2026-03-24 01:50:00,2.6,Sha Tin Main Trunk,ST-143
Sha Tin Main Trunk Gauge 3,114.2088,22.3874,2026-03-24 01:55:00,3.6,Sha Tin Main Trunk,ST-143
Sha Tin Main Trunk Gauge 3,114.2088,22.3874,2026-03-24 02:00:00,3.4,Sha Tin Main Trunk,ST-143
Sha Tin Main Trunk Gauge 3,114.2088,22.3874,2026-03-24 02:05:00,3.8,Sha Tin Main Trunk,ST-143
Sha Tin Main Trunk Gauge 3,114.2088,22.3874,2026-03-24 02:10:00,4.2,Sha Tin Main Trunk,ST-143
Sha Tin Main Trunk Gauge 3,114.2088,22.3874,2026-03-24 02:15:00,5.0,Sha Tin Main Trunk,ST-143
Sha Tin Main Trunk Gauge 3,114.2088,22.3874,2026-03-24 02:20:00,5.0,Sha Tin Main Trunk,ST-143
Sha Tin Main Trunk Gauge 3,114.2088,22.3874,2026-03-24 02:25:00,4.9,Sha Tin Main Trunk,ST-143
Sha Tin Main Trunk Gauge 3,114.2088,22.3874,2026-03-24 02:30:00,5.3,Sha Tin Main Trunk,ST-143
Sha Tin Main Trunk Gauge 3,114.2088,22.3874,2026-03-24 02:35:00,5.0,Sha Tin Main Trunk,ST-143
Sha Tin Main Trunk Gauge 3,114.2088,22.3874,2026-03-24 02:40:00,4.9,Sha Tin Main Trunk,ST-143
Sha Tin Main Trunk Gauge 3,114.2088,22.3874,2026-03-24 02:45:00,4.8,Sha Tin Main Trunk,ST-143
Sha Tin Main Trunk Gauge 3,114.2088,22.3874,2026-03-24 02:50:00,4.6,Sha Tin Main Trunk,ST-143
Sha Tin Main Trunk Gauge 3,114.2088,22.3874,2026-03-24 02:55:00,3.9,Sha Tin Main Trunk,ST-143
Sha Tin Main Trunk Gauge 3,114.2088,22.3874,2026-03-24 03:00:00,3.5,Sha Tin Main Trunk,ST-143
Sha Tin Main Trunk Gauge 3,114.2088,22.3874,2026-03-24 03:05:00,3.2,Sha Tin Main Trunk,ST-143
Sha Tin Main Trunk Gauge 3,114.2088,22.3874,2026-03-24 03:10:00,2.6,Sha Tin Main Trunk,ST-143
Sha Tin Main Trunk Gauge 3,114.2088,22.3874,2026-03-24 03:15:00,2.3,Sha Tin Main Trunk,ST-143
Sha Tin Main Trunk Gauge 3,114.2088,22.3874,2026-03-24 03:20:00,2.1,Sha Tin Main Trunk,ST-143
Sha Tin Main Trunk Gauge 3,114.2088,22.3874,2026-03-24 03:25:00,2.0,Sha Tin Main Trunk,ST-143
Sha Tin Main Trunk Gauge 3,114.2088,22.3874,2026-03-24 03:30:00,1.5,Sha Tin Main Trunk,ST-143
Sha Tin Main Trunk Gauge 3,114.2088,22.3874,2026-03-24 03:35:00,1.5,Sha Tin Main Trunk,ST-143
Sha Tin Main Trunk Gauge 3,114.2088,22.3874,2026-03-24 03:40:00,1.3,Sha Tin Main Trunk,ST-143
Sha Tin Main Trunk Gauge 3,114.2088,22.3874,2026-03-24 03:45:00,0.6,Sha Tin Main Trunk,ST-143
Sha Tin Main Trunk Gauge 3,114.2088,22.3874,2026-03-24 03:50:00,1.4,Sha Tin Main Trunk,ST-143
Sha Tin Main Trunk Gauge 3,114.2088,22.3874,2026-03-24 03:55:00,1.8,Sha Tin Main Trunk,ST-143
Sha Tin Main Trunk Gauge 3,114.2088,22.3874,2026-03-24 04:00:00,1.8,Sha Tin Main Trunk,ST-143
Sha Tin Main Trunk Gauge 3,114.2088,22.3874,2026-03-24 04:05:00,2.4,Sha Tin Main Trunk,ST-143
Sha Tin Main Trunk Gauge 3,114.2088,22.3874,2026-03-24 04:10:00,3.4,Sha Tin Main Trunk,ST-143
Sha Tin Main Trunk Gauge 3,114.2088,22.3874,2026-03-24 04:15:00,3.9,Sha Tin Main Trunk,ST-143
Sha Tin Main Trunk Gauge 3,114.2088,22.3874,2026-03-24 04:20:00,4.5,Sha Tin Main Trunk,ST-143
Sha Tin Main Trunk Gauge 3,114.2088,22.3874,2026-03-24 04:25:00,5.7,Sha Tin Main Trunk,ST-143
Sha Tin Main Trunk Gauge 3,114.2088,22.3874,2026-03-24 04:30:00,6.6,Sha Tin Main Trunk,ST-143
Sha Tin Main Trunk Gauge 3,114.2088,22.3874,2026-03-24 04:35:00,7.0,Sha Tin Main Trunk,ST-143
Sha Tin Main Trunk Gauge 3,114.2088,22.3874,2026-03-24 04:40:00,7.7,Sha Tin Main Trunk,ST-143
Sha Tin Main Trunk Gauge 3,114.2088,22.3874,2026-03-24 04:45:00,7.8,Sha Tin Main Trunk,ST-143
Sha Tin Main Trunk Gauge 3,114.2088,22.3874,2026-03-24 04:50:00,8.1,Sha Tin Main Trunk,ST-143
Sha Tin Main Trunk Gauge 3,114.2088,22.3874,2026-03-24 04:55:00,8.1,Sha Tin Main Trunk,ST-143
Sha Tin Main Trunk Gauge 3,114.2088,22.3874,2026-03-24 05:00:00,7.7,Sha Tin Main Trunk,ST-143
Sha Tin Main Trunk Gauge 3,114.2088,22.3874,2026-03-24 05:05:00,7.5,Sha Tin Main Trunk,ST-143
Sha Tin Main Trunk Gauge 3,114.2088,22.3874,2026-03-24 05:10:00,7.0,Sha Tin Main Trunk,ST-143
Sha Tin Main Trunk Gauge 3,114.2088,22.3874,2026-03-24 05:15:00,6.0,Sha Tin Main Trunk,ST-143
Sha Tin Main Trunk Gauge 3,114.2088,22.3874,2026-03-24 05:20:00,5.4,Sha Tin Main Trunk,ST-143
Sha Tin Main Trunk Gauge 3,114.2088,22.3874,2026-03-24 05:25:00,4.5,Sha Tin Main Trunk,ST-143
Sha Tin Main Trunk Gauge 3,114.2088,22.3874,2026-03-24 05:30:00,4.5,Sha Tin Main Trunk,ST-143
Sha Tin Main Trunk Gauge 3,114.2088,22.3874,2026-03-24 05:35:00,3.4,Sha Tin Main Trunk,ST-143
Sha Tin Main Trunk Gauge 3,114.2088,22.3874,2026-03-24 05:40:00,3.4,Sha Tin Main Trunk,ST-143
Sha Tin Main Trunk Gauge 3,114.2088,22.3874,2026-03-24 05:45:00,3.1,Sha Tin Main Trunk,ST-143
Sha Tin Main Trunk Gauge 3,114.2088,22.3874,2026-03-24 05:50:00,2.8,Sha Tin Main Trunk,ST-143
Sha Tin Main Trunk Gauge 3,114.2088,22.3874,2026-03-24 05:55:00,2.7,Sha Tin Main Trunk,ST-143
Sha Tin Main Trunk Gauge 3,114.2088,22.3874,2026-03-24 06:00:00,2.7,Sha Tin Main Trunk,ST-143
Sha Tin Main Trunk Gauge 3,114.2088,22.3874,2026-03-24 06:05:00,3.2,Sha Tin Main Trunk,ST-143
Sha Tin Main Trunk Gauge 3,114.2088,22.3874,2026-03-24 06:10:00,2.9,Sha Tin Main Trunk,ST-143
Sha Tin Main Trunk Gauge 3,114.2088,22.3874,2026-03-24 06:15:00,3.1,Sha Tin Main Trunk,ST-143
Sha Tin Main Trunk Gauge 3,114.2088,22.3874,2026-03-24 06:20:00,2.9,Sha Tin Main Trunk,ST-143
Sha Tin Main Trunk Gauge 3,114.2088,22.3874,2026-03-24 06:25:00,3.6,Sha Tin Main Trunk,ST-143
Sha Tin Main Trunk Gauge 3,114.2088,22.3874,2026-03-24 06:30:00,2.9,Sha Tin Main Trunk,ST-143
Sha Tin Main Trunk Gauge 3,114.2088,22.3874,2026-03-24 06:35:00,2.9,Sha Tin Main Trunk,ST-143
Sha Tin Main Trunk Gauge 3,114.2088,22.3874,2026-03-24 06:40:00,3.3,Sha Tin Main Trunk,ST-143
Sha Tin Main Trunk Gauge 3,114.2088,22.3874,2026-03-24 06:45:00,3.3,Sha Tin Main Trunk,ST-143
Sha Tin Main Trunk Gauge 3,114.2088,22.3874,2026-03-24 06:50:00,2.5,Sha Tin Main Trunk,ST-143
Sha Tin Main Trunk Gauge 3,114.2088,22.3874,2026-03-24 06:55:00,3.0,Sha Tin Main Trunk,ST-143
Sha Tin Main Trunk Gauge 3,114.2088,22.3874,2026-03-24 07:00:00,3.1,Sha Tin Main Trunk,ST-143
Sha Tin Main Trunk Gauge 3,114.2088,22.3874,2026-03-24 07:05:00,1.7,Sha Tin Main Trunk,ST-143
Sha Tin Main Trunk Gauge 3,114.2088,22.3874,2026-03-24 07:10:00,2.3,Sha Tin Main Trunk,ST-143
Sha Tin Main Trunk Gauge 3,114.2088,22.3874,2026-03-24 07:15:00,1.6,Sha Tin Main Trunk,ST-143
Sha Tin Main Trunk Gauge 3,114.2088,22.3874,2026-03-24 07:20:00,1.7,Sha Tin Main Trunk,ST-143
Sha Tin Main Trunk Gauge 3,114.2088,22.3874,2026-03-24 07:25:00,1.3,Sha Tin Main Trunk,ST-143
Sha Tin Main Trunk Gauge 3,114.2088,22.3874,2026-03-24 07:30:00,1.4,Sha Tin Main Trunk,ST-143
Sha Tin Main Trunk Gauge 3,114.2088,22.3874,2026-03-24 07:35:00,1.1,Sha Tin Main Trunk,ST-143
Sha Tin Main Trunk Gauge 3,114.2088,22.3874,2026-03-24 07:40:00,0.5,Sha Tin Main Trunk,ST-143
Sha Tin Main Trunk Gauge 3,114.2088,22.3874,2026-03-24 07:45:00,0.6,Sha Tin Main Trunk,ST-143
Sha Tin Main Trunk Gauge 3,114.2088,22.3874,2026-03-24 07:50:00,0.9,Sha Tin Main Trunk,ST-143
Sha Tin Main Trunk Gauge 3,114.2088,22.3874,2026-03-24 07:55:00,0.6,Sha Tin Main Trunk,ST-143
Kwun Tong Outfall Monitoring Gauge,114.2314,22.3097,2026-03-24 00:00:00,0.0,Kwun Tong Outfall,KT-266
Kwun Tong Outfall Monitoring Gauge,114.2314,22.3097,2026-03-24 00:05:00,0.5,Kwun Tong Outfall,KT-266
Kwun Tong Outfall Monitoring Gauge,114.2314,22.3097,2026-03-24 00:10:00,0.0,Kwun Tong Outfall,KT-266
Kwun Tong Outfall Monitoring Gauge,114.2314,22.3097,2026-03-24 00:15:00,0.2,Kwun Tong Outfall,KT-266
Kwun Tong Outfall Monitoring Gauge,114.2314,22.3097,2026-03-24 00:20:00,0.5,Kwun Tong Outfall,KT-266
Kwun Tong Outfall Monitoring Gauge,114.2314,22.3097,2026-03-24 00:25:00,0.2,Kwun Tong Outfall,KT-266
Kwun Tong Outfall Monitoring Gauge,114.2314,22.3097,2026-03-24 00:30:00,0.0,Kwun Tong Outfall,KT-266
Kwun Tong Outfall Monitoring Gauge,114.2314,22.3097,2026-03-24 00:35:00,0.3,Kwun Tong Outfall,KT-266
Kwun Tong Outfall Monitoring Gauge,114.2314,22.3097,2026-03-24 00:40:00,0.3,Kwun Tong Outfall,KT-266
Kwun Tong Outfall Monitoring Gauge,114.2314,22.3097,2026-03-24 00:45:00,0.5,Kwun Tong Outfall,KT-266
Kwun Tong Outfall Monitoring Gauge,114.2314,22.3097,2026-03-24 00:50:00,0.6,Kwun Tong Outfall,KT-266
Kwun Tong Outfall Monitoring Gauge,114.2314,22.3097,2026-03-24 00:55:00,0.0,Kwun Tong Outfall,KT-266
Kwun Tong Outfall Monitoring Gauge,114.2314,22.3097,2026-03-24 01:00:00,0.4,Kwun Tong Outfall,KT-266
Kwun Tong Outfall Monitoring Gauge,114.2314,22.3097,2026-03-24 01:05:00,0.1,Kwun Tong Outfall,KT-266
Kwun Tong Outfall Monitoring Gauge,114.2314,22.3097,2026-03-24 01:10:00,0.6,Kwun Tong Outfall,KT-266
Kwun Tong Outfall Monitoring Gauge,114.2314,22.3097,2026-03-24 01:15:00,0.4,Kwun Tong Outfall,KT-266
Kwun Tong Outfall Monitoring Gauge,114.2314,22.3097,2026-03-24 01:20:00,1.0,Kwun Tong Outfall,KT-266
Kwun Tong Outfall Monitoring Gauge,114.2314,22.3097,2026-03-24 01:25:00,1.0,Kwun Tong Outfall,KT-266
Kwun Tong Outfall Monitoring Gauge,114.2314,22.3097,2026-03-24 01:30:00,1.1,Kwun Tong Outfall,KT-266
Kwun Tong Outfall Monitoring Gauge,114.2314,22.3097,2026-03-24 01:35:00,1.5,Kwun Tong Outfall,KT-266
Kwun Tong Outfall Monitoring Gauge,114.2314,22.3097,2026-03-24 01:40:00,1.6,Kwun Tong Outfall,KT-266
Kwun Tong Outfall Monitoring Gauge,114.2314,22.3097,2026-03-24 01:45:00,2.0,Kwun Tong Outfall,KT-266
Kwun Tong Outfall Monitoring Gauge,114.2314,22.3097,2026-03-24 01:50:00,2.8,Kwun Tong Outfall,KT-266
Kwun Tong Outfall Monitoring Gauge,114.2314,22.3097,2026-03-24 01:55:00,2.9,Kwun Tong Outfall,KT-266
Kwun Tong Outfall Monitoring Gauge,114.2314,22.3097,2026-03-24 02:00:00,3.7,Kwun Tong Outfall,KT-266
Kwun Tong Outfall Monitoring Gauge,114.2314,22.3097,2026-03-24 02:05:00,3.4,Kwun Tong Outfall,KT-266
Kwun Tong Outfall Monitoring Gauge,114.2314,22.3097,2026-03-24 02:10:00,3.9,Kwun Tong Outfall,KT-266
Kwun Tong Outfall Monitoring Gauge,114.2314,22.3097,2026-03-24 02:15:00,4.4,Kwun Tong Outfall,KT-266
Kwun Tong Outfall Monitoring Gauge,114.2314,22.3097,2026-03-24 02:20:00,4.3,Kwun Tong Outfall,KT-266
Kwun Tong Outfall Monitoring Gauge,114.2314,22.3097,2026-03-24 02:25:00,4.6,Kwun Tong Outfall,KT-266
Kwun Tong Outfall Monitoring Gauge,114.2314,22.3097,2026-03-24 02:30:00,4.4,Kwun Tong Outfall,KT-266
Kwun Tong Outfall Monitoring Gauge,114.2314,22.3097,2026-03-24 02:35:00,4.8,Kwun Tong Outfall,KT-266
Kwun Tong Outfall Monitoring Gauge,114.2314,22.3097,2026-03-24 02:40:00,4.7,Kwun Tong Outfall,KT-266
Kwun Tong Outfall Monitoring Gauge,114.2314,22.3097,2026-03-24 02:45:00,4.6,Kwun Tong Outfall,KT-266
Kwun Tong Outfall Monitoring Gauge,114.2314,22.3097,2026-03-24 02:50:00,3.5,Kwun Tong Outfall,KT-266
Kwun Tong Outfall Monitoring Gauge,114.2314,22.3097,2026-03-24 02:55:00,3.8,Kwun Tong Outfall,KT-266
Kwun Tong Outfall Monitoring Gauge,114.2314,22.3097,2026-03-24 03:00:00,3.3,Kwun Tong Outfall,KT-266
Kwun Tong Outfall Monitoring Gauge,114.2314,22.3097,2026-03-24 03:05:00,2.7,Kwun Tong Outfall,KT-266
Kwun Tong Outfall Monitoring Gauge,114.2314,22.3097,2026-03-24 03:10:00,2.5,Kwun Tong Outfall,KT-266
Kwun Tong Outfall Monitoring Gauge,114.2314,22.3097,2026-03-24 03:15:00,2.5,Kwun Tong Outfall,KT-266
Kwun Tong Outfall Monitoring Gauge,114.2314,22.3097,2026-03-24 03:20:00,2.2,Kwun Tong Outfall,KT-266
Kwun Tong Outfall Monitoring Gauge,114.2314,22.3097,2026-03-24 03:25:00,1.9,Kwun Tong Outfall,KT-266
Kwun Tong Outfall Monitoring Gauge,114.2314,22.3097,2026-03-24 03:30:00,0.9,Kwun Tong Outfall,KT-266
Kwun Tong Outfall Monitoring Gauge,114.2314,22.3097,2026-03-24 03:35:00,1.2,Kwun Tong Outfall,KT-266
Kwun Tong Outfall Monitoring Gauge,114.2314,22.3097,2026-03-24 03:40:00,1.1,Kwun Tong Outfall,KT-266
Kwun Tong Outfall Monitoring Gauge,114.2314,22.3097,2026-03-24 03:45:00,1.6,Kwun Tong Outfall,KT-266
Kwun Tong Outfall Monitoring Gauge,114.2314,22.3097,2026-03-24 03:50:00,1.7,Kwun Tong Outfall,KT-266
Kwun Tong Outfall Monitoring Gauge,114.2314,22.3097,2026-03-24 03:55:00,1.7,Kwun Tong Outfall,KT-266
Kwun Tong Outfall Monitoring Gauge,114.2314,22.3097,2026-03-24 04:00:00,1.6,Kwun Tong Outfall,KT-266
Kwun Tong Outfall Monitoring Gauge,114.2314,22.3097,2026-03-24 04:05:00,2.3,Kwun Tong Outfall,KT-266
Kwun Tong Outfall Monitoring Gauge,114.2314,22.3097,2026-03-24 04:10:00,3.1,Kwun Tong Outfall,KT-266
Kwun Tong Outfall Monitoring Gauge,114.2314,22.3097,2026-03-24 04:15:00,3.6,Kwun Tong Outfall,KT-266
Kwun Tong Outfall Monitoring Gauge,114.2314,22.3097,2026-03-24 04:20:00,4.2,Kwun Tong Outfall,KT-266
Kwun Tong Outfall Monitoring Gauge,114.2314,22.3097,2026-03-24 04:25:00,5.1,Kwun Tong Outfall,KT-266
Kwun Tong Outfall Monitoring Gauge,114.2314,22.3097,2026-03-24 04:30:00,5.7,Kwun Tong Outfall,KT-266
Kwun Tong Outfall Monitoring Gauge,114.2314,22.3097,2026-03-24 04:35:00,6.2,Kwun Tong Outfall,KT-266
Kwun Tong Outfall Monitoring Gauge,114.2314,22.3097,2026-03-24 04:40:00,6.9,Kwun Tong Outfall,KT-266
Kwun Tong Outfall Monitoring Gauge,114.2314,22.3097,2026-03-24 04:45:00,7.0,Kwun Tong Outfall,KT-266
Kwun Tong Outfall Monitoring Gauge,114.2314,22.3097,2026-03-24 04:50:00,7.1,Kwun Tong Outfall,KT-266
Kwun Tong Outfall Monitoring Gauge,114.2314,22.3097,2026-03-24 04:55:00,7.8,Kwun Tong Outfall,KT-266
Kwun Tong Outfall Monitoring Gauge,114.2314,22.3097,2026-03-24 05:00:00,7.0,Kwun Tong Outfall,KT-266
Kwun Tong Outfall Monitoring Gauge,114.2314,22.3097,2026-03-24 05:05:00,6.5,Kwun Tong Outfall,KT-266
Kwun Tong Outfall Monitoring Gauge,114.2314,22.3097,2026-03-24 05:10:00,5.8,Kwun Tong Outfall,KT-266
Kwun Tong Outfall Monitoring Gauge,114.2314,22.3097,2026-03-24 05:15:00,5.5,Kwun Tong Outfall,KT-266
Kwun Tong Outfall Monitoring Gauge,114.2314,22.3097,2026-03-24 05:20:00,4.6,Kwun Tong Outfall,KT-266
Kwun Tong Outfall Monitoring Gauge,114.2314,22.3097,2026-03-24 05:25:00,4.2,Kwun Tong Outfall,KT-266
Kwun Tong Outfall Monitoring Gauge,114.2314,22.3097,2026-03-24 05:30:00,3.7,Kwun Tong Outfall,KT-266
Kwun Tong Outfall Monitoring Gauge,114.2314,22.3097,2026-03-24 05:35:00,3.3,Kwun Tong Outfall,KT-266
Kwun Tong Outfall Monitoring Gauge,114.2314,22.3097,2026-03-24 05:40:00,2.5,Kwun Tong Outfall,KT-266
Kwun Tong Outfall Monitoring Gauge,114.2314,22.3097,2026-03-24 05:45:00,2.7,Kwun Tong Outfall,KT-266
Kwun Tong Outfall Monitoring Gauge,114.2314,22.3097,2026-03-24 05:50:00,2.7,Kwun Tong Outfall,KT-266
Kwun Tong Outfall Monitoring Gauge,114.2314,22.3097,2026-03-24 05:55:00,2.8,Kwun Tong Outfall,KT-266
Kwun Tong Outfall Monitoring Gauge,114.2314,22.3097,2026-03-24 06:00:00,2.5,Kwun Tong Outfall,KT-266
Kwun Tong Outfall Monitoring Gauge,114.2314,22.3097,2026-03-24 06:05:00,2.7,Kwun Tong Outfall,KT-266
Kwun Tong Outfall Monitoring Gauge,114.2314,22.3097,2026-03-24 06:10:00,2.8,Kwun Tong Outfall,KT-266
Kwun Tong Outfall Monitoring Gauge,114.2314,22.3097,2026-03-24 06:15:00,3.0,Kwun Tong Outfall,KT-266
Kwun Tong Outfall Monitoring Gauge,114.2314,22.3097,2026-03-24 06:20:00,2.8,Kwun Tong Outfall,KT-266
Kwun Tong Outfall Monitoring Gauge,114.2314,22.3097,2026-03-24 06:25:00,3.0,Kwun Tong Outfall,KT-266
Kwun Tong Outfall Monitoring Gauge,114.2314,22.3097,2026-03-24 06:30:00,2.9,Kwun Tong Outfall,KT-266
Kwun Tong Outfall Monitoring Gauge,114.2314,22.3097,2026-03-24 06:35:00,3.0,Kwun Tong Outfall,KT-266
Kwun Tong Outfall Monitoring Gauge,114.2314,22.3097,2026-03-24 06:40:00,3.5,Kwun Tong Outfall,KT-266
Kwun Tong Outfall Monitoring Gauge,114.2314,22.3097,2026-03-24 06:45:00,3.0,Kwun Tong Outfall,KT-266
Kwun Tong Outfall Monitoring Gauge,114.2314,22.3097,2026-03-24 06:50:00,2.5,Kwun Tong Outfall,KT-266
Kwun Tong Outfall Monitoring Gauge,114.2314,22.3097,2026-03-24 06:55:00,2.4,Kwun Tong Outfall,KT-266
Kwun Tong Outfall Monitoring Gauge,114.2314,22.3097,2026-03-24 07:00:00,2.4,Kwun Tong Outfall,KT-266
Kwun Tong Outfall Monitoring Gauge,114.2314,22.3097,2026-03-24 07:05:00,2.4,Kwun Tong Outfall,KT-266
Kwun Tong Outfall Monitoring Gauge,114.2314,22.3097,2026-03-24 07:10:00,2.2,Kwun Tong Outfall,KT-266
Kwun Tong Outfall Monitoring Gauge,114.2314,22.3097,2026-03-24 07:15:00,2.2,Kwun Tong Outfall,KT-266
Kwun Tong Outfall Monitoring Gauge,114.2314,22.3097,2026-03-24 07:20:00,2.1,Kwun Tong Outfall,KT-266
Kwun Tong Outfall Monitoring Gauge,114.2314,22.3097,2026-03-24 07:25:00,1.5,Kwun Tong Outfall,KT-266
Kwun Tong Outfall Monitoring Gauge,114.2314,22.3097,2026-03-24 07:30:00,1.4,Kwun Tong Outfall,KT-266
Kwun Tong Outfall Monitoring Gauge,114.2314,22.3097,2026-03-24 07:35:00,1.0,Kwun Tong Outfall,KT-266
Kwun Tong Outfall Monitoring Gauge,114.2314,22.3097,2026-03-24 07:40:00,1.2,Kwun Tong Outfall,KT-266
Kwun Tong Outfall Monitoring Gauge,114.2314,22.3097,2026-03-24 07:45:00,0.9,Kwun Tong Outfall,KT-266
Kwun Tong Outfall Monitoring Gauge,114.2314,22.3097,2026-03-24 07:50:00,0.7,Kwun Tong Outfall,KT-266
Kwun Tong Outfall Monitoring Gauge,114.2314,22.3097,2026-03-24 07:55:00,0.5,Kwun Tong Outfall,KT-266
Yuen Long Box Culvert Gauge,114.0415,22.4452,2026-03-24 00:00:00,0.0,Yuen Long Box Culvert,YL-052
Yuen Long Box Culvert Gauge,114.0415,22.4452,2026-03-24 00:05:00,0.2,Yuen Long Box Culvert,YL-052
Yuen Long Box Culvert Gauge,114.0415,22.4452,2026-03-24 00:10:00,0.3,Yuen Long Box Culvert,YL-052
Yuen Long Box Culvert Gauge,114.0415,22.4452,2026-03-24 00:15:00,0.4,Yuen Long Box Culvert,YL-052
Yuen Long Box Culvert Gauge,114.0415,22.4452,2026-03-24 00:20:00,0.1,Yuen Long Box Culvert,YL-052
Yuen Long Box Culvert Gauge,114.0415,22.4452,2026-03-24 00:25:00,0.1,Yuen Long Box Culvert,YL-052
Yuen Long Box Culvert Gauge,114.0415,22.4452,2026-03-24 00:30:00,0.3,Yuen Long Box Culvert,YL-052
Yuen Long Box Culvert Gauge,114.0415,22.4452,2026-03-24 00:35:00,0.2,Yuen Long Box Culvert,YL-052
Yuen Long Box Culvert Gauge,114.0415,22.4452,2026-03-24 00:40:00,0.0,Yuen Long Box Culvert,YL-052
Yuen Long Box Culvert Gauge,114.0415,22.4452,2026-03-24 00:45:00,0.2,Yuen Long Box Culvert,YL-052
Yuen Long Box Culvert Gauge,114.0415,22.4452,2026-03-24 00:50:00,0.3,Yuen Long Box Culvert,YL-052
Yuen Long Box Culvert Gauge,114.0415,22.4452,2026-03-24 00:55:00,0.1,Yuen Long Box Culvert,YL-052
Yuen Long Box Culvert Gauge,114.0415,22.4452,2026-03-24 01:00:00,0.4,Yuen Long Box Culvert,YL-052
Yuen Long Box Culvert Gauge,114.0415,22.4452,2026-03-24 01:05:00,0.3,Yuen Long Box Culvert,YL-052
Yuen Long Box Culvert Gauge,114.0415,22.4452,2026-03-24 01:10:00,0.5,Yuen Long Box Culvert,YL-052
Yuen Long Box Culvert Gauge,114.0415,22.4452,2026-03-24 01:15:00,0.4,Yuen Long Box Culvert,YL-052
Yuen Long Box Culvert Gauge,114.0415,22.4452,2026-03-24 01:20:00,0.7,Yuen Long Box Culvert,YL-052
Yuen Long Box Culvert Gauge,114.0415,22.4452,2026-03-24 01:25:00,0.7,Yuen Long Box Culvert,YL-052
Yuen Long Box Culvert Gauge,114.0415,22.4452,2026-03-24 01:30:00,0.8,Yuen Long Box Culvert,YL-052
Yuen Long Box Culvert Gauge,114.0415,22.4452,2026-03-24 01:35:00,1.2,Yuen Long Box Culvert,YL-052
Yuen Long Box Culvert Gauge,114.0415,22.4452,2026-03-24 01:40:00,1.8,Yuen Long Box Culvert,YL-052
Yuen Long Box Culvert Gauge,114.0415,22.4452,2026-03-24 01:45:00,2.0,Yuen Long Box Culvert,YL-052
Yuen Long Box Culvert Gauge,114.0415,22.4452,2026-03-24 01:50:00,2.4,Yuen Long Box Culvert,YL-052
Yuen Long Box Culvert Gauge,114.0415,22.4452,2026-03-24 01:55:00,2.8,Yuen Long Box Culvert,YL-052
Yuen Long Box Culvert Gauge,114.0415,22.4452,2026-03-24 02:00:00,2.8,Yuen Long Box Culvert,YL-052
Yuen Long Box Culvert Gauge,114.0415,22.4452,2026-03-24 02:05:00,3.4,Yuen Long Box Culvert,YL-052
Yuen Long Box Culvert Gauge,114.0415,22.4452,2026-03-24 02:10:00,3.5,Yuen Long Box Culvert,YL-052
Yuen Long Box Culvert Gauge,114.0415,22.4452,2026-03-24 02:15:00,4.1,Yuen Long Box Culvert,YL-052
Yuen Long Box Culvert Gauge,114.0415,22.4452,2026-03-24 02:20:00,4.1,Yuen Long Box Culvert,YL-052
Yuen Long Box Culvert Gauge,114.0415,22.4452,2026-03-24 02:25:00,4.0,Yuen Long Box Culvert,YL-052
Yuen Long Box Culvert Gauge,114.0415,22.4452,2026-03-24 02:30:00,4.1,Yuen Long Box Culvert,YL-052
Yuen Long Box Culvert Gauge,114.0415,22.4452,2026-03-24 02:35:00,4.5,Yuen Long Box Culvert,YL-052
Yuen Long Box Culvert Gauge,114.0415,22.4452,2026-03-24 02:40:00,4.2,Yuen Long Box Culvert,YL-052
Yuen Long Box Culvert Gauge,114.0415,22.4452,2026-03-24 02:45:00,4.1,Yuen Long Box Culvert,YL-052
Yuen Long Box Culvert Gauge,114.0415,22.4452,2026-03-24 02:50:00,3.6,Yuen Long Box Culvert,YL-052
Yuen Long Box Culvert Gauge,114.0415,22.4452,2026-03-24 02:55:00,3.5,Yuen Long Box Culvert,YL-052
Yuen Long Box Culvert Gauge,114.0415,22.4452,2026-03-24 03:00:00,3.0,Yuen Long Box Culvert,YL-052
Yuen Long Box Culvert Gauge,114.0415,22.4452,2026-03-24 03:05:00,2.3,Yuen Long Box Culvert,YL-052
Yuen Long Box Culvert Gauge,114.0415,22.4452,2026-03-24 03:10:00,2.4,Yuen Long Box Culvert,YL-052
Yuen Long Box Culvert Gauge,114.0415,22.4452,2026-03-24 03:15:00,2.2,Yuen Long Box Culvert,YL-052
Yuen Long Box Culvert Gauge,114.0415,22.4452,2026-03-24 03:20:00,1.9,Yuen Long Box Culvert,YL-052
Yuen Long Box Culvert Gauge,114.0415,22.4452,2026-03-24 03:25:00,1.6,Yuen Long Box Culvert,YL-052
Yuen Long Box Culvert Gauge,114.0415,22.4452,2026-03-24 03:30:00,0.6,Yuen Long Box Culvert,YL-052
Yuen Long Box Culvert Gauge,114.0415,22.4452,2026-03-24 03:35:00,0.7,Yuen Long Box Culvert,YL-052
Yuen Long Box Culvert Gauge,114.0415,22.4452,2026-03-24 03:40:00,1.1,Yuen Long Box Culvert,YL-052
Yuen Long Box Culvert Gauge,114.0415,22.4452,2026-03-24 03:45:00,1.4,Yuen Long Box Culvert,YL-052
Yuen Long Box Culvert Gauge,114.0415,22.4452,2026-03-24 03:50:00,1.4,Yuen Long Box Culvert,YL-052
Yuen Long Box Culvert Gauge,114.0415,22.4452,2026-03-24 03:55:00,1.0,Yuen Long Box Culvert,YL-052
Yuen Long Box Culvert Gauge,114.0415,22.4452,2026-03-24 04:00:00,1.6,Yuen Long Box Culvert,YL-052
Yuen Long Box Culvert Gauge,114.0415,22.4452,2026-03-24 04:05:00,2.1,Yuen Long Box Culvert,YL-052
Yuen Long Box Culvert Gauge,114.0415,22.4452,2026-03-24 04:10:00,2.9,Yuen Long Box Culvert,YL-052
Yuen Long Box Culvert Gauge,114.0415,22.4452,2026-03-24 04:15:00,3.2,Yuen Long Box Culvert,YL-052
Yuen Long Box Culvert Gauge,114.0415,22.4452,2026-03-24 04:20:00,4.1,Yuen Long Box Culvert,YL-052
Yuen Long Box Culvert Gauge,114.0415,22.4452,2026-03-24 04:25:00,4.8,Yuen Long Box Culvert,YL-052
Yuen Long Box Culvert Gauge,114.0415,22.4452,2026-03-24 04:30:00,5.1,Yuen Long Box Culvert,YL-052
Yuen Long Box Culvert Gauge,114.0415,22.4452,2026-03-24 04:35:00,5.8,Yuen Long Box Culvert,YL-052
Yuen Long Box Culvert Gauge,114.0415,22.4452,2026-03-24 04:40:00,6.3,Yuen Long Box Culvert,YL-052
Yuen Long Box Culvert Gauge,114.0415,22.4452,2026-03-24 04:45:00,6.7,Yuen Long Box Culvert,YL-052
Yuen Long Box Culvert Gauge,114.0415,22.4452,2026-03-24 04:50:00,6.5,Yuen Long Box Culvert,YL-052
Yuen Long Box Culvert Gauge,114.0415,22.4452,2026-03-24 04:55:00,6.7,Yuen Long Box Culvert,YL-052
Yuen Long Box Culvert Gauge,114.0415,22.4452,2026-03-24 05:00:00,6.2,Yuen Long Box Culvert,YL-052
Yuen Long Box Culvert Gauge,114.0415,22.4452,2026-03-24 05:05:00,5.7,Yuen Long Box Culvert,YL-052
Yuen Long Box Culvert Gauge,114.0415,22.4452,2026-03-24 05:10:00,5.2,Yuen Long Box Culvert,YL-052
Yuen Long Box Culvert Gauge,114.0415,22.4452,2026-03-24 05:15:00,4.8,Yuen Long Box Culvert,YL-052
Yuen Long Box Culvert Gauge,114.0415,22.4452,2026-03-24 05:20:00,4.3,Yuen Long Box Culvert,YL-052
Yuen Long Box Culvert Gauge,114.0415,22.4452,2026-03-24 05:25:00,3.7,Yuen Long Box Culvert,YL-052
Yuen Long Box Culvert Gauge,114.0415,22.4452,2026-03-24 05:30:00,3.3,Yuen Long Box Culvert,YL-052
Yuen Long Box Culvert Gauge,114.0415,22.4452,2026-03-24 05:35:00,3.0,Yuen Long Box Culvert,YL-052
Yuen Long Box Culvert Gauge,114.0415,22.4452,2026-03-24 05:40:00,2.3,Yuen Long Box Culvert,YL-052
Yuen Long Box Culvert Gauge,114.0415,22.4452,2026-03-24 05:45:00,2.7,Yuen Long Box Culvert,YL-052
Yuen Long Box Culvert Gauge,114.0415,22.4452,2026-03-24 05:50:00,2.6,Yuen Long Box Culvert,YL-052
Yuen Long Box Culvert Gauge,114.0415,22.4452,2026-03-24 05:55:00,2.2,Yuen Long Box Culvert,YL-052
Yuen Long Box Culvert Gauge,114.0415,22.4452,2026-03-24 06:00:00,2.3,Yuen Long Box Culvert,YL-052
Yuen Long Box Culvert Gauge,114.0415,22.4452,2026-03-24 06:05:00,2.5,Yuen Long Box Culvert,YL-052
Yuen Long Box Culvert Gauge,114.0415,22.4452,2026-03-24 06:10:00,2.3,Yuen Long Box Culvert,YL-052
Yuen Long Box Culvert Gauge,114.0415,22.4452,2026-03-24 06:15:00,2.5,Yuen Long Box Culvert,YL-052
Yuen Long Box Culvert Gauge,114.0415,22.4452,2026-03-24 06:20:00,2.7,Yuen Long Box Culvert,YL-052
Yuen Long Box Culvert Gauge,114.0415,22.4452,2026-03-24 06:25:00,2.5,Yuen Long Box Culvert,YL-052
Yuen Long Box Culvert Gauge,114.0415,22.4452,2026-03-24 06:30:00,2.2,Yuen Long Box Culvert,YL-052
Yuen Long Box Culvert Gauge,114.0415,22.4452,2026-03-24 06:35:00,2.2,Yuen Long Box Culvert,YL-052
Yuen Long Box Culvert Gauge,114.0415,22.4452,2026-03-24 06:40:00,2.7,Yuen Long Box Culvert,YL-052
Yuen Long Box Culvert Gauge,114.0415,22.4452,2026-03-24 06:45:00,2.4,Yuen Long Box Culvert,YL-052
Yuen Long Box Culvert Gauge,114.0415,22.4452,2026-03-24 06:50:00,2.5,Yuen Long Box Culvert,YL-052
Yuen Long Box Culvert Gauge,114.0415,22.4452,2026-03-24 06:55:00,2.1,Yuen Long Box Culvert,YL-052
Yuen Long Box Culvert Gauge,114.0415,22.4452,2026-03-24 07:00:00,2.3,Yuen Long Box Culvert,YL-052
Yuen Long Box Culvert Gauge,114.0415,22.4452,2026-03-24 07:05:00,2.1,Yuen Long Box Culvert,YL-052
Yuen Long Box Culvert Gauge,114.0415,22.4452,2026-03-24 07:10:00,1.7,Yuen Long Box Culvert,YL-052
Yuen Long Box Culvert Gauge,114.0415,22.4452,2026-03-24 07:15:00,1.5,Yuen Long Box Culvert,YL-052
Yuen Long Box Culvert Gauge,114.0415,22.4452,2026-03-24 07:20:00,1.4,Yuen Long Box Culvert,YL-052
Yuen Long Box Culvert Gauge,114.0415,22.4452,2026-03-24 07:25:00,1.4,Yuen Long Box Culvert,YL-052
Yuen Long Box Culvert Gauge,114.0415,22.4452,2026-03-24 07:30:00,1.3,Yuen Long Box Culvert,YL-052
Yuen Long Box Culvert Gauge,114.0415,22.4452,2026-03-24 07:35:00,0.8,Yuen Long Box Culvert,YL-052
Yuen Long Box Culvert Gauge,114.0415,22.4452,2026-03-24 07:40:00,0.6,Yuen Long Box Culvert,YL-052
Yuen Long Box Culvert Gauge,114.0415,22.4452,2026-03-24 07:45:00,0.4,Yuen Long Box Culvert,YL-052
Yuen Long Box Culvert Gauge,114.0415,22.4452,2026-03-24 07:50:00,0.5,Yuen Long Box Culvert,YL-052
Yuen Long Box Culvert Gauge,114.0415,22.4452,2026-03-24 07:55:00,0.3,Yuen Long Box Culvert,YL-052
Tai Po Riverside Interceptor Gauge,114.1704,22.4528,2026-03-24 00:00:00,0.1,Tai Po Riverside Interceptor,TP-094
Tai Po Riverside Interceptor Gauge,114.1704,22.4528,2026-03-24 00:05:00,0.0,Tai Po Riverside Interceptor,TP-094
Tai Po Riverside Interceptor Gauge,114.1704,22.4528,2026-03-24 00:10:00,0.3,Tai Po Riverside Interceptor,TP-094
Tai Po Riverside Interceptor Gauge,114.1704,22.4528,2026-03-24 00:15:00,0.4,Tai Po Riverside Interceptor,TP-094
Tai Po Riverside Interceptor Gauge,114.1704,22.4528,2026-03-24 00:20:00,0.0,Tai Po Riverside Interceptor,TP-094
Tai Po Riverside Interceptor Gauge,114.1704,22.4528,2026-03-24 00:25:00,0.1,Tai Po Riverside Interceptor,TP-094
Tai Po Riverside Interceptor Gauge,114.1704,22.4528,2026-03-24 00:30:00,0.0,Tai Po Riverside Interceptor,TP-094
Tai Po Riverside Interceptor Gauge,114.1704,22.4528,2026-03-24 00:35:00,0.2,Tai Po Riverside Interceptor,TP-094
Tai Po Riverside Interceptor Gauge,114.1704,22.4528,2026-03-24 00:40:00,0.0,Tai Po Riverside Interceptor,TP-094
Tai Po Riverside Interceptor Gauge,114.1704,22.4528,2026-03-24 00:45:00,0.0,Tai Po Riverside Interceptor,TP-094
Tai Po Riverside Interceptor Gauge,114.1704,22.4528,2026-03-24 00:50:00,0.0,Tai Po Riverside Interceptor,TP-094
Tai Po Riverside Interceptor Gauge,114.1704,22.4528,2026-03-24 00:55:00,0.2,Tai Po Riverside Interceptor,TP-094
Tai Po Riverside Interceptor Gauge,114.1704,22.4528,2026-03-24 01:00:00,0.4,Tai Po Riverside Interceptor,TP-094
Tai Po Riverside Interceptor Gauge,114.1704,22.4528,2026-03-24 01:05:00,0.5,Tai Po Riverside Interceptor,TP-094
Tai Po Riverside Interceptor Gauge,114.1704,22.4528,2026-03-24 01:10:00,0.6,Tai Po Riverside Interceptor,TP-094
Tai Po Riverside Interceptor Gauge,114.1704,22.4528,2026-03-24 01:15:00,0.6,Tai Po Riverside Interceptor,TP-094
Tai Po Riverside Interceptor Gauge,114.1704,22.4528,2026-03-24 01:20:00,0.4,Tai Po Riverside Interceptor,TP-094
Tai Po Riverside Interceptor Gauge,114.1704,22.4528,2026-03-24 01:25:00,0.9,Tai Po Riverside Interceptor,TP-094
Tai Po Riverside Interceptor Gauge,114.1704,22.4528,2026-03-24 01:30:00,1.1,Tai Po Riverside Interceptor,TP-094
Tai Po Riverside Interceptor Gauge,114.1704,22.4528,2026-03-24 01:35:00,1.2,Tai Po Riverside Interceptor,TP-094
Tai Po Riverside Interceptor Gauge,114.1704,22.4528,2026-03-24 01:40:00,1.2,Tai Po Riverside Interceptor,TP-094
Tai Po Riverside Interceptor Gauge,114.1704,22.4528,2026-03-24 01:45:00,1.5,Tai Po Riverside Interceptor,TP-094
Tai Po Riverside Interceptor Gauge,114.1704,22.4528,2026-03-24 01:50:00,1.9,Tai Po Riverside Interceptor,TP-094
Tai Po Riverside Interceptor Gauge,114.1704,22.4528,2026-03-24 01:55:00,2.4,Tai Po Riverside Interceptor,TP-094
Tai Po Riverside Interceptor Gauge,114.1704,22.4528,2026-03-24 02:00:00,2.4,Tai Po Riverside Interceptor,TP-094
Tai Po Riverside Interceptor Gauge,114.1704,22.4528,2026-03-24 02:05:00,2.5,Tai Po Riverside Interceptor,TP-094
Tai Po Riverside Interceptor Gauge,114.1704,22.4528,2026-03-24 02:10:00,3.1,Tai Po Riverside Interceptor,TP-094
Tai Po Riverside Interceptor Gauge,114.1704,22.4528,2026-03-24 02:15:00,3.1,Tai Po Riverside Interceptor,TP-094
Tai Po Riverside Interceptor Gauge,114.1704,22.4528,2026-03-24 02:20:00,3.6,Tai Po Riverside Interceptor,TP-094
Tai Po Riverside Interceptor Gauge,114.1704,22.4528,2026-03-24 02:25:00,3.6,Tai Po Riverside Interceptor,TP-094
Tai Po Riverside Interceptor Gauge,114.1704,22.4528,2026-03-24 02:30:00,3.5,Tai Po Riverside Interceptor,TP-094
Tai Po Riverside Interceptor Gauge,114.1704,22.4528,2026-03-24 02:35:00,3.9,Tai Po Riverside Interceptor,TP-094
Tai Po Riverside Interceptor Gauge,114.1704,22.4528,2026-03-24 02:40:00,3.1,Tai Po Riverside Interceptor,TP-094
Tai Po Riverside Interceptor Gauge,114.1704,22.4528,2026-03-24 02:45:00,3.3,Tai Po Riverside Interceptor,TP-094
Tai Po Riverside Interceptor Gauge,114.1704,22.4528,2026-03-24 02:50:00,3.1,Tai Po Riverside Interceptor,TP-094
Tai Po Riverside Interceptor Gauge,114.1704,22.4528,2026-03-24 02:55:00,3.0,Tai Po Riverside Interceptor,TP-094
Tai Po Riverside Interceptor Gauge,114.1704,22.4528,2026-03-24 03:00:00,2.6,Tai Po Riverside Interceptor,TP-094
Tai Po Riverside Interceptor Gauge,114.1704,22.4528,2026-03-24 03:05:00,2.1,Tai Po Riverside Interceptor,TP-094
Tai Po Riverside Interceptor Gauge,114.1704,22.4528,2026-03-24 03:10:00,2.1,Tai Po Riverside Interceptor,TP-094
Tai Po Riverside Interceptor Gauge,114.1704,22.4528,2026-03-24 03:15:00,1.8,Tai Po Riverside Interceptor,TP-094
Tai Po Riverside Interceptor Gauge,114.1704,22.4528,2026-03-24 03:20:00,1.5,Tai Po Riverside Interceptor,TP-094
Tai Po Riverside Interceptor Gauge,114.1704,22.4528,2026-03-24 03:25:00,1.4,Tai Po Riverside Interceptor,TP-094
Tai Po Riverside Interceptor Gauge,114.1704,22.4528,2026-03-24 03:30:00,1.3,Tai Po Riverside Interceptor,TP-094
Tai Po Riverside Interceptor Gauge,114.1704,22.4528,2026-03-24 03:35:00,1.3,Tai Po Riverside Interceptor,TP-094
Tai Po Riverside Interceptor Gauge,114.1704,22.4528,2026-03-24 03:40:00,0.8,Tai Po Riverside Interceptor,TP-094
Tai Po Riverside Interceptor Gauge,114.1704,22.4528,2026-03-24 03:45:00,1.1,Tai Po Riverside Interceptor,TP-094
Tai Po Riverside Interceptor Gauge,114.1704,22.4528,2026-03-24 03:50:00,0.9,Tai Po Riverside Interceptor,TP-094
Tai Po Riverside Interceptor Gauge,114.1704,22.4528,2026-03-24 03:55:00,1.3,Tai Po Riverside Interceptor,TP-094
Tai Po Riverside Interceptor Gauge,114.1704,22.4528,2026-03-24 04:00:00,1.6,Tai Po Riverside Interceptor,TP-094
Tai Po Riverside Interceptor Gauge,114.1704,22.4528,2026-03-24 04:05:00,2.1,Tai Po Riverside Interceptor,TP-094
Tai Po Riverside Interceptor Gauge,114.1704,22.4528,2026-03-24 04:10:00,2.1,Tai Po Riverside Interceptor,TP-094
Tai Po Riverside Interceptor Gauge,114.1704,22.4528,2026-03-24 04:15:00,2.8,Tai Po Riverside Interceptor,TP-094
Tai Po Riverside Interceptor Gauge,114.1704,22.4528,2026-03-24 04:20:00,3.6,Tai Po Riverside Interceptor,TP-094
Tai Po Riverside Interceptor Gauge,114.1704,22.4528,2026-03-24 04:25:00,3.6,Tai Po Riverside Interceptor,TP-094
Tai Po Riverside Interceptor Gauge,114.1704,22.4528,2026-03-24 04:30:00,4.6,Tai Po Riverside Interceptor,TP-094
Tai Po Riverside Interceptor Gauge,114.1704,22.4528,2026-03-24 04:35:00,5.0,Tai Po Riverside Interceptor,TP-094
Tai Po Riverside Interceptor Gauge,114.1704,22.4528,2026-03-24 04:40:00,5.6,Tai Po Riverside Interceptor,TP-094
Tai Po Riverside Interceptor Gauge,114.1704,22.4528,2026-03-24 04:45:00,5.6,Tai Po Riverside Interceptor,TP-094
Tai Po Riverside Interceptor Gauge,114.1704,22.4528,2026-03-24 04:50:00,5.4,Tai Po Riverside Interceptor,TP-094
Tai Po Riverside Interceptor Gauge,114.1704,22.4528,2026-03-24 04:55:00,5.6,Tai Po Riverside Interceptor,TP-094
Tai Po Riverside Interceptor Gauge,114.1704,22.4528,2026-03-24 05:00:00,5.5,Tai Po Riverside Interceptor,TP-094
Tai Po Riverside Interceptor Gauge,114.1704,22.4528,2026-03-24 05:05:00,4.7,Tai Po Riverside Interceptor,TP-094
Tai Po Riverside Interceptor Gauge,114.1704,22.4528,2026-03-24 05:10:00,5.0,Tai Po Riverside Interceptor,TP-094
Tai Po Riverside Interceptor Gauge,114.1704,22.4528,2026-03-24 05:15:00,4.1,Tai Po Riverside Interceptor,TP-094
Tai Po Riverside Interceptor Gauge,114.1704,22.4528,2026-03-24 05:20:00,3.5,Tai Po Riverside Interceptor,TP-094
Tai Po Riverside Interceptor Gauge,114.1704,22.4528,2026-03-24 05:25:00,3.6,Tai Po Riverside Interceptor,TP-094
Tai Po Riverside Interceptor Gauge,114.1704,22.4528,2026-03-24 05:30:00,3.0,Tai Po Riverside Interceptor,TP-094
Tai Po Riverside Interceptor Gauge,114.1704,22.4528,2026-03-24 05:35:00,2.7,Tai Po Riverside Interceptor,TP-094
Tai Po Riverside Interceptor Gauge,114.1704,22.4528,2026-03-24 05:40:00,2.2,Tai Po Riverside Interceptor,TP-094
Tai Po Riverside Interceptor Gauge,114.1704,22.4528,2026-03-24 05:45:00,1.8,Tai Po Riverside Interceptor,TP-094
Tai Po Riverside Interceptor Gauge,114.1704,22.4528,2026-03-24 05:50:00,2.1,Tai Po Riverside Interceptor,TP-094
Tai Po Riverside Interceptor Gauge,114.1704,22.4528,2026-03-24 05:55:00,1.9,Tai Po Riverside Interceptor,TP-094
Tai Po Riverside Interceptor Gauge,114.1704,22.4528,2026-03-24 06:00:00,2.1,Tai Po Riverside Interceptor,TP-094
Tai Po Riverside Interceptor Gauge,114.1704,22.4528,2026-03-24 06:05:00,2.1,Tai Po Riverside Interceptor,TP-094
Tai Po Riverside Interceptor Gauge,114.1704,22.4528,2026-03-24 06:10:00,2.2,Tai Po Riverside Interceptor,TP-094
Tai Po Riverside Interceptor Gauge,114.1704,22.4528,2026-03-24 06:15:00,2.0,Tai Po Riverside Interceptor,TP-094
Tai Po Riverside Interceptor Gauge,114.1704,22.4528,2026-03-24 06:20:00,2.0,Tai Po Riverside Interceptor,TP-094
Tai Po Riverside Interceptor Gauge,114.1704,22.4528,2026-03-24 06:25:00,2.5,Tai Po Riverside Interceptor,TP-094
Tai Po Riverside Interceptor Gauge,114.1704,22.4528,2026-03-24 06:30:00,2.2,Tai Po Riverside Interceptor,TP-094
Tai Po Riverside Interceptor Gauge,114.1704,22.4528,2026-03-24 06:35:00,2.4,Tai Po Riverside Interceptor,TP-094
Tai Po Riverside Interceptor Gauge,114.1704,22.4528,2026-03-24 06:40:00,2.1,Tai Po Riverside Interceptor,TP-094
Tai Po Riverside Interceptor Gauge,114.1704,22.4528,2026-03-24 06:45:00,1.9,Tai Po Riverside Interceptor,TP-094
Tai Po Riverside Interceptor Gauge,114.1704,22.4528,2026-03-24 06:50:00,2.1,Tai Po Riverside Interceptor,TP-094
Tai Po Riverside Interceptor Gauge,114.1704,22.4528,2026-03-24 06:55:00,2.2,Tai Po Riverside Interceptor,TP-094
Tai Po Riverside Interceptor Gauge,114.1704,22.4528,2026-03-24 07:00:00,2.1,Tai Po Riverside Interceptor,TP-094
Tai Po Riverside Interceptor Gauge,114.1704,22.4528,2026-03-24 07:05:00,2.0,Tai Po Riverside Interceptor,TP-094
Tai Po Riverside Interceptor Gauge,114.1704,22.4528,2026-03-24 07:10:00,1.5,Tai Po Riverside Interceptor,TP-094
Tai Po Riverside Interceptor Gauge,114.1704,22.4528,2026-03-24 07:15:00,1.2,Tai Po Riverside Interceptor,TP-094
Tai Po Riverside Interceptor Gauge,114.1704,22.4528,2026-03-24 07:20:00,1.1,Tai Po Riverside Interceptor,TP-094
Tai Po Riverside Interceptor Gauge,114.1704,22.4528,2026-03-24 07:25:00,1.2,Tai Po Riverside Interceptor,TP-094
Tai Po Riverside Interceptor Gauge,114.1704,22.4528,2026-03-24 07:30:00,1.0,Tai Po Riverside Interceptor,TP-094
Tai Po Riverside Interceptor Gauge,114.1704,22.4528,2026-03-24 07:35:00,1.1,Tai Po Riverside Interceptor,TP-094
Tai Po Riverside Interceptor Gauge,114.1704,22.4528,2026-03-24 07:40:00,1.0,Tai Po Riverside Interceptor,TP-094
Tai Po Riverside Interceptor Gauge,114.1704,22.4528,2026-03-24 07:45:00,0.6,Tai Po Riverside Interceptor,TP-094
Tai Po Riverside Interceptor Gauge,114.1704,22.4528,2026-03-24 07:50:00,0.4,Tai Po Riverside Interceptor,TP-094
Tai Po Riverside Interceptor Gauge,114.1704,22.4528,2026-03-24 07:55:00,0.2,Tai Po Riverside Interceptor,TP-094
Aberdeen Preliminary Treatment Gauge,114.1549,22.2477,2026-03-24 00:00:00,0.1,Aberdeen PTW,AB-031
Aberdeen Preliminary Treatment Gauge,114.1549,22.2477,2026-03-24 00:05:00,0.0,Aberdeen PTW,AB-031
Aberdeen Preliminary Treatment Gauge,114.1549,22.2477,2026-03-24 00:10:00,0.3,Aberdeen PTW,AB-031
Aberdeen Preliminary Treatment Gauge,114.1549,22.2477,2026-03-24 00:15:00,0.2,Aberdeen PTW,AB-031
Aberdeen Preliminary Treatment Gauge,114.1549,22.2477,2026-03-24 00:20:00,0.0,Aberdeen PTW,AB-031
Aberdeen Preliminary Treatment Gauge,114.1549,22.2477,2026-03-24 00:25:00,0.1,Aberdeen PTW,AB-031
Aberdeen Preliminary Treatment Gauge,114.1549,22.2477,2026-03-24 00:30:00,0.4,Aberdeen PTW,AB-031
Aberdeen Preliminary Treatment Gauge,114.1549,22.2477,2026-03-24 00:35:00,0.3,Aberdeen PTW,AB-031
Aberdeen Preliminary Treatment Gauge,114.1549,22.2477,2026-03-24 00:40:00,0.1,Aberdeen PTW,AB-031
Aberdeen Preliminary Treatment Gauge,114.1549,22.2477,2026-03-24 00:45:00,0.4,Aberdeen PTW,AB-031
Aberdeen Preliminary Treatment Gauge,114.1549,22.2477,2026-03-24 00:50:00,0.3,Aberdeen PTW,AB-031
Aberdeen Preliminary Treatment Gauge,114.1549,22.2477,2026-03-24 00:55:00,0.3,Aberdeen PTW,AB-031
Aberdeen Preliminary Treatment Gauge,114.1549,22.2477,2026-03-24 01:00:00,0.3,Aberdeen PTW,AB-031
Aberdeen Preliminary Treatment Gauge,114.1549,22.2477,2026-03-24 01:05:00,0.3,Aberdeen PTW,AB-031
Aberdeen Preliminary Treatment Gauge,114.1549,22.2477,2026-03-24 01:10:00,0.4,Aberdeen PTW,AB-031
Aberdeen Preliminary Treatment Gauge,114.1549,22.2477,2026-03-24 01:15:00,0.3,Aberdeen PTW,AB-031
Aberdeen Preliminary Treatment Gauge,114.1549,22.2477,2026-03-24 01:20:00,0.3,Aberdeen PTW,AB-031
Aberdeen Preliminary Treatment Gauge,114.1549,22.2477,2026-03-24 01:25:00,0.2,Aberdeen PTW,AB-031
Aberdeen Preliminary Treatment Gauge,114.1549,22.2477,2026-03-24 01:30:00,0.5,Aberdeen PTW,AB-031
Aberdeen Preliminary Treatment Gauge,114.1549,22.2477,2026-03-24 01:35:00,0.9,Aberdeen PTW,AB-031
Aberdeen Preliminary Treatment Gauge,114.1549,22.2477,2026-03-24 01:40:00,1.4,Aberdeen PTW,AB-031
Aberdeen Preliminary Treatment Gauge,114.1549,22.2477,2026-03-24 01:45:00,1.6,Aberdeen PTW,AB-031
Aberdeen Preliminary Treatment Gauge,114.1549,22.2477,2026-03-24 01:50:00,1.8,Aberdeen PTW,AB-031
Aberdeen Preliminary Treatment Gauge,114.1549,22.2477,2026-03-24 01:55:00,1.6,Aberdeen PTW,AB-031
Aberdeen Preliminary Treatment Gauge,114.1549,22.2477,2026-03-24 02:00:00,2.5,Aberdeen PTW,AB-031
Aberdeen Preliminary Treatment Gauge,114.1549,22.2477,2026-03-24 02:05:00,2.5,Aberdeen PTW,AB-031
Aberdeen Preliminary Treatment Gauge,114.1549,22.2477,2026-03-24 02:10:00,2.6,Aberdeen PTW,AB-031
Aberdeen Preliminary Treatment Gauge,114.1549,22.2477,2026-03-24 02:15:00,2.7,Aberdeen PTW,AB-031
Aberdeen Preliminary Treatment Gauge,114.1549,22.2477,2026-03-24 02:20:00,3.0,Aberdeen PTW,AB-031
Aberdeen Preliminary Treatment Gauge,114.1549,22.2477,2026-03-24 02:25:00,2.8,Aberdeen PTW,AB-031
Aberdeen Preliminary Treatment Gauge,114.1549,22.2477,2026-03-24 02:30:00,3.2,Aberdeen PTW,AB-031
Aberdeen Preliminary Treatment Gauge,114.1549,22.2477,2026-03-24 02:35:00,3.2,Aberdeen PTW,AB-031
Aberdeen Preliminary Treatment Gauge,114.1549,22.2477,2026-03-24 02:40:00,2.8,Aberdeen PTW,AB-031
Aberdeen Preliminary Treatment Gauge,114.1549,22.2477,2026-03-24 02:45:00,2.8,Aberdeen PTW,AB-031
Aberdeen Preliminary Treatment Gauge,114.1549,22.2477,2026-03-24 02:50:00,2.9,Aberdeen PTW,AB-031
Aberdeen Preliminary Treatment Gauge,114.1549,22.2477,2026-03-24 02:55:00,2.2,Aberdeen PTW,AB-031
Aberdeen Preliminary Treatment Gauge,114.1549,22.2477,2026-03-24 03:00:00,2.4,Aberdeen PTW,AB-031
Aberdeen Preliminary Treatment Gauge,114.1549,22.2477,2026-03-24 03:05:00,2.1,Aberdeen PTW,AB-031
Aberdeen Preliminary Treatment Gauge,114.1549,22.2477,2026-03-24 03:10:00,2.0,Aberdeen PTW,AB-031
Aberdeen Preliminary Treatment Gauge,114.1549,22.2477,2026-03-24 03:15:00,1.7,Aberdeen PTW,AB-031
Aberdeen Preliminary Treatment Gauge,114.1549,22.2477,2026-03-24 03:20:00,1.0,Aberdeen PTW,AB-031
Aberdeen Preliminary Treatment Gauge,114.1549,22.2477,2026-03-24 03:25:00,1.3,Aberdeen PTW,AB-031
Aberdeen Preliminary Treatment Gauge,114.1549,22.2477,2026-03-24 03:30:00,1.0,Aberdeen PTW,AB-031
Aberdeen Preliminary Treatment Gauge,114.1549,22.2477,2026-03-24 03:35:00,1.2,Aberdeen PTW,AB-031
Aberdeen Preliminary Treatment Gauge,114.1549,22.2477,2026-03-24 03:40:00,0.4,Aberdeen PTW,AB-031
Aberdeen Preliminary Treatment Gauge,114.1549,22.2477,2026-03-24 03:45:00,0.6,Aberdeen PTW,AB-031
Aberdeen Preliminary Treatment Gauge,114.1549,22.2477,2026-03-24 03:50:00,0.7,Aberdeen PTW,AB-031
Aberdeen Preliminary Treatment Gauge,114.1549,22.2477,2026-03-24 03:55:00,1.5,Aberdeen PTW,AB-031
Aberdeen Preliminary Treatment Gauge,114.1549,22.2477,2026-03-24 04:00:00,1.1,Aberdeen PTW,AB-031
Aberdeen Preliminary Treatment Gauge,114.1549,22.2477,2026-03-24 04:05:00,1.3,Aberdeen PTW,AB-031
Aberdeen Preliminary Treatment Gauge,114.1549,22.2477,2026-03-24 04:10:00,2.1,Aberdeen PTW,AB-031
Aberdeen Preliminary Treatment Gauge,114.1549,22.2477,2026-03-24 04:15:00,2.5,Aberdeen PTW,AB-031
Aberdeen Preliminary Treatment Gauge,114.1549,22.2477,2026-03-24 04:20:00,2.8,Aberdeen PTW,AB-031
Aberdeen Preliminary Treatment Gauge,114.1549,22.2477,2026-03-24 04:25:00,3.0,Aberdeen PTW,AB-031
Aberdeen Preliminary Treatment Gauge,114.1549,22.2477,2026-03-24 04:30:00,4.1,Aberdeen PTW,AB-031
Aberdeen Preliminary Treatment Gauge,114.1549,22.2477,2026-03-24 04:35:00,4.1,Aberdeen PTW,AB-031
Aberdeen Preliminary Treatment Gauge,114.1549,22.2477,2026-03-24 04:40:00,4.4,Aberdeen PTW,AB-031
Aberdeen Preliminary Treatment Gauge,114.1549,22.2477,2026-03-24 04:45:00,5.4,Aberdeen PTW,AB-031
Aberdeen Preliminary Treatment Gauge,114.1549,22.2477,2026-03-24 04:50:00,5.0,Aberdeen PTW,AB-031
Aberdeen Preliminary Treatment Gauge,114.1549,22.2477,2026-03-24 04:55:00,4.6,Aberdeen PTW,AB-031
Aberdeen Preliminary Treatment Gauge,114.1549,22.2477,2026-03-24 05:00:00,5.0,Aberdeen PTW,AB-031
Aberdeen Preliminary Treatment Gauge,114.1549,22.2477,2026-03-24 05:05:00,4.4,Aberdeen PTW,AB-031
Aberdeen Preliminary Treatment Gauge,114.1549,22.2477,2026-03-24 05:10:00,4.0,Aberdeen PTW,AB-031
Aberdeen Preliminary Treatment Gauge,114.1549,22.2477,2026-03-24 05:15:00,3.5,Aberdeen PTW,AB-031
Aberdeen Preliminary Treatment Gauge,114.1549,22.2477,2026-03-24 05:20:00,3.4,Aberdeen PTW,AB-031
Aberdeen Preliminary Treatment Gauge,114.1549,22.2477,2026-03-24 05:25:00,2.7,Aberdeen PTW,AB-031
Aberdeen Preliminary Treatment Gauge,114.1549,22.2477,2026-03-24 05:30:00,2.7,Aberdeen PTW,AB-031
Aberdeen Preliminary Treatment Gauge,114.1549,22.2477,2026-03-24 05:35:00,2.5,Aberdeen PTW,AB-031
Aberdeen Preliminary Treatment Gauge,114.1549,22.2477,2026-03-24 05:40:00,2.0,Aberdeen PTW,AB-031
Aberdeen Preliminary Treatment Gauge,114.1549,22.2477,2026-03-24 05:45:00,2.1,Aberdeen PTW,AB-031
Aberdeen Preliminary Treatment Gauge,114.1549,22.2477,2026-03-24 05:50:00,1.6,Aberdeen PTW,AB-031
Aberdeen Preliminary Treatment Gauge,114.1549,22.2477,2026-03-24 05:55:00,1.6,Aberdeen PTW,AB-031
Aberdeen Preliminary Treatment Gauge,114.1549,22.2477,2026-03-24 06:00:00,1.4,Aberdeen PTW,AB-031
Aberdeen Preliminary Treatment Gauge,114.1549,22.2477,2026-03-24 06:05:00,1.9,Aberdeen PTW,AB-031
Aberdeen Preliminary Treatment Gauge,114.1549,22.2477,2026-03-24 06:10:00,2.1,Aberdeen PTW,AB-031
Aberdeen Preliminary Treatment Gauge,114.1549,22.2477,2026-03-24 06:15:00,1.6,Aberdeen PTW,AB-031
Aberdeen Preliminary Treatment Gauge,114.1549,22.2477,2026-03-24 06:20:00,2.0,Aberdeen PTW,AB-031
Aberdeen Preliminary Treatment Gauge,114.1549,22.2477,2026-03-24 06:25:00,1.7,Aberdeen PTW,AB-031
Aberdeen Preliminary Treatment Gauge,114.1549,22.2477,2026-03-24 06:30:00,1.8,Aberdeen PTW,AB-031
Aberdeen Preliminary Treatment Gauge,114.1549,22.2477,2026-03-24 06:35:00,2.0,Aberdeen PTW,AB-031
Aberdeen Preliminary Treatment Gauge,114.1549,22.2477,2026-03-24 06:40:00,2.1,Aberdeen PTW,AB-031
Aberdeen Preliminary Treatment Gauge,114.1549,22.2477,2026-03-24 06:45:00,2.2,Aberdeen PTW,AB-031
Aberdeen Preliminary Treatment Gauge,114.1549,22.2477,2026-03-24 06:50:00,1.8,Aberdeen PTW,AB-031
Aberdeen Preliminary Treatment Gauge,114.1549,22.2477,2026-03-24 06:55:00,1.6,Aberdeen PTW,AB-031
Aberdeen Preliminary Treatment Gauge,114.1549,22.2477,2026-03-24 07:00:00,1.5,Aberdeen PTW,AB-031
Aberdeen Preliminary Treatment Gauge,114.1549,22.2477,2026-03-24 07:05:00,1.4,Aberdeen PTW,AB-031
Aberdeen Preliminary Treatment Gauge,114.1549,22.2477,2026-03-24 07:10:00,1.3,Aberdeen PTW,AB-031
Aberdeen Preliminary Treatment Gauge,114.1549,22.2477,2026-03-24 07:15:00,0.9,Aberdeen PTW,AB-031
Aberdeen Preliminary Treatment Gauge,114.1549,22.2477,2026-03-24 07:20:00,0.7,Aberdeen PTW,AB-031
Aberdeen Preliminary Treatment Gauge,114.1549,22.2477,2026-03-24 07:25:00,0.6,Aberdeen PTW,AB-031
Aberdeen Preliminary Treatment Gauge,114.1549,22.2477,2026-03-24 07:30:00,0.6,Aberdeen PTW,AB-031
Aberdeen Preliminary Treatment Gauge,114.1549,22.2477,2026-03-24 07:35:00,0.9,Aberdeen PTW,AB-031
Aberdeen Preliminary Treatment Gauge,114.1549,22.2477,2026-03-24 07:40:00,0.8,Aberdeen PTW,AB-031
Aberdeen Preliminary Treatment Gauge,114.1549,22.2477,2026-03-24 07:45:00,0.4,Aberdeen PTW,AB-031
Aberdeen Preliminary Treatment Gauge,114.1549,22.2477,2026-03-24 07:50:00,0.3,Aberdeen PTW,AB-031
Aberdeen Preliminary Treatment Gauge,114.1549,22.2477,2026-03-24 07:55:00,0.9,Aberdeen PTW,AB-031
Chai Wan Trunk Sewer Gauge 1,114.2438,22.2656,2026-03-24 00:00:00,0.0,Chai Wan Trunk Sewer,CW-118
Chai Wan Trunk Sewer Gauge 1,114.2438,22.2656,2026-03-24 00:05:00,0.1,Chai Wan Trunk Sewer,CW-118
Chai Wan Trunk Sewer Gauge 1,114.2438,22.2656,2026-03-24 00:10:00,0.0,Chai Wan Trunk Sewer,CW-118
Chai Wan Trunk Sewer Gauge 1,114.2438,22.2656,2026-03-24 00:15:00,0.3,Chai Wan Trunk Sewer,CW-118
Chai Wan Trunk Sewer Gauge 1,114.2438,22.2656,2026-03-24 00:20:00,0.6,Chai Wan Trunk Sewer,CW-118
Chai Wan Trunk Sewer Gauge 1,114.2438,22.2656,2026-03-24 00:25:00,0.2,Chai Wan Trunk Sewer,CW-118
Chai Wan Trunk Sewer Gauge 1,114.2438,22.2656,2026-03-24 00:30:00,0.2,Chai Wan Trunk Sewer,CW-118
Chai Wan Trunk Sewer Gauge 1,114.2438,22.2656,2026-03-24 00:35:00,0.0,Chai Wan Trunk Sewer,CW-118
Chai Wan Trunk Sewer Gauge 1,114.2438,22.2656,2026-03-24 00:40:00,0.0,Chai Wan Trunk Sewer,CW-118
Chai Wan Trunk Sewer Gauge 1,114.2438,22.2656,2026-03-24 00:45:00,0.0,Chai Wan Trunk Sewer,CW-118
Chai Wan Trunk Sewer Gauge 1,114.2438,22.2656,2026-03-24 00:50:00,0.3,Chai Wan Trunk Sewer,CW-118
Chai Wan Trunk Sewer Gauge 1,114.2438,22.2656,2026-03-24 00:55:00,0.6,Chai Wan Trunk Sewer,CW-118
Chai Wan Trunk Sewer Gauge 1,114.2438,22.2656,2026-03-24 01:00:00,0.0,Chai Wan Trunk Sewer,CW-118
Chai Wan Trunk Sewer Gauge 1,114.2438,22.2656,2026-03-24 01:05:00,0.8,Chai Wan Trunk Sewer,CW-118
Chai Wan Trunk Sewer Gauge 1,114.2438,22.2656,2026-03-24 01:10:00,0.2,Chai Wan Trunk Sewer,CW-118
Chai Wan Trunk Sewer Gauge 1,114.2438,22.2656,2026-03-24 01:15:00,0.4,Chai Wan Trunk Sewer,CW-118
Chai Wan Trunk Sewer Gauge 1,114.2438,22.2656,2026-03-24 01:20:00,0.3,Chai Wan Trunk Sewer,CW-118
Chai Wan Trunk Sewer Gauge 1,114.2438,22.2656,2026-03-24 01:25:00,0.7,Chai Wan Trunk Sewer,CW-118
Chai Wan Trunk Sewer Gauge 1,114.2438,22.2656,2026-03-24 01:30:00,0.6,Chai Wan Trunk Sewer,CW-118
Chai Wan Trunk Sewer Gauge 1,114.2438,22.2656,2026-03-24 01:35:00,0.9,Chai Wan Trunk Sewer,CW-118
Chai Wan Trunk Sewer Gauge 1,114.2438,22.2656,2026-03-24 01:40:00,1.2,Chai Wan Trunk Sewer,CW-118
Chai Wan Trunk Sewer Gauge 1,114.2438,22.2656,2026-03-24 01:45:00,1.2,Chai Wan Trunk Sewer,CW-118
Chai Wan Trunk Sewer Gauge 1,114.2438,22.2656,2026-03-24 01:50:00,1.8,Chai Wan Trunk Sewer,CW-118
Chai Wan Trunk Sewer Gauge 1,114.2438,22.2656,2026-03-24 01:55:00,1.7,Chai Wan Trunk Sewer,CW-118
Chai Wan Trunk Sewer Gauge 1,114.2438,22.2656,2026-03-24 02:00:00,2.1,Chai Wan Trunk Sewer,CW-118
Chai Wan Trunk Sewer Gauge 1,114.2438,22.2656,2026-03-24 02:05:00,1.8,Chai Wan Trunk Sewer,CW-118
Chai Wan Trunk Sewer Gauge 1,114.2438,22.2656,2026-03-24 02:10:00,2.4,Chai Wan Trunk Sewer,CW-118
Chai Wan Trunk Sewer Gauge 1,114.2438,22.2656,2026-03-24 02:15:00,2.4,Chai Wan Trunk Sewer,CW-118
Chai Wan Trunk Sewer Gauge 1,114.2438,22.2656,2026-03-24 02:20:00,2.7,Chai Wan Trunk Sewer,CW-118
Chai Wan Trunk Sewer Gauge 1,114.2438,22.2656,2026-03-24 02:25:00,2.8,Chai Wan Trunk Sewer,CW-118
Chai Wan Trunk Sewer Gauge 1,114.2438,22.2656,2026-03-24 02:30:00,2.8,Chai Wan Trunk Sewer,CW-118
Chai Wan Trunk Sewer Gauge 1,114.2438,22.2656,2026-03-24 02:35:00,3.2,Chai Wan Trunk Sewer,CW-118
Chai Wan Trunk Sewer Gauge 1,114.2438,22.2656,2026-03-24 02:40:00,2.5,Chai Wan Trunk Sewer,CW-118
Chai Wan Trunk Sewer Gauge 1,114.2438,22.2656,2026-03-24 02:45:00,2.2,Chai Wan Trunk Sewer,CW-118
Chai Wan Trunk Sewer Gauge 1,114.2438,22.2656,2026-03-24 02:50:00,1.9,Chai Wan Trunk Sewer,CW-118
Chai Wan Trunk Sewer Gauge 1,114.2438,22.2656,2026-03-24 02:55:00,2.6,Chai Wan Trunk Sewer,CW-118
Chai Wan Trunk Sewer Gauge 1,114.2438,22.2656,2026-03-24 03:00:00,1.3,Chai Wan Trunk Sewer,CW-118
Chai Wan Trunk Sewer Gauge 1,114.2438,22.2656,2026-03-24 03:05:00,1.8,Chai Wan Trunk Sewer,CW-118
Chai Wan Trunk Sewer Gauge 1,114.2438,22.2656,2026-03-24 03:10:00,1.2,Chai Wan Trunk Sewer,CW-118
Chai Wan Trunk Sewer Gauge 1,114.2438,22.2656,2026-03-24 03:15:00,1.0,Chai Wan Trunk Sewer,CW-118
Chai Wan Trunk Sewer Gauge 1,114.2438,22.2656,2026-03-24 03:20:00,1.5,Chai Wan Trunk Sewer,CW-118
Chai Wan Trunk Sewer Gauge 1,114.2438,22.2656,2026-03-24 03:25:00,0.9,Chai Wan Trunk Sewer,CW-118
Chai Wan Trunk Sewer Gauge 1,114.2438,22.2656,2026-03-24 03:30:00,0.9,Chai Wan Trunk Sewer,CW-118
Chai Wan Trunk Sewer Gauge 1,114.2438,22.2656,2026-03-24 03:35:00,0.8,Chai Wan Trunk Sewer,CW-118
Chai Wan Trunk Sewer Gauge 1,114.2438,22.2656,2026-03-24 03:40:00,1.0,Chai Wan Trunk Sewer,CW-118
Chai Wan Trunk Sewer Gauge 1,114.2438,22.2656,2026-03-24 03:45:00,0.7,Chai Wan Trunk Sewer,CW-118
Chai Wan Trunk Sewer Gauge 1,114.2438,22.2656,2026-03-24 03:50:00,0.7,Chai Wan Trunk Sewer,CW-118
Chai Wan Trunk Sewer Gauge 1,114.2438,22.2656,2026-03-24 03:55:00,0.4,Chai Wan Trunk Sewer,CW-118
Chai Wan Trunk Sewer Gauge 1,114.2438,22.2656,2026-03-24 04:00:00,1.1,Chai Wan Trunk Sewer,CW-118
Chai Wan Trunk Sewer Gauge 1,114.2438,22.2656,2026-03-24 04:05:00,1.5,Chai Wan Trunk Sewer,CW-118
Chai Wan Trunk Sewer Gauge 1,114.2438,22.2656,2026-03-24 04:10:00,2.0,Chai Wan Trunk Sewer,CW-118
Chai Wan Trunk Sewer Gauge 1,114.2438,22.2656,2026-03-24 04:15:00,1.9,Chai Wan Trunk Sewer,CW-118
Chai Wan Trunk Sewer Gauge 1,114.2438,22.2656,2026-03-24 04:20:00,2.4,Chai Wan Trunk Sewer,CW-118
Chai Wan Trunk Sewer Gauge 1,114.2438,22.2656,2026-03-24 04:25:00,2.9,Chai Wan Trunk Sewer,CW-118
Chai Wan Trunk Sewer Gauge 1,114.2438,22.2656,2026-03-24 04:30:00,3.1,Chai Wan Trunk Sewer,CW-118
Chai Wan Trunk Sewer Gauge 1,114.2438,22.2656,2026-03-24 04:35:00,3.2,Chai Wan Trunk Sewer,CW-118
Chai Wan Trunk Sewer Gauge 1,114.2438,22.2656,2026-03-24 04:40:00,4.1,Chai Wan Trunk Sewer,CW-118
Chai Wan Trunk Sewer Gauge 1,114.2438,22.2656,2026-03-24 04:45:00,4.6,Chai Wan Trunk Sewer,CW-118
Chai Wan Trunk Sewer Gauge 1,114.2438,22.2656,2026-03-24 04:50:00,4.7,Chai Wan Trunk Sewer,CW-118
Chai Wan Trunk Sewer Gauge 1,114.2438,22.2656,2026-03-24 04:55:00,4.5,Chai Wan Trunk Sewer,CW-118
Chai Wan Trunk Sewer Gauge 1,114.2438,22.2656,2026-03-24 05:00:00,4.0,Chai Wan Trunk Sewer,CW-118
Chai Wan Trunk Sewer Gauge 1,114.2438,22.2656,2026-03-24 05:05:00,3.8,Chai Wan Trunk Sewer,CW-118
Chai Wan Trunk Sewer Gauge 1,114.2438,22.2656,2026-03-24 05:10:00,3.9,Chai Wan Trunk Sewer,CW-118
Chai Wan Trunk Sewer Gauge 1,114.2438,22.2656,2026-03-24 05:15:00,3.0,Chai Wan Trunk Sewer,CW-118
Chai Wan Trunk Sewer Gauge 1,114.2438,22.2656,2026-03-24 05:20:00,3.2,Chai Wan Trunk Sewer,CW-118
Chai Wan Trunk Sewer Gauge 1,114.2438,22.2656,2026-03-24 05:25:00,2.3,Chai Wan Trunk Sewer,CW-118
Chai Wan Trunk Sewer Gauge 1,114.2438,22.2656,2026-03-24 05:30:00,2.3,Chai Wan Trunk Sewer,CW-118
Chai Wan Trunk Sewer Gauge 1,114.2438,22.2656,2026-03-24 05:35:00,2.1,Chai Wan Trunk Sewer,CW-118
Chai Wan Trunk Sewer Gauge 1,114.2438,22.2656,2026-03-24 05:40:00,1.7,Chai Wan Trunk Sewer,CW-118
Chai Wan Trunk Sewer Gauge 1,114.2438,22.2656,2026-03-24 05:45:00,1.8,Chai Wan Trunk Sewer,CW-118
Chai Wan Trunk Sewer Gauge 1,114.2438,22.2656,2026-03-24 05:50:00,1.7,Chai Wan Trunk Sewer,CW-118
Chai Wan Trunk Sewer Gauge 1,114.2438,22.2656,2026-03-24 05:55:00,1.3,Chai Wan Trunk Sewer,CW-118
Chai Wan Trunk Sewer Gauge 1,114.2438,22.2656,2026-03-24 06:00:00,1.4,Chai Wan Trunk Sewer,CW-118
Chai Wan Trunk Sewer Gauge 1,114.2438,22.2656,2026-03-24 06:05:00,1.4,Chai Wan Trunk Sewer,CW-118
Chai Wan Trunk Sewer Gauge 1,114.2438,22.2656,2026-03-24 06:10:00,2.0,Chai Wan Trunk Sewer,CW-118
Chai Wan Trunk Sewer Gauge 1,114.2438,22.2656,2026-03-24 06:15:00,1.7,Chai Wan Trunk Sewer,CW-118
Chai Wan Trunk Sewer Gauge 1,114.2438,22.2656,2026-03-24 06:20:00,1.7,Chai Wan Trunk Sewer,CW-118
Chai Wan Trunk Sewer Gauge 1,114.2438,22.2656,2026-03-24 06:25:00,1.3,Chai Wan Trunk Sewer,CW-118
Chai Wan Trunk Sewer Gauge 1,114.2438,22.2656,2026-03-24 06:30:00,1.5,Chai Wan Trunk Sewer,CW-118
Chai Wan Trunk Sewer Gauge 1,114.2438,22.2656,2026-03-24 06:35:00,1.7,Chai Wan Trunk Sewer,CW-118
Chai Wan Trunk Sewer Gauge 1,114.2438,22.2656,2026-03-24 06:40:00,1.9,Chai Wan Trunk Sewer,CW-118
Chai Wan Trunk Sewer Gauge 1,114.2438,22.2656,2026-03-24 06:45:00,1.7,Chai Wan Trunk Sewer,CW-118
Chai Wan Trunk Sewer Gauge 1,114.2438,22.2656,2026-03-24 06:50:00,1.4,Chai Wan Trunk Sewer,CW-118
Chai Wan Trunk Sewer Gauge 1,114.2438,22.2656,2026-03-24 06:55:00,1.6,Chai Wan Trunk Sewer,CW-118
Chai Wan Trunk Sewer Gauge 1,114.2438,22.2656,2026-03-24 07:00:00,1.5,Chai Wan Trunk Sewer,CW-118
Chai Wan Trunk Sewer Gauge 1,114.2438,22.2656,2026-03-24 07:05:00,0.8,Chai Wan Trunk Sewer,CW-118
Chai Wan Trunk Sewer Gauge 1,114.2438,22.2656,2026-03-24 07:10:00,0.9,Chai Wan Trunk Sewer,CW-118
Chai Wan Trunk Sewer Gauge 1,114.2438,22.2656,2026-03-24 07:15:00,1.5,Chai Wan Trunk Sewer,CW-118
Chai Wan Trunk Sewer Gauge 1,114.2438,22.2656,2026-03-24 07:20:00,1.0,Chai Wan Trunk Sewer,CW-118
Chai Wan Trunk Sewer Gauge 1,114.2438,22.2656,2026-03-24 07:25:00,0.5,Chai Wan Trunk Sewer,CW-118
Chai Wan Trunk Sewer Gauge 1,114.2438,22.2656,2026-03-24 07:30:00,0.8,Chai Wan Trunk Sewer,CW-118
Chai Wan Trunk Sewer Gauge 1,114.2438,22.2656,2026-03-24 07:35:00,0.6,Chai Wan Trunk Sewer,CW-118
Chai Wan Trunk Sewer Gauge 1,114.2438,22.2656,2026-03-24 07:40:00,0.4,Chai Wan Trunk Sewer,CW-118
Chai Wan Trunk Sewer Gauge 1,114.2438,22.2656,2026-03-24 07:45:00,0.3,Chai Wan Trunk Sewer,CW-118
Chai Wan Trunk Sewer Gauge 1,114.2438,22.2656,2026-03-24 07:50:00,0.4,Chai Wan Trunk Sewer,CW-118
Chai Wan Trunk Sewer Gauge 1,114.2438,22.2656,2026-03-24 07:55:00,0.0,Chai Wan Trunk Sewer,CW-118
